<?xml version="1.0" encoding="UTF-8"?>
<COLLADA xmlns="http://www.collada.org/2005/11/COLLADASchema" version="1.4.1">
<!--
# File generated by ImageToStl.com - Free Image and 3D model conversion tools
-->
  <asset>
    <contributor>
      <author>ImageToStl.com</author>
      <authoring_tool>ImageToStl.com</authoring_tool>
    </contributor>
    <created>2024-10-03T09:14:25</created>
    <modified>2024-10-03T09:14:25</modified>
    <up_axis>Y_UP</up_axis>
  </asset>
  <library_images>
    <image id="Material_0_baseColor_png" name="Material_0_baseColor_png">
      <init_from>Material_0_baseColor.png</init_from>
    </image>
    <image id="Material_0_metallicRoughness_png" name="Material_0_metallicRoughness_png">
      <init_from>Material_0_metallicRoughness.png</init_from>
    </image>
  </library_images>
  <library_effects>
    <effect id="effect_0">
        <profile_COMMON>
          <newparam sid="Material_0_baseColor_png-surface">
            <surface type="2D">
              <init_from>Material_0_baseColor_png</init_from>
            </surface>
          </newparam>
          <newparam sid="Material_0_baseColor_png-sampler">
            <sampler2D>
              <source>Material_0_baseColor_png-surface</source>
            </sampler2D>
          </newparam>
          <technique sid="common">
            <phong>
              <diffuse>
                <color>1 1 1 1</color>
                <texture texture="Material_0_baseColor_png-sampler" texcoord="UVMap"/>
              </diffuse>
              <specular>
                <color>0.04 0.04 0.04 1</color>
              </specular>
              <shininess>
                <float>46.85821</float>
              </shininess>
              <transparency>
                <float>0.9601</float>
              </transparency>
            </phong>
          </technique>
        </profile_COMMON>
    </effect>
  </library_effects>
  <library_materials>
    <material id="mat_0">
      <instance_effect url="#effect_0"/>
    </material>
  </library_materials>
  <library_geometries>
    <geometry id="geometry_8ab1d156_57e5_48e7_9488_1383fd5783a6">
      <mesh>
        <source id="pos_0">
          <float_array id="pos_0-array" count="16212">-0.01112703 0.0072225 0.03803575 -0.01092573 0.0070357 0.03755614 -0.01106844 0.00639242 0.03804998 -0.01087896 0.00635638 0.03810665 -0.01059797 0.00700284 0.03765502 -0.01067232 0.00718437 0.03817197 -0.01087896 0.00635638 0.03810665 -0.01102009 0.00632332 0.03821754 -0.01059797 0.00700284 0.03765502 -0.01109383 0.00779389 0.0379419 -0.01083053 0.00752536 0.03730593 -0.01089402 0.00782779 0.03826253 -0.010965 0.00724278 0.03832189 -0.01009824 0.0098994 0.03733257 -0.01054336 0.00950491 0.03768121 -0.0102347 0.00936431 0.03756443 -0.01039447 0.01005111 0.03744142 -0.00999948 0.00955412 0.03668007 -0.01012251 0.00904298 0.03687698 -0.00929337 0.01242122 0.0346248 -0.00933493 0.0117537 0.03537386 -0.00959379 0.01178462 0.03528793 -0.00906126 0.01239055 0.03470018 -0.0089395 0.01323432 0.03368133 -0.00836924 0.01389579 0.03268272 -0.00853065 0.01379697 0.03259382 -0.00878786 0.01335049 0.03379598 -0.00362962 0.01870914 0.01888094 -0.00335095 0.01899361 0.01805187 -0.00329862 0.01863642 0.01897708 -0.0030102 0.01891647 0.01815142 -0.00338494 0.01928363 0.01811053 -0.0030965 0.0192307 0.01733863 -0.00312564 0.01952522 0.01738427 -0.00286161 0.01961447 0.01749103 -0.00312434 0.01937173 0.01822245 -0.00196395 0.02010661 0.01488435 -0.0015873 0.01988974 0.01446879 -0.00180387 0.02010445 0.01438304 -0.00174925 0.01989628 0.0149584 -0.00143696 0.01947294 0.01349907 -0.00113002 0.01967401 0.01305028 -0.00127169 0.0197635 0.01348999 -0.00130922 0.01937873 0.01308457 -0.00138918 0.01897605 0.01173887 -0.00079334 0.01834917 0.01101772 -0.00098156 0.018884 0.01189369 -0.00115089 0.01842796 0.01088089 -0.00110756 0.01866955 0.01069562 -0.00135311 0.01929085 0.0115729 -0.00100265 0.01938238 0.01161142 -0.00079712 0.01874155 0.01070941 -0.00060734 0.01856258 0.01088335 -0.00077742 0.01916247 0.01179086 -0.00098156 0.018884 0.01189369 -0.00079334 0.01834917 0.01101772 -0.00149588 0.01998801 0.01337874 -0.00135817 0.01990326 0.01291878 -0.00209505 0.02000798 0.01430222 -0.00224589 0.02001207 0.01479862 -0.00275495 0.01915229 0.01744021 -0.00290163 0.01917436 0.01825166 -0.00329862 0.01863642 0.01897708 -0.0030102 0.01891647 0.01815142 -0.00319614 0.01888821 0.01907683 -0.00341295 0.01908013 0.01905063 -0.00848646 0.0135962 0.03252202 -0.00888991 0.01300871 0.03357341 -0.00906126 0.01239055 0.03470018 -0.00934051 0.0120412 0.03566497 -0.00933493 0.0117537 0.03537386 -0.00904497 0.01263666 0.03486925 -0.01045498 0.00748546 0.03742308 -0.010557 0.00774223 0.03810913 -0.01045498 0.00748546 0.03742308 -0.01037325 0.00960398 0.03656065 -0.01012251 0.00904298 0.03687698 -0.0105071 0.00909621 0.03675513 -0.00999948 0.00955412 0.03668007 -0.01074709 0.00942772 0.03737651 -0.01059557 0.00995885 0.03714858 -0.00968665 0.0120805 0.03554523 -0.00934835 0.01267167 0.03476883 -0.00953382 0.01221345 0.03572879 -0.00920649 0.01280519 0.03490922 -0.00865711 0.01297911 0.03364208 -0.00825296 0.01356767 0.03258396 -0.00821129 0.01375837 0.03267875 -0.00862813 0.01319752 0.03377401 -0.00366454 0.01899104 0.01894081 -0.00264095 0.0194142 0.0175284 -0.00275495 0.01915229 0.01744021 -0.00173339 0.01961016 0.01444795 -0.00223736 0.01970426 0.01481033 -0.00209196 0.01969463 0.01433045 -0.00188687 0.01962173 0.01492296 -0.00170347 0.01947085 0.01294613 -0.00181028 0.0198882 0.0133067 -0.00168776 0.01980288 0.01285432 -0.00181789 0.01956231 0.01336954 -0.00865711 0.01297911 0.03364208 -0.00825296 0.01356767 0.03258396 -0.00130922 0.01937873 0.01308457 -0.00143696 0.01947294 0.01349907 -0.00188687 0.01962173 0.01492296 -0.00173339 0.01961016 0.01444795 -0.00119015 0.01924852 0.01267914 -0.00087786 0.0193753 0.01219763 -0.00099894 0.01954416 0.01262 -0.00107893 0.01908326 0.01228038 -0.00149067 0.01917776 0.01212759 -0.00107893 0.01908326 0.01228038 -0.00159466 0.01934235 0.01253289 -0.00119015 0.01924852 0.01267914 -0.00157129 0.0196756 0.01241305 -0.00146028 0.01950772 0.01198169 -0.00122936 0.01977487 0.01246946 -0.00110895 0.01960449 0.01202979 -0.00142739 0.01984667 0.01397743 -0.00158267 0.01956178 0.01397132 -0.0019514 0.01964849 0.0138482 -0.00158267 0.01956178 0.01397132 -0.00194911 0.0199678 0.01380307 -0.00164712 0.02006615 0.01387938 -0.00210702 0.0198039 0.0160254 -0.0024646 0.01938213 0.01662673 -0.0022312 0.01953683 0.01596273 -0.00234562 0.01964665 0.01670224 -0.00257324 0.0196168 0.01585707 -0.0024646 0.01938213 0.01662673 -0.00280601 0.01946131 0.01652327 -0.0022312 0.01953683 0.01596273 -0.00283013 0.0197586 0.01655537 -0.00259229 0.01991672 0.01587537 -0.00232248 0.02000797 0.01597128 -0.00256348 0.0198488 0.01665664 -0.00972898 0.01053124 0.03621215 -0.00994484 0.0104094 0.03706072 -0.00986591 0.01005215 0.03645838 -0.00978439 0.01088628 0.03673972 -0.01005908 0.01057082 0.03610306 -0.00986591 0.01005215 0.03645838 -0.01022118 0.010097 0.03634292 -0.00972898 0.01053124 0.03621215 -0.0104232 0.01046538 0.03688517 -0.0102327 0.01093812 0.03657705 -0.01004547 0.01105475 0.03683269 -0.01022671 0.01057116 0.03716254 -0.01034802 0.00883611 0.0377879 -0.01079569 0.00839957 0.0381134 -0.0104537 0.00829319 0.03796855 -0.0106801 0.00896134 0.03792007 -0.01022957 0.00851905 0.0370524 -0.01033932 0.00799807 0.03723345 -0.01062643 0.00856939 0.03692751 -0.01033932 0.00799807 0.03723345 -0.01073258 0.00804376 0.03711006 -0.01022957 0.00851905 0.0370524 -0.01089249 0.00889794 0.03759889 -0.01100685 0.00835114 0.03778672 -0.00212803 0.02007004 0.01538459 -0.00240301 0.01997736 0.01529343 -0.00191334 0.01986329 0.01544784 -0.00204357 0.01959297 0.01539784 -0.00238895 0.01967406 0.01528908 -0.00204357 0.01959297 0.01539784 -0.00985493 0.01149633 0.03644858 -0.00961872 0.01132448 0.03636596 -0.01002977 0.01137202 0.03621921 -0.00988821 0.0110222 0.03582769 -0.00958653 0.0109877 0.03592828 -0.00958653 0.0109877 0.03592828 -0.00787361 0.01441422 0.03131951 -0.00770977 0.01427135 0.03131856 -0.00804404 0.01431637 0.03122852 -0.00800078 0.01410749 0.03115791 -0.00775753 0.01407454 0.03122327 -0.00775753 0.01407454 0.03122327 -0.00737798 0.01493265 0.0299563 -0.00720826 0.01478434 0.02995837 -0.00755743 0.01483578 0.02986322 -0.00751509 0.01461879 0.0297938 -0.00726209 0.01458141 0.02986259 -0.00726209 0.01458141 0.02986259 -0.00688235 0.01545109 0.02859309 -0.00670674 0.01529732 0.02859818 -0.00707082 0.01535519 0.02849792 -0.00702941 0.01513008 0.0284297 -0.00676666 0.01508829 0.0285019 -0.00676666 0.01508829 0.0285019 -0.00638672 0.01596952 0.02722988 -0.00620523 0.0158103 0.02723799 -0.00658421 0.0158746 0.02713262 -0.00654373 0.01564138 0.02706559 -0.00627123 0.01559517 0.02714121 -0.00627123 0.01559517 0.02714121 -0.00589109 0.01648796 0.02586667 -0.00570371 0.01632329 0.02587779 -0.0060976 0.01639401 0.02576731 -0.00605804 0.01615267 0.02570148 -0.00577579 0.01610204 0.02578052 -0.00577579 0.01610204 0.02578052 -0.00539547 0.01700639 0.02450346 -0.0052022 0.01683627 0.0245176 -0.00561099 0.01691341 0.02440201 -0.00557236 0.01666397 0.02433738 -0.00528036 0.01660892 0.02441983 -0.00528036 0.01660892 0.02441983 -0.00489984 0.01752482 0.02314025 -0.00470068 0.01734926 0.0231574 -0.00512437 0.01743282 0.02303671 -0.00508667 0.01717526 0.02297327 -0.00478493 0.0171158 0.02305914 -0.00478493 0.0171158 0.02305914 -0.00440421 0.01804326 0.02177704 -0.00419917 0.01786224 0.02179721 -0.00463776 0.01795223 0.02167141 -0.00460099 0.01768656 0.02160916 -0.00428949 0.01762267 0.02169845 -0.00428949 0.01762267 0.02169845 -0.00390858 0.01856169 0.02041383 -0.00369765 0.01837522 0.02043702 -0.00415115 0.01847164 0.0203061 -0.00411531 0.01819785 0.02024505 -0.00379406 0.01812955 0.02033776 -0.00379406 0.01812955 0.02033776 0.01112703 0.00722249 0.03803573 0.01106844 0.00639242 0.03804995 0.01092573 0.0070357 0.03755611 0.01087896 0.00635638 0.03810663 0.01067232 0.00718437 0.03817195 0.01059797 0.00700283 0.037655 0.01087896 0.00635638 0.03810663 0.01102009 0.00632331 0.03821753 0.01059797 0.00700283 0.037655 0.01083054 0.00752536 0.0373059 0.01109383 0.00779389 0.03794188 0.01089402 0.00782779 0.0382625 0.010965 0.00724278 0.03832186 0.01009824 0.0098994 0.03733255 0.0102347 0.0093643 0.03756441 0.01054337 0.0095049 0.03768118 0.01039447 0.01005111 0.0374414 0.00999948 0.00955411 0.03668005 0.01012251 0.00904297 0.03687696 0.00929337 0.01242121 0.03462478 0.00959379 0.01178462 0.03528791 0.00933494 0.01175369 0.03537384 0.00906126 0.01239054 0.03470016 0.00836924 0.01389578 0.03268271 0.00893951 0.01323431 0.03368131 0.00853066 0.01379696 0.03259381 0.00878786 0.01335048 0.03379596 0.00329863 0.01863642 0.01897707 0.00335095 0.01899361 0.01805186 0.00362962 0.01870914 0.01888094 0.0030102 0.01891647 0.01815141 0.0030965 0.0192307 0.01733862 0.00338494 0.01928362 0.01811053 0.00312564 0.01952522 0.01738426 0.00286161 0.01961447 0.01749103 0.00312434 0.01937173 0.01822244 0.00196395 0.02010661 0.01488435 0.0015873 0.01988974 0.01446879 0.00174925 0.01989628 0.0149584 0.00180387 0.02010446 0.01438304 0.00113002 0.01967401 0.01305028 0.00143696 0.01947294 0.01349908 0.00127169 0.0197635 0.01349 0.00130922 0.01937873 0.01308457 0.00138918 0.01897605 0.01173887 0.00079334 0.01834917 0.01101772 0.00115089 0.01842796 0.01088089 0.00098156 0.018884 0.01189369 0.00110756 0.01866955 0.01069562 0.00135311 0.01929086 0.0115729 0.00100265 0.01938238 0.01161142 0.00079712 0.01874155 0.01070941 0.00060734 0.01856258 0.01088335 0.00077742 0.01916247 0.01179086 0.00079334 0.01834917 0.01101772 0.00098156 0.018884 0.01189369 0.00149588 0.01998801 0.01337874 0.00135817 0.01990326 0.01291878 0.00209505 0.02000798 0.01430222 0.00224589 0.02001207 0.01479862 0.00275495 0.01915229 0.0174402 0.00329863 0.01863642 0.01897707 0.00290164 0.01917436 0.01825166 0.0030102 0.01891647 0.01815141 0.00319614 0.0188882 0.01907682 0.00341296 0.01908012 0.01905062 0.00848646 0.01359619 0.032522 0.00888992 0.0130087 0.0335734 0.00934051 0.0120412 0.03566496 0.00906126 0.01239054 0.03470016 0.00933494 0.01175369 0.03537384 0.00904497 0.01263666 0.03486924 0.01045498 0.00748545 0.03742306 0.010557 0.00774222 0.0381091 0.01045498 0.00748545 0.03742306 0.01012251 0.00904297 0.03687696 0.01037325 0.00960398 0.03656064 0.01050711 0.00909621 0.0367551 0.00999948 0.00955411 0.03668005 0.01074709 0.00942771 0.03737649 0.01059557 0.00995884 0.03714856 0.00934836 0.01267166 0.03476882 0.00968665 0.0120805 0.03554522 0.00920649 0.01280518 0.0349092 0.00953382 0.01221344 0.03572877 0.00865712 0.0129791 0.03364206 0.00821129 0.01375837 0.03267873 0.00825297 0.01356766 0.03258395 0.00862813 0.01319751 0.03377399 0.00366454 0.01899104 0.0189408 0.00264095 0.0194142 0.0175284 0.00275495 0.01915229 0.0174402 0.00173339 0.01961016 0.01444796 0.00223736 0.01970426 0.01481033 0.00188687 0.01962173 0.01492296 0.00209196 0.01969463 0.01433045 0.00170347 0.01947085 0.01294613 0.00181028 0.0198882 0.0133067 0.00181789 0.01956231 0.01336955 0.00168776 0.01980288 0.01285432 0.00865712 0.0129791 0.03364206 0.00825297 0.01356766 0.03258395 0.00143696 0.01947294 0.01349908 0.00130922 0.01937873 0.01308457 0.00188687 0.01962173 0.01492296 0.00173339 0.01961016 0.01444796 0.00087786 0.0193753 0.01219763 0.00119015 0.01924853 0.01267914 0.00099894 0.01954416 0.01262 0.00107893 0.01908326 0.01228038 0.00159466 0.01934235 0.01253289 0.00119015 0.01924853 0.01267914 0.00107893 0.01908326 0.01228038 0.00149067 0.01917776 0.01212759 0.00157129 0.0196756 0.01241305 0.00146028 0.01950772 0.01198169 0.00122936 0.01977488 0.01246946 0.00110895 0.01960449 0.01202979 0.00142739 0.01984667 0.01397743 0.00158267 0.01956178 0.01397132 0.0019514 0.01964849 0.0138482 0.00158267 0.01956178 0.01397132 0.00194912 0.0199678 0.01380307 0.00164712 0.02006615 0.01387938 0.00210702 0.0198039 0.0160254 0.0024646 0.01938213 0.01662673 0.00234562 0.01964665 0.01670224 0.0022312 0.01953683 0.01596272 0.0024646 0.01938213 0.01662673 0.00257324 0.0196168 0.01585707 0.00280601 0.01946131 0.01652327 0.0022312 0.01953683 0.01596272 0.00283013 0.0197586 0.01655536 0.00259229 0.01991672 0.01587536 0.00232248 0.02000797 0.01597127 0.00256348 0.01984879 0.01665664 0.00972899 0.01053124 0.03621214 0.00994484 0.0104094 0.0370607 0.0097844 0.01088628 0.03673971 0.00986591 0.01005215 0.03645837 0.00986591 0.01005215 0.03645837 0.01005909 0.01057082 0.03610304 0.01022118 0.01009699 0.0363429 0.00972899 0.01053124 0.03621214 0.0104232 0.01046537 0.03688515 0.0102327 0.01093811 0.03657704 0.01004547 0.01105475 0.03683267 0.01022671 0.01057116 0.03716252 0.01034802 0.0088361 0.03778789 0.01079569 0.00839956 0.03811337 0.01068011 0.00896133 0.03792005 0.0104537 0.00829318 0.03796853 0.01022958 0.00851905 0.03705238 0.01033932 0.00799807 0.03723342 0.01033932 0.00799807 0.03723342 0.01062644 0.00856938 0.03692748 0.01073258 0.00804375 0.03711003 0.01022958 0.00851905 0.03705238 0.01100685 0.00835113 0.0377867 0.01089249 0.00889794 0.03759887 0.00212803 0.02007004 0.01538459 0.00240301 0.01997736 0.01529343 0.00191334 0.01986329 0.01544784 0.00204357 0.01959297 0.01539784 0.00238895 0.01967406 0.01528908 0.00204357 0.01959297 0.01539784 0.00985493 0.01149632 0.03644855 0.00961872 0.01132447 0.03636594 0.01002978 0.01137201 0.03621919 0.00988821 0.01102219 0.03582767 0.00958653 0.01098769 0.03592826 0.00958653 0.01098769 0.03592826 0.00787361 0.01441422 0.0313195 0.00770978 0.01427135 0.03131855 0.00804405 0.01431637 0.03122851 0.00800078 0.01410749 0.0311579 0.00775753 0.01407454 0.03122327 0.00775753 0.01407454 0.03122327 0.00737798 0.01493265 0.02995629 0.00720826 0.01478434 0.02995836 0.00755744 0.01483578 0.02986321 0.0075151 0.01461879 0.02979379 0.0072621 0.01458141 0.02986258 0.0072621 0.01458141 0.02986258 0.00688236 0.01545109 0.02859308 0.00670675 0.01529732 0.02859817 0.00707082 0.01535519 0.02849791 0.00702941 0.01513008 0.02842969 0.00676667 0.01508829 0.02850189 0.00676667 0.01508829 0.02850189 0.00638673 0.01596952 0.02722987 0.00620523 0.0158103 0.02723797 0.00658421 0.01587459 0.02713261 0.00654373 0.01564137 0.02706558 0.00627123 0.01559516 0.0271412 0.00627123 0.01559516 0.0271412 0.0058911 0.01648795 0.02586666 0.00570372 0.01632328 0.02587778 0.0060976 0.016394 0.0257673 0.00605805 0.01615267 0.02570147 0.0057758 0.01610204 0.02578052 0.0057758 0.01610204 0.02578052 0.00539547 0.01700638 0.02450346 0.0052022 0.01683627 0.02451759 0.00561099 0.01691341 0.02440201 0.00557236 0.01666396 0.02433737 0.00528036 0.01660891 0.02441983 0.00528036 0.01660891 0.02441983 0.00489984 0.01752482 0.02314025 0.00470069 0.01734925 0.0231574 0.00512438 0.01743281 0.0230367 0.00508668 0.01717526 0.02297326 0.00478493 0.01711579 0.02305914 0.00478493 0.01711579 0.02305914 0.00440421 0.01804325 0.02177704 0.00419917 0.01786223 0.02179721 0.00463776 0.01795222 0.0216714 0.00460099 0.01768655 0.02160915 0.0042895 0.01762266 0.02169845 0.0042895 0.01762266 0.02169845 0.00390858 0.01856169 0.02041383 0.00369766 0.01837522 0.02043701 0.00415115 0.01847163 0.0203061 0.00411531 0.01819785 0.02024505 0.00379406 0.01812954 0.02033776 0.00379406 0.01812954 0.02033776 0.00171137 0.01266474 0.01028662 0.00163046 0.01297717 0.01054151 0.00190117 0.01263208 0.01049443 0.00186199 0.01300116 0.01084299 0.0016847 0.01387806 0.01121509 0.00178481 0.01341838 0.01108181 0.00144825 0.01366797 0.01082706 0.00154336 0.0133089 0.01072028 0.0013066 0.01420043 0.01082465 0.00152369 0.01460332 0.01118793 0.00160579 0.01424074 0.01123818 0.00137758 0.01393357 0.01085054 0.00175034 0.01253466 0.01067423 0.00164827 0.01293269 0.01109982 0.00152385 0.0134086 0.01138343 0.00138255 0.01394232 0.01153405 0.00127838 0.01433218 0.01155318 0.0011738 0.01472011 0.01148602 0.00142437 0.01288333 0.01084627 0.00156828 0.01254191 0.01049551 0.00114672 0.01373388 0.0112207 0.00128721 0.01328477 0.01108504 0.00095221 0.01435097 0.01120867 0.00104887 0.01404193 0.01124666 0.00163046 0.01297717 0.01054151 0.00171137 0.01266474 0.01028662 0.00144825 0.01366797 0.01082706 0.00154336 0.0133089 0.01072028 0.0013066 0.01420043 0.01082465 0.00137758 0.01393357 0.01085054 0.00182918 0.0123258 0.00989948 0.00179119 0.01235095 0.00989249 0.00177099 0.0123102 0.00990009 0.00179119 0.01235095 0.00989249 0.00180563 0.0122975 0.00990449 0.00146034 0.01488102 0.0111067 0.0011018 0.01498527 0.01139161 0.00089544 0.0145314 0.01115487 0.0012587 0.01438124 0.0107803 0.0012587 0.01438124 0.0107803 0.01633994 0.00191154 -0.02152788 0.01626626 0.0017697 -0.02129098 0.01630456 0.00150712 -0.02149536 0.0162901 0.00154558 -0.02163935 0.01625916 0.00167416 -0.02177745 0.01625714 0.00199995 -0.02177465 0.01638566 0.00102122 -0.02158267 0.01639396 0.00103469 -0.0214903 0.01618876 0.00139098 -0.02172083 0.01627774 0.00097978 -0.02162472 0.01617371 0.00141205 -0.02184627 0.01618876 0.00139098 -0.02172083 0.01596805 0.00159556 -0.02175296 0.01617371 0.00141205 -0.02184627 0.01602893 0.00144733 -0.02160412 0.01571181 0.00184912 -0.02162234 0.0158092 0.00169099 -0.02128171 0.01602893 0.00144733 -0.02160412 0.01606086 0.00140028 -0.02144218 0.0158092 0.00169099 -0.02128171 0.01619897 0.00098116 -0.02154678 0.01620816 0.00099041 -0.02144079 0.01618876 0.00139098 -0.02172083 0.01627774 0.00097978 -0.02162472 0.01625083 0.00142577 -0.02203972 0.01617612 0.00134588 -0.02190094 0.01606854 0.00137634 -0.02203479 0.01617612 0.00134588 -0.02190094 0.01597232 0.00170566 -0.02190741 0.00163164 0.01196172 -0.00709721 0.00178713 0.01176986 -0.00686324 0.00165264 0.01179964 -0.00682256 0.00181286 0.01190168 -0.00707863 0.00203383 0.01172097 -0.00654431 0.00199038 0.01179427 -0.00644258 0.00298819 0.01087406 -0.00666024 0.00265133 0.01090264 -0.00652805 0.00277325 0.01058901 -0.006715 0.00288272 0.01163757 -0.0070887 0.00308853 0.0113518 -0.00676931 0.00298389 0.01161245 -0.00718538 0.00304458 0.01138834 -0.00663354 0.01440257 0.00439255 -0.01876783 0.01461217 0.00476668 -0.01869947 0.01428218 0.00464611 -0.01868304 0.01480342 0.00452476 -0.01884182 0.00289784 0.01248448 -0.006992 0.00282477 0.01217934 -0.00644366 0.00269295 0.01227184 -0.00695676 0.0027365 0.01203681 -0.00652362 0.00243517 0.01249231 -0.00734528 0.00279671 0.01344167 -0.00691301 0.00243042 0.01353828 -0.00715475 0.00177166 0.01359155 -0.00669976 0.00182946 0.01351416 -0.00641584 0.00212809 0.01341048 -0.00621496 0.00247107 0.01197489 -0.00629473 0.00251967 0.01334675 -0.00626449 0.00212809 0.01341048 -0.00621496 0.00199038 0.01179427 -0.00644258 0.00277468 0.0134489 -0.00646925 0.00241083 0.01182317 -0.00639538 0.00239447 0.01222625 -0.00716679 0.00196158 0.01360073 -0.00703764 0.0018285 0.01227177 -0.00732889 0.00203383 0.01172097 -0.00654431 0.00278784 0.01195471 -0.00702273 0.00289054 0.01171257 -0.00657858 0.00253254 0.011861 -0.00719133 0.00201474 0.01204848 -0.00720406 0.00222242 0.01160579 -0.00722684 0.00202213 0.01129943 -0.0071224 0.00197451 0.0112636 -0.00686793 0.00219562 0.01123359 -0.00660246 0.00253108 0.0113629 -0.00646171 0.00219562 0.01123359 -0.00660246 0.00324286 0.01097422 -0.00686183 0.00320163 0.01135023 -0.00687037 0.00274081 0.01146913 -0.00736822 0.00267061 0.01149576 -0.00721587 0.0024301 0.01116309 -0.00724962 0.00254419 0.01112439 -0.00750467 0.00251399 0.01066921 -0.00746928 0.00223139 0.01069717 -0.00716616 0.00247506 0.0104305 -0.00689493 0.00216189 0.01075734 -0.00687261 0.00235741 0.01074622 -0.00666062 0.00310418 0.01063397 -0.00695433 0.00313573 0.01167375 -0.00780259 0.00336923 0.01178684 -0.00758141 0.00299576 0.01140066 -0.00796528 0.00302832 0.01102217 -0.00799632 0.00280193 0.01043758 -0.00722132 0.00280193 0.01043758 -0.00722132 0.00247506 0.0104305 -0.00689493 0.00730144 0.01280593 -0.01102023 0.00641336 0.01208845 -0.01046583 0.00725714 0.01245603 -0.01130245 0.00645828 0.01239854 -0.01020172 0.00628904 0.01280862 -0.01010942 0.00711568 0.01323971 -0.01092504 0.0067186 0.01346362 -0.01113714 0.00593515 0.01299631 -0.01029341 0.00637179 0.01337651 -0.01149645 0.00560797 0.01290947 -0.01063105 0.0061183 0.01197929 -0.01082627 0.00692691 0.01233993 -0.01169588 0.00552263 0.01262033 -0.01091075 0.00628137 0.01305066 -0.01179789 0.00650772 0.0125756 -0.01192141 0.00572782 0.01218594 -0.01103836 0.0061183 0.01197929 -0.01082627 0.00692691 0.01233993 -0.01169588 0.00895709 0.01463422 -0.01449995 0.00831129 0.01472236 -0.01397535 0.00878885 0.01507371 -0.01445128 0.00850747 0.01426651 -0.01402729 0.00888873 0.0140497 -0.01379152 0.00933331 0.01441322 -0.01425815 0.00965419 0.01453955 -0.01389375 0.00888873 0.0140497 -0.01379152 0.00933331 0.01441322 -0.01425815 0.00921574 0.01414734 -0.01342794 0.00930531 0.01446355 -0.01316008 0.00973787 0.01485693 -0.01364087 0.00916157 0.01479 -0.01310358 0.00960922 0.01515653 -0.01359099 0.00920066 0.01544644 -0.01384093 0.0087347 0.01509102 -0.01335176 0.0088788 0.01540158 -0.01420854 0.00840315 0.01504848 -0.01371763 0.00971914 0.01567655 -0.01495309 0.01004979 0.01582331 -0.01459327 0.00948872 0.01525912 -0.01505302 0.00936028 0.01478336 -0.01495499 0.0096144 0.01447811 -0.01453955 0.0096144 0.01447811 -0.01453955 0.01002283 0.01473695 -0.01422295 0.01020883 0.01522486 -0.0141786 0.01023493 0.01505588 -0.01451525 0.01010882 0.01480336 -0.01448271 0.01009157 0.01528679 -0.01476812 0.01024716 0.01564467 -0.01427905 0.00989203 0.01521641 -0.0149241 0.00972034 0.01500678 -0.01497444 0.00965257 0.0147086 -0.01487894 0.00981587 0.01459896 -0.01464101 0.00981587 0.01459896 -0.01464101 0.01304879 0.00801069 -0.01699853 0.01268129 0.00885978 -0.01668405 0.01273627 0.00791892 -0.01712213 0.01237122 0.00875393 -0.01681199 0.01324461 0.0081189 -0.0171939 0.0128684 0.00898603 -0.01685908 0.01320748 0.00825409 -0.01750659 0.01281799 0.00913318 -0.01716429 0.0129645 0.00826189 -0.0177313 0.01258044 0.0091312 -0.01738041 0.01270324 0.00814598 -0.01771315 0.01233037 0.00900357 -0.01737081 0.01258617 0.00798941 -0.01742653 0.01221947 0.00882931 -0.01710808 0.01273627 0.00791892 -0.01712213 0.01237122 0.00875393 -0.01681199 0.01305434 0.00790727 -0.0177106 0.01320454 0.00792536 -0.01757924 0.01290171 0.00783042 -0.01768349 0.01282554 0.00773314 -0.01750481 0.01292329 0.00768527 -0.01731308 0.01292329 0.00768527 -0.01731308 0.01309693 0.00776525 -0.01724628 0.01322425 0.00785832 -0.01738284 0.01356076 0.00694369 -0.01819142 0.01371276 0.00694132 -0.018069 0.01327562 0.00681804 -0.01816526 0.01320342 0.00664969 -0.01795025 0.01341962 0.00658824 -0.01769757 0.01367413 0.00674523 -0.01772057 0.01341962 0.00658824 -0.01769757 0.01375378 0.00684904 -0.01786449 0.01451127 0.00536423 -0.01891842 0.01463324 0.00521774 -0.01864688 0.0145552 0.00516111 -0.01872312 0.01441861 0.00525762 -0.0189247 0.01440215 0.0046588 -0.0193486 0.01457544 0.00499738 -0.01911161 0.01473227 0.00473714 -0.01929853 0.01424364 0.00492788 -0.01915617 0.01395984 0.00524068 -0.01902964 0.01397502 0.00497119 -0.01876675 0.01385209 0.00496808 -0.01874713 0.01408513 0.00519697 -0.01896374 0.01412879 0.00487972 -0.01844034 0.01416179 0.00489967 -0.01859824 0.01412879 0.00487972 -0.01844034 0.01442092 0.0050086 -0.01855712 0.01452035 0.00506045 -0.01844335 0.01416179 0.00489967 -0.01859824 0.0148989 0.00463192 -0.01907857 0.01472705 0.00489651 -0.01890084 0.0145131 0.00458043 -0.01928133 0.01473033 0.00461003 -0.01923851 0.01435681 0.00444954 -0.01913283 0.01416581 0.0044759 -0.01906498 0.01407041 0.00472354 -0.01891587 0.01440257 0.00439255 -0.01876783 0.01428218 0.00464611 -0.01868304 0.01476361 0.00447977 -0.01895206 0.01482121 0.00456093 -0.01910648 0.01503037 0.0043348 -0.019309 0.0148668 0.00438865 -0.01949977 0.01500327 0.00416727 -0.01976103 0.01516097 0.00402053 -0.01954973 0.01499532 0.0040645 -0.01969569 0.01523953 0.00410866 -0.01951152 0.01481063 0.00402887 -0.01966857 0.01468364 0.0041206 -0.01971879 0.01459837 0.00435052 -0.01950006 0.01466929 0.00389905 -0.01948239 0.01451968 0.00390185 -0.01946457 0.01443825 0.00417569 -0.0192987 0.01452376 0.00442713 -0.01898665 0.01466712 0.00413526 -0.01912942 0.01466712 0.00413526 -0.01912942 0.01452376 0.00442713 -0.01898665 0.01497066 0.00420246 -0.01910504 0.01513013 0.00389963 -0.01937174 0.01517772 0.00392516 -0.01925801 0.01523339 0.00369388 -0.02018103 0.01511435 0.00387919 -0.01993836 0.01542065 0.0036278 -0.01999471 0.01529081 0.00382416 -0.01977222 0.01499177 0.00356405 -0.02018111 0.0149012 0.00379646 -0.01992484 0.01477987 0.00361977 -0.01974159 0.01489045 0.00334049 -0.02000079 0.01481048 0.00384339 -0.01927219 0.01487191 0.00385614 -0.01936424 0.01542388 0.00343084 -0.01975897 0.015277 0.00366523 -0.01956536 0.01510852 0.00326582 -0.01971984 0.01499021 0.00356098 -0.01954204 0.01499021 0.00356098 -0.01954204 0.01510852 0.00326582 -0.01971984 0.01588918 0.00264711 -0.02077889 0.01566381 0.0030149 -0.02040439 0.01585235 0.00257619 -0.02066044 0.01564539 0.00297944 -0.02034516 0.01581676 0.00271202 -0.02096096 0.01559657 0.00306806 -0.02055411 0.01544913 0.00303654 -0.0206287 0.01567508 0.00270092 -0.02105828 0.01554858 0.00268064 -0.02104913 0.01538587 0.00302641 -0.02062412 0.01543104 0.00254981 -0.0208457 0.01529065 0.00290015 -0.02045738 0.01552636 0.00245105 -0.02060998 0.01538494 0.00283107 -0.02027411 0.01607673 0.00163119 -0.02119057 0.01621945 0.0014495 -0.02137068 0.01632737 0.00102225 -0.02140395 0.01641333 0.00030391 -0.02138341 0.01639514 0.00028188 -0.02142819 0.01646619 0.00031669 -0.02138792 0.01642405 0.00026793 -0.02146717 0.01648766 0.0003084 -0.02142501 0.01647259 0.00028641 -0.02146148 0.01642405 0.00026793 -0.02146717 0.01587399 0.00198912 -0.02189915 0.01606534 0.00175329 -0.02200053 0.016127 0.00202967 -0.02191745 0.01619609 0.00174667 -0.02194562 0.01614861 0.00146995 -0.02211863 0.0163412 0.00088559 -0.02226069 0.01638209 0.00086771 -0.02216771 0.01625396 0.00084237 -0.02220989 0.01629355 0.0008383 -0.02212203 0.01629355 0.0008383 -0.02212203 0.01649554 0.00034408 -0.02234188 0.01649049 0.00032755 -0.02229557 0.01643451 0.00032659 -0.02234337 0.01643357 0.00031021 -0.02227743 0.01643357 0.00031021 -0.02227743 0.01423335 0.00538644 -0.01906519 0.00331142 0.0108444 -0.00777931 0.00355527 0.01099504 -0.00751775 0.00331142 0.0108444 -0.00777931 0.00365872 0.01125913 -0.00738005 0.00359827 0.01159357 -0.00735804 0.01481048 0.00384339 -0.01927219 0.01487191 0.00385614 -0.01936424 0.01537639 0.0034241 -0.02014727 0.01543843 0.00338269 -0.02002989 0.01522317 0.00337217 -0.02019912 0.01515027 0.0032505 -0.02006906 0.01524352 0.0032111 -0.01993825 0.01524352 0.0032111 -0.01993825 0.01539195 0.00328169 -0.01991981 0.01556314 0.00286907 -0.0202375 0.01573434 0.00245644 -0.02055519 0.01538494 0.00283107 -0.02027411 0.01552636 0.00245105 -0.02060998 0.01649672 9.744E-05 -0.02139735 0.01648244 9.041E-05 -0.02140302 0.01649384 9.419E-05 -0.02140393 0.01647902 9.085E-05 -0.02139634 0.01649316 9.733E-05 -0.02138794 0.01648202 9.359E-05 -0.02138561 0.01648244 9.041E-05 -0.02140302 0.01654397 0.00011147 -0.02235374 0.0165285 0.00010461 -0.02234904 0.01652882 0.0001105 -0.02236648 0.01654553 0.00011528 -0.0223652 0.0165285 0.00010461 -0.02234904 0.00235741 0.01074622 -0.00666062 0.00877728 0.01375513 -0.01296213 0.00786324 0.01309925 -0.01270224 0.00844415 0.01368617 -0.01332488 0.0082037 0.01319045 -0.01231885 0.00805786 0.01389879 -0.01355464 0.00786324 0.01309925 -0.01270224 0.00745554 0.0133291 -0.01293293 0.00844415 0.01368617 -0.01332488 0.00722443 0.01381302 -0.01284691 0.00783374 0.01437102 -0.01349942 0.00792749 0.01469538 -0.01322671 0.00731843 0.01414632 -0.01255547 0.00826873 0.01473559 -0.01286258 0.00766628 0.0142081 -0.01218858 0.00809909 0.01392854 -0.01195195 0.00871392 0.01442348 -0.01261618 0.00827549 0.01353057 -0.01203154 0.00887275 0.01407017 -0.01267928 0.00527048 0.01185095 -0.00937514 0.0044334 0.01150086 -0.009001 0.00504591 0.01175049 -0.0096647 0.00463842 0.01160352 -0.00872816 0.00472609 0.01189796 -0.00985892 0.0044334 0.01150086 -0.009001 0.00413437 0.01163656 -0.00919114 0.00504591 0.01175049 -0.0096647 0.00401529 0.01196053 -0.00908724 0.00458324 0.01224411 -0.0097486 0.0040966 0.01217263 -0.00888263 0.00466251 0.01246688 -0.00952832 0.00493935 0.01254481 -0.00923252 0.00434697 0.01225301 -0.00860496 0.00460454 0.01212153 -0.00846705 0.00521415 0.01240619 -0.00908842 0.00470284 0.01181014 -0.00852863 0.00533109 0.01207625 -0.00915898 0.00774715 0.01278853 -0.01181729 0.00780227 0.01314133 -0.0115302 0.00740742 0.01268154 -0.01221262 0.00740742 0.01268154 -0.01221262 0.00698815 0.0129198 -0.01244259 0.00675726 0.013406 -0.01233548 0.00685058 0.0137412 -0.01203466 0.00720012 0.01381796 -0.01166776 0.00761725 0.01356591 -0.01144051 0.00584192 0.0119697 -0.00992048 0.00589469 0.0122374 -0.00968035 0.0055821 0.01186489 -0.01024549 0.0055821 0.01186489 -0.01024549 0.00522696 0.01204195 -0.01044864 0.00505293 0.01243222 -0.01032968 0.00513524 0.01268817 -0.01007968 0.00543725 0.01277056 -0.00976297 0.00575159 0.0126074 -0.00959892 0.01173977 0.01158739 -0.01585458 0.01121131 0.01225611 -0.01542614 0.0115788 0.01140703 -0.01574062 0.01136355 0.01245452 -0.01551975 0.01091101 0.01209394 -0.01557143 0.01127607 0.01125894 -0.01588157 0.01075267 0.0121889 -0.01583429 0.01127607 0.01125894 -0.01588157 0.01091101 0.01209394 -0.01557143 0.01111937 0.011349 -0.01615274 0.01121178 0.01157638 -0.0163438 0.01083892 0.01243398 -0.01600146 0.01142826 0.01173915 -0.01632771 0.0110442 0.01260846 -0.01597681 0.01126004 0.01264953 -0.01579505 0.01164952 0.01177044 -0.01613736 0.01249219 0.00985315 -0.01652424 0.0119463 0.01055795 -0.0160551 0.0123138 0.00970886 -0.01636958 0.01211597 0.01072027 -0.01618941 0.01200617 0.00958893 -0.01650185 0.01164112 0.01042394 -0.01619171 0.01148607 0.0105091 -0.01647119 0.01200617 0.00958893 -0.01650185 0.01164112 0.01042394 -0.01619171 0.01185277 0.00966921 -0.01678964 0.01195751 0.00986117 -0.01702848 0.01158465 0.01071878 -0.01668614 0.01219638 0.01000052 -0.01702951 0.01181232 0.01086983 -0.01667861 0.01203901 0.01089135 -0.01647967 0.0124285 0.01001227 -0.01682198 0.01098735 0.01332164 -0.01518492 0.01047632 0.01395428 -0.01479719 0.01084381 0.0131052 -0.01511167 0.01061114 0.01418876 -0.01485008 0.01018091 0.01376395 -0.01495115 0.01054596 0.01292895 -0.01526129 0.01018091 0.01376395 -0.01495115 0.01038597 0.0130288 -0.01551584 0.01054596 0.01292895 -0.01526129 0.01001927 0.0138687 -0.01519739 0.01046606 0.01329158 -0.01565912 0.0100932 0.01414918 -0.01531678 0.01066014 0.01347778 -0.01562591 0.01027609 0.01434709 -0.015275 0.01048106 0.0144077 -0.01511043 0.01087055 0.01352861 -0.01545274 0.01443289 0.00582784 -0.01829802 0.01399514 0.00620508 -0.01790737 0.01431616 0.00566493 -0.01809417 0.01409333 0.00633844 -0.01808126 0.0143327 0.0059971 -0.01863606 0.01402273 0.00646921 -0.01835253 0.01406706 0.00600463 -0.01883842 0.01381391 0.00647416 -0.01851492 0.01362673 0.00581488 -0.01881241 0.01345118 0.00631646 -0.01848883 0.01350214 0.00553488 -0.01846884 0.01335278 0.00609228 -0.01820954 0.01385124 0.00544088 -0.0180695 0.01363543 0.00601456 -0.01788354 0.01363543 0.00601456 -0.01788354 0.01385124 0.00544088 -0.0180695 0.01611456 0.00227933 -0.02115338 0.0160593 0.00217295 -0.02097571 0.01603695 0.00235598 -0.02136781 0.01590104 0.0023653 -0.02148787 0.01571129 0.00233488 -0.02147414 0.01557143 0.00219947 -0.02123402 0.01566778 0.00207102 -0.02094585 0.01566778 0.00207102 -0.02094585 0.01590553 0.00204381 -0.02087287 0.00407459 0.01154403 -0.00789827 0.00400635 0.0113561 -0.00808117 0.00399494 0.01183688 -0.00784569 0.00375458 0.01196121 -0.00797741 0.00353068 0.01187839 -0.00823694 0.00344734 0.01167696 -0.00842589 0.00354265 0.01137515 -0.00852336 0.00382089 0.01125123 -0.0083373 0.00382089 0.01125123 -0.0083373 0.00189886 0.01320878 0.00911329 0.00215897 0.01296331 0.00906244 0.00211761 0.01321605 0.00881026 0.0019537 0.01300988 0.00929079 0.00214146 0.01263735 0.00975224 0.00200094 0.01284288 0.00949759 0.00204357 0.01270241 0.00976935 0.00217306 0.01276911 0.00935765 0.00205721 0.01354644 0.00855903 0.00174261 0.01377952 0.00878877 0.00182465 0.01347801 0.00891954 0.00197788 0.01392542 0.008396 0.00199165 0.01284995 0.00886291 0.0019109 0.01313965 0.00854774 0.00208044 0.01256319 0.00974319 0.00204948 0.01265055 0.00923579 0.00180788 0.01351314 0.00825849 0.00168907 0.01394997 0.00807192 0.00169361 0.01311183 0.00879659 0.00179058 0.01286899 0.00905326 0.00188383 0.01269343 0.00935452 0.00199125 0.01259716 0.00975501 0.00150564 0.01463149 0.00797849 0.0015991 0.01428338 0.00800268 0.00125271 0.01441401 0.00828458 0.00135238 0.0141008 0.00831465 0.00157504 0.01343083 0.00854902 0.00145046 0.01380122 0.0083835 0.00189886 0.01320878 0.00911329 0.0019537 0.01300988 0.00929079 0.00200094 0.01284288 0.00949759 0.00204357 0.01270241 0.00976935 0.00174261 0.01377952 0.00878877 0.00182465 0.01347801 0.00891954 0.00181297 0.01467727 0.00832271 0.00189851 0.01429315 0.00833214 0.00158508 0.01436855 0.00872049 0.0016652 0.0140679 0.00873479 0.00158508 0.01436855 0.00872049 0.0016652 0.0140679 0.00873479 0.00303657 0.01541354 0.01055291 0.00251769 0.01509739 0.01036262 0.00264588 0.01506898 0.01022236 0.00281306 0.01545823 0.01079572 0.002242 0.01551865 0.01094828 0.0023536 0.01510683 0.01041618 0.00254544 0.01549381 0.01093948 0.00220529 0.01514618 0.01046144 0.00274535 0.01533701 0.00878295 0.00259971 0.01500275 0.00926074 0.00247306 0.01502016 0.00917387 0.00297147 0.01531342 0.00893544 0.0032166 0.01531086 0.00953525 0.00269705 0.0149947 0.00942015 0.00313963 0.01530314 0.00920624 0.00274104 0.01499915 0.00961336 0.00271423 0.01503808 0.01003591 0.00324057 0.01533359 0.00989351 0.00316743 0.01537239 0.01024991 0.00275413 0.01501254 0.00982465 0.00341068 0.01591738 0.0108301 0.00308883 0.0159601 0.01113526 0.0022758 0.01600938 0.01131324 0.00270376 0.01599167 0.01131603 0.00302025 0.01581918 0.00849909 0.0033434 0.0158003 0.00871035 0.00368917 0.01580593 0.00950598 0.00357838 0.01579455 0.00906846 0.00371787 0.01583295 0.00997419 0.0036078 0.01587476 0.01043785 0.00327861 0.01653785 0.01133386 0.00367961 0.01650547 0.01100158 0.00229367 0.01656818 0.01151664 0.00280743 0.01655978 0.01153182 0.00318404 0.01639753 0.00833831 0.003628 0.01638845 0.00858983 0.00405639 0.01640639 0.00950867 0.00391861 0.01639094 0.00899738 0.00408259 0.01643342 0.01003935 0.00393676 0.01647005 0.01056168 0.00335107 0.01713232 0.01136797 0.0037869 0.01711063 0.01103867 0.00230697 0.01714811 0.01154339 0.00284834 0.01714587 0.01156538 0.00318137 0.01690509 0.00824218 0.00375524 0.01700287 0.00857111 0.00407052 0.01701274 0.00899001 0.00422155 0.01703115 0.00952236 0.00372897 0.01767784 0.01093954 0.00331342 0.01769235 0.01123935 0.00233232 0.01770086 0.01139718 0.00283955 0.01770107 0.01141982 0.00330519 0.01757485 0.00834848 0.00371095 0.01758412 0.00865558 0.00400879 0.01759753 0.00905152 0.00415685 0.01761602 0.0095419 0.00400796 0.01765887 0.01052986 0.00407504 0.01708446 0.01059346 0.00424136 0.01705566 0.0100635 0.00417093 0.01763691 0.01004174 0.00353439 0.01816145 0.01072222 0.00318883 0.01817167 0.01096734 0.00237794 0.01817711 0.01109606 0.00279673 0.01817779 0.01111518 0.00352323 0.0180863 0.00884334 0.00318567 0.01807679 0.00858901 0.00377123 0.01809878 0.00916975 0.0038948 0.01811462 0.00957442 0.00376775 0.01814758 0.01038597 0.00390484 0.01813114 0.00998522 0.00300075 0.01852832 0.01058253 0.00323847 0.01852229 0.0104135 0.00272582 0.01852836 0.010692 0.00244312 0.01853184 0.01067081 0.00299769 0.01846018 0.00894226 0.0032318 0.01847033 0.00912351 0.003488 0.0184902 0.00962618 0.00340274 0.01847921 0.00934791 0.00339982 0.01851239 0.01018351 0.00349469 0.01850129 0.00990842 0.00288402 0.01872588 0.01005498 0.00277534 0.01872892 0.0101317 0.00265223 0.01873076 0.010178 0.00252082 0.01873053 0.01017199 0.00277468 0.01869933 0.00938599 0.00288087 0.0187025 0.00946589 0.00295893 0.01870656 0.00956831 0.00299785 0.0187116 0.00969531 0.00300083 0.01871671 0.00982407 0.00295755 0.0187217 0.00994963 0.00258605 0.01877831 0.00975795 0.00229121 0.01872588 0.01005508 0.00217422 0.01871678 0.00982566 0.00221454 0.01870669 0.00957134 0.00239675 0.01869947 0.00938928 0.00265126 0.01869787 0.009349 0.00253762 0.01757439 0.00825419 0.00283275 0.01757177 0.0082067 0.00268144 0.01700385 0.00812101 0.00279319 0.0180726 0.00847132 0.00242942 0.01807505 0.00852907 0.00272891 0.01846027 0.00886743 0.00224437 0.01849683 0.00901044 0.00214637 0.01867172 0.00953798 0.00209415 0.01868168 0.00983974 0.00205896 0.0185627 0.01036975 0.00203449 0.01817019 0.01092119 0.00198999 0.01769409 0.01122283 0.00197776 0.0171422 0.0113755 0.00195977 0.01656425 0.01134558 0.00199435 0.01601026 0.01116752 0.00207158 0.01552394 0.0108584 0.00231996 0.01494254 0.00976561 0.00232747 0.01504207 0.00910713 0.00248571 0.01536679 0.00866627 0.00265157 0.01584383 0.00833778 0.00267995 0.01641156 0.00815992 -0.00244928 0.01509739 0.01036262 -0.00297311 0.01541438 0.01056516 -0.00257725 0.01506586 0.01022275 -0.00274466 0.01545823 0.01079572 -0.00246882 0.01549397 0.01093285 -0.00228064 0.01510713 0.01041273 -0.00217358 0.01551865 0.01094828 -0.00213686 0.01514618 0.01046144 -0.00267689 0.01533701 0.00878297 -0.0025313 0.01500275 0.00926074 -0.00290302 0.01531342 0.00893544 -0.00240465 0.01502017 0.00917387 -0.00314817 0.01531086 0.00953525 -0.00307143 0.01530312 0.00920623 -0.00262862 0.01499461 0.00942015 -0.00267261 0.01499915 0.00961336 -0.0026458 0.0150381 0.01003591 -0.00317056 0.01533365 0.00989283 -0.00268574 0.01501313 0.00982458 -0.00309902 0.01537239 0.01024991 -0.00302038 0.0159601 0.01113526 -0.00334778 0.01591852 0.01084617 -0.00262423 0.01599145 0.01130585 -0.00220739 0.01600938 0.01131324 -0.00295178 0.01581918 0.00849911 -0.00327497 0.0158003 0.00871034 -0.00362074 0.01580593 0.00950598 -0.00351026 0.01579454 0.00906844 -0.00364746 0.01583295 0.00997323 -0.00353937 0.01587476 0.01043785 -0.00361668 0.01650659 0.01101979 -0.00321018 0.01653785 0.01133386 -0.00222527 0.01656818 0.01151664 -0.0027265 0.01655926 0.01151874 -0.00311556 0.01639753 0.00833834 -0.00355957 0.01638845 0.00858983 -0.00398798 0.01640639 0.00950867 -0.00385054 0.01639094 0.00899736 -0.00401204 0.01643338 0.01003813 -0.00386835 0.01647005 0.01056168 -0.00372364 0.01711158 0.01105722 -0.00328264 0.01713233 0.01136797 -0.00223854 0.01714811 0.01154339 -0.00276744 0.01714526 0.01155109 -0.00311291 0.01690509 0.00824221 -0.00368683 0.01700287 0.00857111 -0.00400246 0.01701274 0.00898999 -0.00415312 0.01703115 0.00952236 -0.00366516 0.01767859 0.01095667 -0.00324501 0.01769235 0.01123935 -0.00226389 0.01770086 0.01139718 -0.0027598 0.0177005 0.01140624 -0.00323673 0.01757485 0.00834851 -0.00364252 0.01758412 0.00865557 -0.00394069 0.01759753 0.00905151 -0.00408842 0.01761602 0.0095419 -0.00393955 0.01765887 0.01052986 -0.00417082 0.01705561 0.01006217 -0.00400663 0.01708446 0.01059346 -0.00410058 0.01763686 0.01004046 -0.0034697 0.01816203 0.01073629 -0.0031204 0.01817167 0.01096734 -0.00230953 0.01817711 0.01109606 -0.00271907 0.01817733 0.01110392 -0.00345482 0.0180863 0.00884334 -0.00311722 0.0180768 0.00858903 -0.00370309 0.01809878 0.00916975 -0.00382639 0.01811462 0.00957442 -0.00369934 0.01814758 0.01038597 -0.00383485 0.0181311 0.00998416 -0.00317295 0.01852199 0.01042405 -0.00293234 0.01852832 0.01058253 -0.00265108 0.01852805 0.01068425 -0.00237471 0.01853184 0.01067081 -0.00292925 0.01846019 0.00894228 -0.00316339 0.01847033 0.00912351 -0.00341959 0.0184902 0.00962618 -0.00333454 0.01847918 0.00934791 -0.00333141 0.01851239 0.01018351 -0.00342509 0.01850138 0.0099076 -0.00281676 0.01872605 0.01005939 -0.00270691 0.01872892 0.0101317 -0.00258092 0.01873062 0.01017447 -0.00245241 0.01873053 0.01017199 -0.00270624 0.01869933 0.009386 -0.00281244 0.0187025 0.00946589 -0.0028906 0.01870656 0.0095683 -0.00292944 0.0187116 0.00969531 -0.00293192 0.0187167 0.00982373 -0.00288912 0.0187217 0.00994963 -0.0025176 0.01877831 0.00975795 -0.00222279 0.01872588 0.01005508 -0.00210581 0.01871678 0.00982566 -0.00214611 0.01870669 0.00957134 -0.00232834 0.01869947 0.00938928 -0.00258284 0.01869787 0.00934899 -0.0024692 0.01757439 0.00825418 -0.00261301 0.01700385 0.00812101 -0.00276432 0.01757177 0.0082067 -0.00272476 0.0180726 0.00847131 -0.00236101 0.01807505 0.00852907 -0.00266048 0.01846027 0.00886743 -0.00217596 0.01849683 0.00901044 -0.00207796 0.01867172 0.00953798 -0.00202574 0.01868168 0.00983974 -0.00199055 0.0185627 0.01036975 -0.00196608 0.01817019 0.01092119 -0.00192158 0.0176941 0.01122283 -0.00190935 0.01714222 0.01137551 -0.00189136 0.01656425 0.01134558 -0.00192595 0.01601026 0.01116752 -0.00200317 0.01552394 0.0108584 -0.00225153 0.01494255 0.0097656 -0.00225906 0.01504207 0.00910713 -0.00261152 0.01641156 0.00815992 -0.00258314 0.01584384 0.00833777 -0.0024173 0.01536679 0.00866627 -0.00185291 0.01263208 0.01049444 -0.00162518 0.01281206 0.01042542 -0.00166313 0.01266472 0.01028662 -0.00184587 0.01279834 0.010687 -0.0017218 0.01348035 0.01111056 -0.00163311 0.01389635 0.01122161 -0.00139596 0.01368278 0.01083187 -0.00148277 0.0133559 0.01074343 -0.00121044 0.01438124 0.0107803 -0.00153772 0.01432439 0.01123087 -0.0014121 0.01488102 0.0111067 -0.00130632 0.01401954 0.0108463 -0.00170208 0.01253466 0.01067424 -0.00165907 0.01270472 0.01091179 -0.00145608 0.01348288 0.01141732 -0.00132932 0.01396132 0.011542 -0.00119776 0.01445262 0.01153969 -0.00105356 0.01498527 0.01139161 -0.00152002 0.01254191 0.01049552 -0.0014467 0.01269061 0.01068931 -0.00109241 0.01375132 0.01122721 -0.00122134 0.01334593 0.01111539 -0.00084721 0.0145314 0.01115487 -0.00096126 0.01417005 0.011237 -0.00162518 0.01281206 0.01042542 -0.00166313 0.01266472 0.01028662 -0.00139596 0.01368278 0.01083187 -0.00148277 0.0133559 0.01074343 -0.00121044 0.01438124 0.0107803 -0.00130632 0.01401954 0.0108463 -0.00178095 0.0123258 0.00989948 -0.00170304 0.01250784 0.01008956 -0.00174295 0.01235096 0.00989249 -0.00181693 0.01247894 0.01019696 -0.00162139 0.01242606 0.01019781 -0.00172275 0.0123102 0.0099001 -0.00170304 0.01250784 0.01008956 -0.00174295 0.01235096 0.00989249 -0.00172974 0.01241608 0.01028936 -0.00175739 0.0122975 0.00990449 -0.00156796 0.01305598 0.01118959 -0.00179466 0.0131083 0.01091726 -0.00156013 0.0130619 0.0105964 -0.00134048 0.01298612 0.01092098 -0.00156013 0.0130619 0.0105964 -0.00186013 0.01283258 0.00909457 -0.00160006 0.01307804 0.00914542 -0.00181879 0.01308532 0.00884239 -0.00165489 0.01287915 0.00932292 -0.00185844 0.0125725 0.00958708 -0.00170214 0.01271215 0.00952972 -0.00187422 0.01263839 0.00938979 -0.00172345 0.01264191 0.0096656 -0.00144381 0.01364879 0.00882091 -0.0017584 0.01341571 0.00859117 -0.00152584 0.01334728 0.00895167 -0.00167908 0.0137947 0.00842815 -0.00161209 0.01300893 0.00857988 -0.00169283 0.01271922 0.00889505 -0.00176615 0.01247612 0.00952163 -0.00175066 0.0125198 0.00926793 -0.00150908 0.01338241 0.00829062 -0.00139027 0.01381924 0.00810405 -0.00139479 0.01298109 0.00882872 -0.00149176 0.01273826 0.00908539 -0.00158503 0.01256271 0.00938666 -0.00163874 0.01251456 0.0095869 -0.00120682 0.01450075 0.00801063 -0.00095388 0.01428327 0.00831672 -0.00130028 0.01415264 0.00803482 -0.00105357 0.01397006 0.00834678 -0.00115166 0.01367049 0.00841563 -0.00127622 0.0133001 0.00858114 -0.00160006 0.01307804 0.00914542 -0.00165489 0.01287915 0.00932292 -0.00170214 0.01271215 0.00952972 -0.00172345 0.01264191 0.0096656 -0.00144381 0.01364879 0.00882091 -0.00152584 0.01334728 0.00895167 -0.00178164 0.01243245 0.00977533 -0.00174477 0.01257166 0.00980148 -0.00184265 0.01250662 0.00978438 -0.00169245 0.01246642 0.00978714 -0.00159971 0.01416243 0.00836428 -0.00151417 0.01454653 0.00835484 -0.00128628 0.01423781 0.00875263 -0.0013664 0.01393716 0.00876693 -0.00128628 0.01423781 0.00875263 -0.0013664 0.01393716 0.00876693 -0.00174477 0.01257166 0.00980148 0.00088345 0.01283593 -0.04029703 1.849E-05 0.01374943 -0.04223045 0.00122846 0.01306696 -0.04048138 0.00147265 0.01333489 -0.04071205 0.00103072 0.01595785 0.01212739 0.00062857 0.01587675 0.01226082 0.00105248 0.01553141 0.01191417 0.00063787 0.015422 0.01203011 0.00061399 0.01666338 0.0125513 0.00100451 0.01670728 0.01239644 0.00100267 0.01810802 0.01231437 0.00060994 0.01814994 0.0124797 0.00060844 0.01748081 0.01263395 0.00099776 0.01748538 0.01246554 0.00101691 0.01865078 0.01193914 0.00062833 0.01956992 0.01104087 0.0006165 0.01873536 0.01208397 0.00104319 0.01943924 0.01093953 0.00063651 0.01983686 0.01049163 0.00107972 0.01967934 0.01038137 0.00051039 0.01992794 0.00868031 0.0006183 0.01996154 0.00986351 0.00102456 0.01980953 0.00979813 0.00017844 0.02002277 0.00990217 -0.00156545 0.01638359 0.0118355 -0.00153489 0.01690109 0.01196419 -0.00179527 0.01653687 0.01161032 -0.00178369 0.01692013 0.01168619 -0.00401735 0.0148239 -0.00535865 -0.00400528 0.01614091 -0.00752986 -0.00387676 0.01476072 -0.00750914 -0.0041634 0.01635739 -0.0053965 -0.00334462 0.01345725 -0.00544529 -0.00322382 0.01350703 -0.00757772 -0.00217983 0.0123486 -0.00561446 -0.00210003 0.01250286 -0.00770334 -0.00174462 0.01862428 -0.01846566 -0.00240333 0.01840682 -0.01968534 -0.00233673 0.01801685 -0.0185753 -0.00183693 0.01908149 -0.01954597 -0.00244752 0.02093204 0.00186858 -0.00331663 0.01987068 0.00091952 -0.00342324 0.01975764 0.00170968 -0.00236912 0.02106819 0.00099726 -0.00187654 0.01882529 0.01053151 -0.00163341 0.01926877 0.0101874 -0.00191107 0.01897895 0.01005116 -0.00160417 0.01908413 0.01069759 0.00136263 0.01531424 -0.04259407 0.00080987 0.01558659 -0.04292576 0.00080987 0.01558659 -0.04292576 0.00143806 0.01572124 -0.04224093 0.00136263 0.01531424 -0.04259407 0.00084544 0.01604292 -0.04258412 0.00161909 0.01488986 -0.0421114 0.00171825 0.01524878 -0.04175568 0.00204216 0.01662337 -0.04034693 0.00140111 0.01690659 -0.04079336 0.00168853 0.01727103 -0.04079281 0.00171311 0.01635453 -0.0404155 0.00074513 0.01433395 -0.03487474 0.00122398 0.01451254 -0.03569822 0.00135495 0.01461078 -0.03494793 0.00066607 0.01423581 -0.035662 0.00093065 0.01382119 -0.03462048 0.00151259 0.01439238 -0.0348518 0.00166823 0.01415049 -0.03475001 0.00083782 0.0140923 -0.03475085 0.00130021 0.01536347 -0.03084112 0.00071132 0.01480459 -0.03084036 0.00070912 0.01478362 -0.03167401 0.00124686 0.01526203 -0.03170895 -0.00157354 0.01937568 0.00966058 -0.00190419 0.01893313 0.00870486 -0.0019172 0.01900878 0.00955417 -0.00108827 0.01959592 0.00866572 0.00160761 0.01497451 -0.03068094 0.00077787 0.01458637 -0.03075795 0.00144804 0.01517344 -0.03076232 0.00085178 0.01436294 -0.03067426 0.00226109 0.01625594 -0.02699272 0.00219671 0.01554104 -0.02677192 0.0014563 0.01557211 -0.02711988 0.00153691 0.01498196 -0.02690141 0.00085809 0.01316252 -0.02045834 0.00157571 0.01382313 -0.02160509 0.00157395 0.01359324 -0.0203658 0.00085914 0.01337108 -0.02170035 0.00088074 0.01285654 -0.01923338 0.00161896 0.01328271 -0.0191422 0.00102342 0.01202431 -0.01375518 0.00181602 0.01256665 -0.01560498 0.00189284 0.01248987 -0.0136822 0.00098392 0.0121195 -0.01568594 -0.00517132 0.01697169 0.00416601 -0.00492825 0.01594847 0.00536573 -0.00486575 0.01709824 0.00525406 -0.00522829 0.01568007 0.00432379 0.00120733 0.01175897 -0.00571872 0.00214823 0.01250286 -0.00770334 0.00222802 0.0123486 -0.00561446 0.00115995 0.01196492 -0.0077784 0.00120948 0.01066821 -0.00247249 0.00223935 0.01195608 -0.00397452 0.00219561 0.01146387 -0.00234652 0.00122262 0.01126398 -0.00408874 -0.00181502 0.0178183 0.01155283 -0.00152538 0.01743338 0.01197177 -0.00153413 0.01796494 0.0118522 -0.00179289 0.01731144 0.01167308 0.00211907 0.01107153 0.00040951 0.00117048 0.0102726 0.00052464 0.00117503 0.01033381 -0.00098203 0.00212651 0.01118186 -0.00097429 -0.00126245 0.01505725 -0.04260779 -0.00156059 0.01461409 -0.04220857 -0.00165452 0.01413493 -0.04174168 0.00234557 0.01124766 0.00232451 0.00128904 0.0106831 0.00255541 0.0012179 0.0103831 0.00156268 0.00220555 0.01106882 0.00138737 0.00275727 0.01247859 0.00468948 0.00145439 0.01196052 0.0048766 0.00141812 0.01123829 0.0037636 0.00263975 0.01177887 0.0035456 0.00251412 0.01305449 0.00554775 0.00131973 0.01262514 0.00564567 0.00205158 0.01369512 0.00632019 0.00107699 0.01336888 0.00634223 0.00146363 0.0144114 0.00803224 0.00078837 0.01402616 0.0081006 0.00078999 0.01410667 0.00747566 0.00150147 0.01443033 0.00743593 0.0008999 0.01385134 0.0085984 0.00155099 0.01428052 0.00846861 0.00077466 0.01341363 0.01023002 0.00097945 0.01366125 0.00909069 0.00130549 0.0136 0.01013881 0.00166384 0.01412935 0.00892833 0.00124549 0.01422868 0.01095854 0.00075247 0.0140453 0.01104581 0.00065825 0.01499221 0.01175463 0.00109112 0.01513112 0.01165617 0.00223452 0.01501925 0.01057942 0.00199294 0.01564737 0.01124519 0.00191605 0.01604321 0.01148112 0.00186946 0.0164903 0.01163545 0.00183607 0.01695243 0.01173286 0.00183648 0.0178956 0.01160851 0.00182746 0.0174264 0.01172272 0.00186112 0.01829957 0.01134627 0.00191004 0.01889947 0.01055389 0.00190463 0.01909359 0.01008011 0.00183291 0.01906623 0.00860489 0.00188155 0.01916266 0.00957116 0.00171427 0.01879492 0.00775249 0.00068989 0.01966276 0.00818929 0.00178209 0.01891529 0.00817783 0.00077227 0.01940078 0.00771594 0.00161663 0.01885339 0.00714354 0.00070605 0.01928461 0.00712595 0.00098186 0.01980245 0.0059114 0.00220739 0.0194575 0.00591727 0.00134932 0.02035493 0.00514034 0.00275368 0.01982666 0.00504855 0.00156805 0.0208638 0.00431885 0.00302596 0.02016643 0.00409915 0.00149949 0.02133585 0.00319515 0.00282171 0.02057476 0.00299304 0.00133591 0.02167675 0.00201863 0.00249571 0.02093204 0.00186858 0.00129738 0.02183808 0.00107123 0.00241731 0.02106819 0.00099726 0.0012969 0.02185618 0.00010472 0.00246914 0.02095773 -0.0012349 0.00132287 0.02172332 -0.00130276 0.00241862 0.02107827 0.00010346 -0.00184118 0.0182551 0.01127982 -0.00155797 0.0184244 0.01155937 0.00135385 0.02140579 -0.00269279 0.00255513 0.02022953 -0.00425159 0.00135373 0.02092773 -0.00439152 0.00253594 0.02067544 -0.00255902 0.00131781 0.02042076 -0.00608265 0.00238887 0.01923314 -0.0079064 0.00125187 0.0198431 -0.00801046 0.00250458 0.01976355 -0.00593898 -0.00374076 0.01320426 0.00459192 -0.00258542 0.01177614 0.00354581 -0.00270908 0.01247859 0.00468948 -0.00369413 0.01282077 0.00332954 -0.00490978 0.01671854 0.00289175 -0.00499712 0.0152754 0.00338113 0.00103059 0.01867756 -0.01342842 0.00187262 0.01813871 -0.01519154 0.0009766 0.01856842 -0.01516948 0.0019784 0.01821663 -0.0134217 -0.00220737 0.01671812 -0.03089253 -0.00249649 0.01785602 -0.0310123 -0.0023427 0.01769527 -0.03193821 -0.0020582 0.01653664 -0.03174437 0.00095373 0.01907597 -0.01838015 0.00179201 0.01862485 -0.01846546 0.00101613 0.01957931 -0.01943639 0.00188644 0.01908045 -0.01954624 0.00112511 0.02024495 -0.02041227 0.00207166 0.01968228 -0.02055561 -0.00419161 0.0164052 0.00090387 -0.00402912 0.01436192 0.00099897 -0.00438144 0.01640806 0.0016462 -0.00417926 0.0144012 0.00178653 0.00224017 0.02015121 -0.02123431 0.00124518 0.02128978 -0.02240174 0.00121963 0.02077064 -0.0210776 0.00229885 0.02060882 -0.02250717 0.00114193 0.02220324 -0.02659042 0.00213484 0.02140204 -0.02652308 0.00191578 0.02139195 -0.02686783 0.00099458 0.02205736 -0.02692617 -0.00297779 0.02016643 0.00409915 -0.00378098 0.01953281 0.0028661 -0.00398167 0.01931891 0.0040178 -0.00277353 0.02057476 0.00299304 0.00187402 0.02148 -0.02808825 0.00095525 0.02207672 -0.02819033 0.00203336 0.02127582 -0.03158613 0.00119886 0.02221023 -0.03173386 0.00217295 0.02136806 -0.03151366 0.00111617 0.02207425 -0.03180566 0.00103431 0.02193272 -0.03187693 0.00189704 0.02118034 -0.03165805 0.00169054 0.02095327 -0.03292265 0.00090188 0.02158167 -0.03321208 0.00126206 0.02120227 -0.03725421 0.00225771 0.02039929 -0.03681272 0.00117536 0.02092644 -0.0371917 0.00212159 0.02013949 -0.03677509 0.0010428 0.01991278 -0.0378863 0.00198035 0.01987376 -0.03673455 0.00191161 0.019187 -0.03750481 0.00108615 0.02063709 -0.03712241 0.00078164 0.01733319 -0.04109298 0.00094629 0.01776823 -0.04115168 0.00242363 0.01890586 -0.03626143 0.0022985 0.01828921 -0.03710821 0.00223206 0.01570204 -0.03510748 0.00230586 0.01634893 -0.03632855 0.00248531 0.01674268 -0.03540157 0.00203204 0.0154445 -0.03599416 0.0026503 0.01560592 -0.03478152 0.00269333 0.01680254 -0.03523513 0.00290258 0.0168547 -0.03506591 0.00244123 0.01565992 -0.0349463 0.00228181 0.01479385 -0.03474563 0.00208599 0.01495112 -0.03487681 0.00178627 0.01586008 -0.03171019 0.00186339 0.01599768 -0.03085228 0.00228707 0.01570447 -0.0306642 0.00206366 0.01585487 -0.03075902 -0.00271183 0.01980372 0.00507185 -0.00367905 0.01911882 0.0050836 0.00298455 0.01725095 -0.02767117 0.00300009 0.01821878 -0.02674875 0.00280243 0.01706589 -0.02686387 0.00313466 0.0184445 -0.02767572 0.00301633 0.0176812 -0.02642297 0.00265919 0.01620757 -0.02664985 -0.00234067 0.01923314 -0.0079064 -0.00331196 0.01892813 -0.00573482 -0.00245639 0.01976355 -0.00593898 -0.00316591 0.01847313 -0.00776159 0.00160979 0.01389907 -0.02242909 0.00249894 0.01489809 -0.02338487 0.00247875 0.01473885 -0.02225167 0.00163736 0.01408854 -0.02355585 -0.00197271 0.02131055 -0.02690395 -0.00248826 0.02049069 -0.02790095 -0.0025411 0.02039551 -0.02681854 -0.00188422 0.02142757 -0.02803499 -0.00344512 0.01365898 0.00554349 -0.00249194 0.0130712 0.00555321 -0.00346969 0.01261192 0.00200928 -0.00215736 0.01106882 0.00138737 -0.00229738 0.01124766 0.00232451 -0.00337361 0.01257701 0.00115384 -0.00421327 0.01615506 0.00628147 -0.00416126 0.01715948 0.00619539 -0.00239077 0.01406515 -0.01900107 -0.00152515 0.01359044 -0.02036645 -0.00157118 0.0132846 -0.01914199 -0.00232104 0.01435917 -0.02021004 0.00234276 0.01464264 0.00967879 0.00213552 0.01852154 0.00822133 0.00206094 0.01844989 0.00776024 0.00216713 0.01846169 0.00718066 0.00311865 0.01891308 0.00599448 0.00373828 0.01914483 0.00506527 0.00403171 0.01932225 0.00401928 0.00383024 0.01953476 0.00286581 0.00336592 0.01987235 0.00091874 0.00347269 0.01975983 0.00170841 -0.00072499 0.01543159 -0.04292607 -0.00135883 0.01551803 -0.04225646 -0.00078231 0.01591763 -0.04258502 -0.00126245 0.01505725 -0.04260779 0.00333275 0.01991848 0.00010946 0.00335084 0.01985652 -0.00113538 -0.00357323 0.0149281 0.00638113 -0.00422034 0.01444158 0.00551812 0.00340147 0.0196575 -0.00237592 0.00341744 0.01930708 -0.00405869 -0.00340837 0.01448213 -0.01349543 -0.00333408 0.01569175 -0.01532964 -0.00326147 0.01451034 -0.01540551 -0.00348999 0.01568399 -0.01344222 0.00336135 0.01893021 -0.00573517 0.00321516 0.01847504 -0.00776183 -0.00396596 0.01454281 -0.00206693 -0.0041531 0.01648206 -0.0020849 -0.00402613 0.01472709 -0.00371209 -0.00419391 0.01645036 -0.00374225 -0.00234484 0.01461334 -0.021428 -0.00152638 0.01381795 -0.02160643 0.00258073 0.01758016 -0.01522277 0.00271746 0.01763045 -0.0134124 -0.00217699 0.0213165 -0.02647358 -0.00275527 0.02035521 -0.02638758 0.00245379 0.01840803 -0.01968525 0.00238508 0.01801881 -0.0185751 0.00264931 0.01892411 -0.02073732 -0.00259762 0.01892315 -0.02073734 -0.00202102 0.0196842 -0.02055514 -0.00288673 0.01423243 0.00636108 -0.00203802 0.01372168 0.00632599 0.00293136 0.0197043 -0.02262937 0.00284967 0.01932188 -0.02143196 0.00254339 0.02048849 -0.02676629 0.0027269 0.02039634 -0.02638309 0.00255448 0.02061159 -0.02793376 0.00257001 0.02025428 -0.03128894 0.00273374 0.02031849 -0.03119924 0.00224475 0.02001022 -0.03252634 0.00241351 0.02018789 -0.03137811 0.00260651 0.01912081 -0.03621506 0.0027898 0.01933144 -0.03616661 0.00225556 0.01671812 -0.03089253 0.0024206 0.0177358 -0.03189706 0.00254598 0.01786997 -0.0309792 0.00215288 0.01656871 -0.03174526 0.00297652 0.01782248 -0.03074885 0.0024793 0.01663993 -0.03078452 0.00275114 0.01784685 -0.03086383 0.00273011 0.01655782 -0.03067674 0.003313 0.0172298 -0.02298264 0.00302107 0.01576225 -0.02205397 0.00304895 0.01587943 -0.0232003 0.00324391 0.0170253 -0.02185347 0.00240223 0.01462494 -0.02142545 0.00237528 0.01436364 -0.02020897 0.00243913 0.0140557 -0.01900275 -0.00261263 0.01931386 -0.03616801 -0.00208616 0.02039929 -0.03681272 -0.00201101 0.02013727 -0.03677401 -0.0024914 0.019108 -0.03621402 0.00277522 0.0134262 -0.01549979 0.00289351 0.01336977 -0.0135798 -0.00194684 0.02129283 -0.03155686 -0.00265474 0.02035092 -0.03109776 -0.00205007 0.02141842 -0.03137502 -0.00250534 0.02025815 -0.03128098 -0.00254422 0.01745888 0.00778446 -0.00284702 0.01731362 0.0072486 -0.00265296 0.01684082 0.00781156 -0.00293783 0.0166224 0.00728297 -0.00266887 0.01687999 0.00815936 -0.00256511 0.01749476 0.00818238 0.00327523 0.01350139 -0.00757824 0.00339633 0.01345145 -0.00544592 0.00335807 0.01288601 -0.00216337 0.00341009 0.01321514 -0.00380142 -0.00455059 0.01415736 0.00450618 0.00331424 0.01259087 0.00030674 0.00329854 0.01269226 -0.0009286 -0.00149112 0.01336954 -0.04090814 -0.00171649 0.01401387 -0.04092861 -0.00163403 0.01374187 -0.04131981 -0.00153355 0.01357015 -0.04052786 3.747E-05 0.01244036 -0.04005945 -0.00048519 0.01254385 -0.04013479 -0.00095035 0.01283801 -0.04037028 0.00352236 0.01260439 0.00201072 0.00342644 0.01257065 0.00115448 0.00379101 0.01319949 0.00459269 0.00374823 0.01281627 0.0033306 0.00348344 0.01364381 0.00554196 0.00292127 0.01421166 0.0063596 0.00208343 0.0149324 0.00796931 0.00217358 0.01488825 0.00742032 0.00217837 0.01487406 0.00838614 0.00270115 0.01684082 0.00781156 0.00250659 0.01558914 0.00790933 0.00298603 0.0166224 0.00728297 0.00266881 0.01549696 0.00739286 0.00258352 0.01745274 0.0077833 0.00288982 0.01730692 0.00724986 0.00426146 0.01615506 0.00628147 0.00491208 0.01709653 0.00525583 0.00420531 0.01715508 0.00619872 0.00497644 0.01594847 0.00536573 0.00521901 0.01697136 0.00416574 0.00527648 0.01568007 0.00432379 0.00495765 0.01671837 0.00289182 0.00504533 0.01527541 0.00338112 0.00442838 0.01640829 0.00164665 0.00422745 0.0144012 0.00178653 0.00407731 0.01436192 0.00099897 0.00423828 0.01640548 0.00090401 2.766E-05 0.01314671 -0.03872493 -0.00042237 0.01344446 -0.03897122 2.411E-05 0.0133758 -0.03894185 -0.00050226 0.01322702 -0.03873437 -0.00165506 0.01436831 -0.03910451 -0.00163712 0.0150625 -0.0396417 -0.00139892 0.01441716 -0.03932533 -0.00192367 0.01511458 -0.03945984 0.00417383 0.01644184 0.00018178 0.00398469 0.01434629 0.00024666 0.00396464 0.01442011 -0.00090829 0.00415864 0.01647857 -0.00094865 -0.00450107 0.01418713 0.00319305 0.00401415 0.01454281 -0.00206693 0.00407433 0.01472709 -0.00371209 0.00419982 0.01648223 -0.00208493 0.00424068 0.01645056 -0.00374221 0.00406554 0.0148239 -0.00535865 0.00405229 0.01614115 -0.00752978 0.00421028 0.01635763 -0.0053964 0.00392496 0.01476071 -0.00750914 -0.00255519 0.01562957 0.0082943 -0.0024584 0.01558914 0.00790933 -0.003262 0.01259559 0.00030676 -0.00207833 0.01118186 -0.00097429 -0.00207088 0.01107153 0.00040951 -0.0032465 0.01269651 -0.00092847 0.00345656 0.01448214 -0.01349543 0.00338134 0.01569194 -0.01532961 0.00353723 0.01568419 -0.01344219 0.00330967 0.01451034 -0.01540551 0.00284284 0.01531679 -0.02005413 0.00299085 0.01613932 -0.01877703 0.00290417 0.01502009 -0.01887097 0.00296101 0.01644287 -0.01993859 0.00290326 0.01560758 -0.02123871 0.00307632 0.0167932 -0.02108325 -0.00193021 0.01821663 -0.0134217 -0.00253192 0.01757889 -0.01522287 -0.00266859 0.0176291 -0.01341244 -0.00182443 0.01813871 -0.01519154 -0.00319682 0.01702505 -0.02185355 -0.00304568 0.01602035 -0.02314323 -0.00297288 0.01576225 -0.02205397 -0.00328351 0.01730076 -0.0229591 -0.00262062 0.01549696 0.00739286 2.41E-05 0.01323332 -0.02256496 -0.00083961 0.01355214 -0.02366283 1.499E-05 0.01335651 -0.02370752 -0.00081751 0.01338913 -0.02253283 0.00459876 0.01415736 0.00450618 0.00454937 0.01418715 0.00319303 0.00426852 0.01444158 0.00551812 0.00362142 0.0149281 0.00638113 -0.00250693 0.02022953 -0.00425159 -0.00335187 0.01965524 -0.00237596 -0.00248775 0.02067544 -0.00255902 -0.00336788 0.0193048 -0.00405852 0.00104637 0.01351252 -0.03880763 0.00120966 0.01402075 -0.03917236 0.00145215 0.01390562 -0.03892612 0.00086497 0.01368683 -0.03906466 0.00170573 0.01493628 -0.03581252 0.00188925 0.01509079 -0.03500329 0.00122846 0.01306696 -0.04048138 0.00126297 0.01324203 -0.04015591 0.00088345 0.01283593 -0.04029703 0.00090421 0.01298548 -0.03998793 0.00147265 0.01333489 -0.04071205 0.00163419 0.01384547 -0.04112908 0.001714 0.01410065 -0.04077501 0.00151961 0.01354321 -0.04037151 0.00168458 0.0150627 -0.03964179 0.0017285 0.01437411 -0.03910827 0.00144711 0.01441716 -0.03932534 0.00199567 0.01511675 -0.03946148 0.00161909 0.01488986 -0.0421114 0.00164946 0.01437464 -0.04158812 0.00163419 0.01384547 -0.04112908 0.00048568 0.01257393 -0.04012651 0.00049558 0.01272621 -0.03983497 0.00057398 0.01324371 -0.03873966 0.0004751 0.01345967 -0.03897683 0.00048568 0.01257393 -0.04012651 0.00241715 0.01638576 -0.02779516 0.00153516 0.0156484 -0.02791944 -0.00149112 0.01336954 -0.04090814 -0.00163403 0.01374187 -0.04131981 -0.00025227 0.01593984 0.01236004 -0.00025689 0.01540818 0.01210345 0.00019074 0.0158867 0.01233525 0.00019149 0.01539135 0.01208878 0.00018561 0.01665886 0.01261915 -0.00024791 0.01667575 0.01262566 -0.00024981 0.01815131 0.01255845 0.00018118 0.01746095 0.01270398 0.00018082 0.01815968 0.01255185 -0.00024837 0.01743956 0.01270637 -0.00026709 0.01962479 0.01110139 -0.00025429 0.01877526 0.01215676 0.00018183 0.01877204 0.01214879 0.0001813 0.01962363 0.01109066 -0.0002618 0.01989934 0.01053294 0.00015114 0.01990017 0.01051652 -0.00031153 0.01993765 0.00863676 -0.00026276 0.02002236 0.0099168 -0.00028271 0.01956881 0.00769711 -0.00029103 0.0197759 0.00816194 -0.00034903 0.01936878 0.00711385 -0.00019466 0.02045899 0.00521884 -0.00033247 0.01980763 0.00593593 -7.476E-05 0.02105811 0.00447102 -3.481E-05 0.0215771 0.0033247 -4.757E-05 0.02209318 0.00111233 -4.806E-05 0.02191511 0.0020971 -5.423E-05 0.02197291 -0.00132677 -5.146E-05 0.02211744 0.00010851 -5.65E-05 0.02163204 -0.00274342 -5.922E-05 0.02113958 -0.0044399 -5.907E-05 0.02061924 -0.00612898 -5.418E-05 0.02002554 -0.00804431 -0.00411183 0.01647838 -0.00094868 -0.00391645 0.01442011 -0.00090829 -0.00412702 0.0164416 0.00018171 -0.0039365 0.01434629 0.00024666 -0.00115199 0.01408282 0.00852598 -0.00199032 0.01475401 0.00841555 -0.00189569 0.01482924 0.00799109 -0.00108907 0.01424126 0.00807403 -0.00284254 0.01337472 -0.0135793 -0.0027243 0.01343101 -0.01549925 -0.00184465 0.01248987 -0.0136822 -0.00176782 0.01256665 -0.01560498 -3.358E-05 0.01881199 -0.01343231 -2.821E-05 0.01869191 -0.01516386 -2.815E-05 0.01972122 -0.01939743 -2.702E-05 0.01920415 -0.01834994 -3.126E-05 0.02040526 -0.02036244 -5.665E-05 0.02149283 -0.02236347 -3.612E-05 0.02094897 -0.02102422 -0.00011044 0.02246895 -0.02659956 -0.00013414 0.02226438 -0.02695373 -0.00012992 0.02225813 -0.02820731 -0.00302044 0.01889518 0.00601872 -0.0020962 0.01946718 0.00591792 -5.5E-05 0.02251962 -0.0317846 -6.905E-05 0.02236179 -0.03188243 -8.37E-05 0.02219602 -0.0319797 -0.00010044 0.02181698 -0.0333793 -8.207E-05 0.02120377 -0.03734484 -5.632E-05 0.02148609 -0.03740932 -0.00010509 0.02090668 -0.03727274 -0.00012604 0.02015818 -0.03803946 -3.835E-05 0.01792786 -0.04127988 -3.688E-05 0.0174743 -0.04119971 3.047E-05 0.0156208 -0.04303849 1.725E-05 0.01610798 -0.04270454 3.047E-05 0.0156208 -0.04303849 -0.00072499 0.01543159 -0.04292607 -0.00167772 0.01502525 -0.04183724 -0.00156059 0.01461409 -0.04220857 -0.00135292 0.01690658 -0.04079336 -0.0019675 0.01662459 -0.04034832 -0.00161676 0.0172755 -0.04079639 -0.00166332 0.01635285 -0.04041463 6.574E-05 0.01375448 -0.03451395 -0.00073319 0.01407635 -0.03472101 5.458E-05 0.01402276 -0.03467971 -0.00078825 0.01381545 -0.03456617 2.411E-05 0.01454736 -0.03084559 -0.00064926 0.01477574 -0.03083964 -0.00056787 0.01474327 -0.03162972 7.889E-05 0.01456685 -0.0316406 -0.00201671 0.01438058 0.00979766 -0.00206655 0.01499122 0.0106009 -0.00222307 0.0146861 0.00970056 -0.00189594 0.01477774 0.01070411 -3.185E-05 0.01409485 -0.03067191 -0.00075928 0.01454157 -0.03076307 -4.99E-06 0.01432227 -0.03075898 -0.00087484 0.01430248 -0.03068534 -0.00076336 0.0149615 -0.02714222 3.43E-05 0.01478225 -0.02789773 3.13E-05 0.01473833 -0.02717724 -0.0008129 0.01501397 -0.0279118 -0.0008242 0.01442834 -0.02700799 -3.4E-05 0.01411984 -0.02708783 2.51E-05 0.01300684 -0.02049739 -0.00079918 0.01333858 -0.02170711 2.593E-05 0.01319989 -0.02173726 -0.00080023 0.01313172 -0.02046432 2.347E-05 0.01270878 -0.01927465 -0.00082591 0.01282777 -0.01923865 2.41E-05 0.01187087 -0.01379159 -0.00092829 0.01208722 -0.01569027 2.411E-05 0.01197314 -0.01572728 -0.00096756 0.01199086 -0.01375915 -0.00166576 0.01546171 0.01138899 -0.0018733 0.01563402 0.0112311 2.41E-05 0.01155468 -0.0057723 -0.0011029 0.01192651 -0.00778251 2.41E-05 0.01178413 -0.00781537 -0.00114868 0.01171778 -0.00572418 2.411E-05 0.01034068 -0.00254215 -0.00116022 0.01121883 -0.00409432 2.411E-05 0.01100028 -0.00414948 -0.00114287 0.01061977 -0.00247818 -0.00159992 0.01589731 0.01165254 -0.00181679 0.01606096 0.01146503 -0.00110333 0.01022477 0.00052879 2.41E-05 0.00996778 -0.00097993 2.41E-05 0.00993908 0.00059718 -0.00110643 0.01028442 -0.00098288 -0.00096987 0.01351011 -0.03880637 -0.00116037 0.01402237 -0.03917293 -0.00081678 0.01368683 -0.03906466 -0.00137539 0.01390356 -0.03892417 -0.00048519 0.01254385 -0.04013479 3.747E-05 0.01244036 -0.04005945 -0.00048538 0.01269815 -0.03984012 3.519E-05 0.01260037 -0.03977434 -0.0012307 0.01063944 0.00256696 2.411E-05 0.01013531 0.00166472 2.411E-05 0.01052348 0.00268412 -0.00115507 0.01033686 0.00157082 2.41E-05 0.01181261 0.0049907 -0.00139919 0.01192099 0.0048846 2.335E-05 0.01108972 0.00388716 -0.00135907 0.01119495 0.00377449 -0.00127828 0.01259677 0.00565034 2.736E-05 0.01250755 0.00571043 -0.0010413 0.01335108 0.00634125 2.865E-05 0.01328583 0.00636552 -0.00055558 0.01395147 0.00812304 5.8E-06 0.01399511 0.00750126 2.411E-05 0.01387652 0.00814012 -0.00066674 0.01407062 0.00748154 -0.00053863 0.01373315 0.00862774 0.00013062 0.01366042 0.00866952 -0.00042752 0.01344512 0.01023906 0.00022301 0.01346562 0.00920163 0.00017897 0.013384 0.01025555 -0.0005353 0.01353402 0.00913683 -0.00033167 0.01398349 0.01107449 0.00021233 0.01397638 0.0110781 -0.00027103 0.01490772 0.0117907 0.00019402 0.01492317 0.01179253 -0.00141367 0.01440356 0.0108796 -0.00099412 0.0136632 0.01014444 -0.00084949 0.01413108 0.01100511 -0.0015486 0.01397126 0.00998246 -0.00071889 0.01499596 0.01171752 -0.00122178 0.01519398 0.01158679 -0.00067684 0.01605436 0.01228174 -0.00114915 0.01620305 0.01210046 -0.00117228 0.01567618 0.01188001 -0.00068789 0.01550643 0.01203168 -0.00066202 0.01672705 0.01251403 -0.00112523 0.01682028 0.01228358 -0.00112638 0.018062 0.01218521 -0.00065696 0.01742377 0.01258191 -0.0006603 0.01811304 0.01244125 -0.00112066 0.01745217 0.01231598 -0.00067195 0.01871597 0.01205748 -0.00069797 0.01952919 0.01103656 -0.00114353 0.01859375 0.01184704 -0.00117928 0.0193454 0.01089121 -0.00066109 0.01981019 0.01047397 -0.0011785 0.01958655 0.01034866 -0.00115647 0.01968406 0.00978282 -0.00068504 0.01990827 0.00988156 -0.00154314 0.02032834 0.00513464 -0.00139131 0.01972307 0.00589742 -0.00161356 0.02084794 0.00431674 -0.00150929 0.02131769 0.00318551 -0.00135785 0.02164664 0.00200408 -0.00131974 0.02180141 0.00106311 -0.00132292 0.02181698 0.00010362 -0.00242095 0.02095773 -0.0012349 -0.00237043 0.02107827 0.00010346 -0.00135067 0.02168718 -0.0012993 -0.00138279 0.0213758 -0.00268475 -0.00138515 0.02089972 -0.00438435 -0.00134939 0.02039358 -0.00607606 -0.00127886 0.01981846 -0.00800564 -0.00128395 0.01436138 0.00744821 -0.00204955 0.01484739 0.00742741 -0.00330592 0.01289079 -0.00216309 -0.00219116 0.01195608 -0.00397452 -0.00214744 0.01146387 -0.00234652 -0.00335809 0.0132206 -0.00380094 -0.00328341 0.01991684 0.00010966 -0.00330137 0.01985463 -0.00113526 -0.00103803 0.01866102 -0.01342781 -0.00097881 0.0185539 -0.01516997 -0.00214139 0.01468405 0.00884493 -0.00127685 0.01393553 0.00901373 -0.002192 0.02015121 -0.02123431 -0.00289669 0.01968863 -0.02263149 -0.00280012 0.01931974 -0.02143229 -0.00227306 0.02058847 -0.02249418 -0.00095418 0.01906252 -0.0183836 -0.00101586 0.01956688 -0.01944019 -0.00112669 0.02023267 -0.02041681 -0.00128517 0.02125553 -0.02239405 -0.001227 0.02075568 -0.0210827 -0.00127156 0.02210254 -0.02654866 -0.00116376 0.02197014 -0.02694703 -0.00109848 0.02201671 -0.02815068 -0.00100458 0.01926808 0.00772134 -0.0010589 0.01912723 0.00712774 -0.00173193 0.01873925 0.00774429 -0.00190034 0.01864367 0.00717164 -0.00113706 0.02202141 -0.03176395 -0.00118465 0.02217487 -0.03161727 -0.00109059 0.02185983 -0.03190995 -0.00174168 0.02094586 -0.03313841 -0.00184591 0.02116034 -0.03173787 -0.00102978 0.02155247 -0.03335144 -0.00119817 0.02085995 -0.03715514 -0.00122801 0.02113793 -0.03721843 -0.00117292 0.01984357 -0.03784999 -0.00193216 0.01987376 -0.03673455 -0.00116371 0.02057396 -0.03708767 -0.00192567 0.01916029 -0.03749933 -0.0007913 0.01730942 -0.04107448 -0.00094416 0.0177452 -0.04113215 -0.00237086 0.01890153 -0.03625973 -0.00229275 0.01824913 -0.03711256 -0.00127232 0.0130893 -0.04061191 -0.00095035 0.01283801 -0.04037028 -0.0012939 0.0132589 -0.04025911 -0.00127232 0.0130893 -0.04061191 -0.00095177 0.01298583 -0.04004537 4.626E-05 0.01425779 -0.03483868 -0.00067197 0.01430739 -0.03486955 3.494E-05 0.01414386 -0.03567952 -0.0006195 0.01420613 -0.03568646 -0.00227689 0.01634518 -0.03635381 -0.00218387 0.01570204 -0.03510748 -0.00243839 0.01674248 -0.03540156 -0.00200215 0.01547017 -0.03601725 -0.00168412 0.0149557 -0.03584537 -0.00130676 0.01461078 -0.03494793 -0.00184001 0.01509297 -0.03500355 -0.00120023 0.01451498 -0.03574358 -0.00247169 0.01559514 -0.03482057 -0.00258157 0.01679141 -0.0352564 -0.00232864 0.01565487 -0.03496581 -0.00272487 0.01683336 -0.03510874 -0.00211433 0.01481416 -0.03473064 -0.00141904 0.01440971 -0.03481811 -0.00152475 0.01418512 -0.03468285 -0.00197941 0.01496265 -0.03486938 -0.00125202 0.01536346 -0.03084113 -0.00168661 0.01585024 -0.03167496 -0.00115546 0.01526124 -0.03165063 -0.00181379 0.01599961 -0.03084803 -0.00161584 0.01491763 -0.03069302 -0.00228126 0.01567523 -0.03065652 -0.00142723 0.01514503 -0.03076825 -0.00204076 0.01584441 -0.03075396 -0.00268772 0.01700246 -0.02675775 -0.00286512 0.01811356 -0.02774735 -0.00262708 0.0168766 -0.02777302 -0.00290049 0.01814654 -0.02671186 -0.00104188 0.01943843 0.00817865 -0.00179248 0.01884223 0.00822034 -0.00311564 0.0181034 -0.02632943 -0.00292049 0.01699241 -0.02640383 -0.00245157 0.01664669 -0.03077172 -0.00295014 0.01782843 -0.03071735 -0.00271831 0.01784931 -0.03086604 -0.00270778 0.016555 -0.03064722 -0.00224497 0.01998111 -0.032691 -0.00236038 0.02015807 -0.03146307 -0.00278943 0.01530287 -0.02005669 -0.00291133 0.01643546 -0.01994 -0.00284532 0.01558178 -0.02124312 -0.00302444 0.0167795 -0.02108544 -0.00285918 0.01502864 -0.01886867 -0.0029451 0.01614349 -0.01877558 0.00087527 0.01341993 -0.02252661 0.00088227 0.01356656 -0.02366417 -0.00368577 0.01462513 -0.00965846 -0.00364161 0.01575152 -0.01154988 -0.00354531 0.01451348 -0.01157667 -0.0038004 0.01591911 -0.00966104 -0.00219322 0.01878046 -0.00988905 -0.00281694 0.01778856 -0.0115992 -0.00298129 0.01808661 -0.00979806 -0.00205288 0.01842063 -0.01164711 -0.00119197 0.01931508 -0.0099521 -0.00110887 0.01890502 -0.01167994 -4.674E-05 0.01950113 -0.00997717 0.00117208 0.01933648 -0.00995517 0.0010956 0.01892378 -0.01168168 -3.971E-05 0.01907173 -0.01169401 0.00210108 0.01842063 -0.01164711 0.00224141 0.01878046 -0.00988905 0.00286591 0.01779008 -0.01159923 0.00303038 0.01808834 -0.00979818 0.00373396 0.01462513 -0.00965846 0.00368881 0.01575172 -0.01154983 0.0038475 0.01591932 -0.00966099 0.00359351 0.01451348 -0.01157667 0.00204455 0.01248652 -0.00981187 0.00300319 0.0133656 -0.01164891 0.00311705 0.01343264 -0.00971686 0.00196646 0.01245697 -0.01174813 0.001104 0.0119697 -0.00986928 0.00106203 0.01196661 -0.01181362 -0.00104718 0.01193318 -0.00987248 -0.0010057 0.01193174 -0.01181722 2.41E-05 0.01179409 -0.00989713 2.41E-05 0.01180218 -0.01184585 -0.00306587 0.01343789 -0.00971646 -0.00295213 0.01337067 -0.01164846 -0.00199638 0.01248652 -0.00981187 -0.00191827 0.01245697 -0.01174813 -0.0015616 0.01389906 -0.02242909 -0.00247866 0.01498815 -0.02334154 -0.00159758 0.01412179 -0.02354044 -0.00242788 0.0147427 -0.02225089 -0.00220645 0.0162258 -0.0268882 -0.00148851 0.01556836 -0.02704976 -0.00235617 0.01600517 -0.02659132 -0.0015249 0.0151402 -0.02683656 -0.00221002 0.016233 -0.02786116 -0.00158459 0.01563094 -0.02790749 0.00078685 0.01500965 -0.02717294 0.00079239 0.01437887 -0.02703299 0.00084039 0.01505888 -0.02791838 0.00230724 0.01513372 0.01052472 0.00244304 0.01483548 0.0096249 0.00232067 0.01480856 0.00880372 0.0025987 0.01563019 0.00829351 0.00271608 0.01687757 0.00814575 0.00260227 0.01749479 0.00817832 0.00208676 0.01890997 0.0095081 0.00221576 0.01864616 0.00867572 0.00206001 0.01873269 0.01045356 0.0020698 0.01889631 0.00999206 0.00202054 0.01819018 0.01116771 0.00199411 0.0178056 0.01141718 0.00197548 0.01735801 0.01153501 0.00198902 0.01662741 0.01150053 0.00197096 0.01698947 0.01155897 0.0020189 0.01615405 0.01137743 0.00208577 0.01573551 0.01115921 0.00018561 0.01665886 0.01261915 0.00019074 0.0158867 0.01233525 0.00019149 0.01539135 0.01208878 0.00019402 0.01492317 0.01179253 0.00021233 0.01397638 0.0110781 0.00017897 0.013384 0.01025555 0.00022301 0.01346562 0.00920163 0.00013062 0.01366042 0.00866952 2.411E-05 0.01387652 0.00814012 5.8E-06 0.01399511 0.00750126 2.865E-05 0.01328583 0.00636552 2.736E-05 0.01250755 0.00571043 2.41E-05 0.01181261 0.0049907 2.335E-05 0.01108972 0.00388716 2.411E-05 0.01052348 0.00268412 2.411E-05 0.01013531 0.00166472 2.41E-05 0.00993908 0.00059718 2.41E-05 0.00996778 -0.00097993 2.411E-05 0.01034068 -0.00254215 2.411E-05 0.01100028 -0.00414948 2.41E-05 0.01155468 -0.0057723 2.41E-05 0.01178413 -0.00781537 2.41E-05 0.01179409 -0.00989713 2.41E-05 0.01180218 -0.01184585 2.41E-05 0.01187087 -0.01379159 2.411E-05 0.01197314 -0.01572728 2.347E-05 0.01270878 -0.01927465 2.51E-05 0.01300684 -0.02049739 2.593E-05 0.01319989 -0.02173726 2.41E-05 0.01323332 -0.02256496 1.499E-05 0.01335651 -0.02370752 3.13E-05 0.01473833 -0.02717724 -3.4E-05 0.01411984 -0.02708783 3.43E-05 0.01478225 -0.02789773 -3.185E-05 0.01409485 -0.03067191 -4.99E-06 0.01432227 -0.03075898 2.411E-05 0.01454736 -0.03084559 7.889E-05 0.01456685 -0.0316406 6.574E-05 0.01375448 -0.03451395 5.458E-05 0.01402276 -0.03467971 4.626E-05 0.01425779 -0.03483868 3.494E-05 0.01414386 -0.03567952 2.766E-05 0.01314671 -0.03872493 2.411E-05 0.0133758 -0.03894185 3.747E-05 0.01244036 -0.04005945 3.519E-05 0.01260037 -0.03977434 -0.00336531 0.01718613 0.00678184 -0.00343723 0.01638384 0.00683387 -0.00295833 0.01531845 0.00693999 -0.00161676 0.01426401 0.00689234 -0.00236501 0.01471155 0.00692727 -0.00082403 0.0139434 0.00690615 2.411E-05 0.01387251 0.00692417 2.411E-05 0.01387251 0.00692417 0.00087698 0.01396093 0.00691237 0.00166705 0.01425728 0.00690105 0.00241574 0.01470453 0.00693205 0.00348542 0.01638384 0.00683387 0.00300652 0.01531845 0.00693999 0.00340511 0.01717889 0.00678757 0.00166913 0.01905982 0.00658531 0.00245093 0.0185966 0.00665752 0.00067384 0.01937511 0.00656057 -0.00039734 0.01937283 0.00656612 -0.00125699 0.01916896 0.00656195 -0.0022561 0.0186448 0.00668625 -0.001765 0.01448319 -0.0413575 -0.00165452 0.01413493 -0.04174168 -0.00202461 0.01587069 -0.03987915 -0.00172449 0.01571616 -0.04001504 -0.00247068 0.01780441 -0.03579104 -0.00235082 0.01726736 -0.0367237 -0.0027469 0.01806597 -0.03554999 -0.0026081 0.0179369 -0.03567123 -0.00238346 0.01885566 -0.03224808 -0.00252864 0.01903032 -0.03120177 -0.00290483 0.01913101 -0.03087256 -0.00271351 0.01908494 -0.03103794 -0.00276807 0.01940532 -0.02779768 -0.00280126 0.01934283 -0.02674986 -0.00302225 0.01925969 -0.02633735 -0.00318402 0.0186234 -0.02278711 -0.00308689 0.01832104 -0.02164026 -0.00288474 0.01800373 -0.02091971 -0.00271586 0.01758322 -0.01982032 -0.00269406 0.01726012 -0.0186813 -0.00315511 0.01686675 -0.01341574 -0.00300004 0.01685143 -0.01526547 -0.00348251 0.01720456 -0.00971859 -0.00331356 0.01697515 -0.01156342 -0.00383476 0.01788408 -0.00554924 -0.00368259 0.01751531 -0.00763145 -0.00384065 0.01841879 -0.0022191 -0.00387396 0.01816885 -0.00388727 -0.00379365 0.01853854 -0.0010438 -0.00379692 0.01854 0.00013008 -0.0038548 0.01844809 0.00088374 -0.00398532 0.01834407 0.00162681 -0.00442877 0.01824775 0.0028399 -0.00468028 0.01823241 0.00404761 -0.00438674 0.01820949 0.00514433 -0.00371525 0.01811661 0.00610609 -0.00252705 0.01795166 0.0072235 -0.00297729 0.01793028 0.00674034 -0.00226869 0.01803515 0.00776831 -0.0023373 0.01804816 0.00822145 -0.00222236 0.01859669 0.00944845 -0.00243736 0.01812023 0.00866449 -0.00215297 0.01865169 0.00990238 -0.00211477 0.01853016 0.01035095 -0.00208953 0.01806498 0.01096882 -0.0020618 0.01763542 0.01122977 -0.00202621 0.01713613 0.01135142 -0.00200454 0.01692063 0.01137433 -0.00199298 0.01670717 0.0113547 -0.00200412 0.01624195 0.01124849 -0.00205411 0.01582298 0.01104607 -0.00220582 0.01523117 0.01048374 -0.00238773 0.01503054 0.00960611 -0.00265932 0.01558004 0.00866523 0.00252131 0.01504526 0.00957678 0.00270751 0.01558004 0.00866523 0.00236386 0.01525922 0.0104648 0.00216467 0.01583053 0.01106104 0.00210329 0.01627512 0.01126088 0.0020859 0.01677609 0.01135143 0.00209053 0.01702083 0.01136922 0.00210715 0.01726622 0.01133852 0.00213431 0.0176989 0.01121605 0.00216059 0.01807059 0.0109745 0.00219019 0.01854707 0.01034776 0.00221431 0.01867977 0.00989978 0.00226853 0.0186335 0.00944756 0.00247758 0.01815313 0.00869074 0.00238079 0.01806283 0.00823539 0.00231688 0.01803515 0.00776831 0.00257675 0.01794814 0.00722362 0.00302546 0.01793028 0.00674034 0.00443475 0.01821011 0.00514418 0.00376323 0.01811751 0.00610587 0.00472848 0.01823241 0.00404761 0.00447695 0.01824775 0.0028399 0.00403349 0.01834407 0.00162681 0.00390298 0.01844809 0.00088374 0.00384511 0.01854 0.00013008 0.00384184 0.01853854 -0.0010438 0.00388884 0.01841879 -0.0022191 0.00392216 0.01816885 -0.00388727 0.00388295 0.01788408 -0.00554924 0.00373078 0.01751531 -0.00763145 0.00353068 0.01720456 -0.00971859 0.00336177 0.01697515 -0.01156342 0.00320332 0.01686675 -0.01341574 0.00304825 0.01685143 -0.01526548 0.00276576 0.01758336 -0.01982025 0.00274121 0.01726013 -0.01868157 0.00293615 0.01800404 -0.02091973 0.00321775 0.01862743 -0.02277902 0.00313508 0.01832104 -0.02164026 0.00285351 0.01942733 -0.02670928 0.002963 0.01924364 -0.02630955 0.002925 0.01955923 -0.02780945 0.00275332 0.01909093 -0.03102523 0.00294009 0.01911992 -0.03091715 0.00243379 0.01889808 -0.0321603 0.00257893 0.01905926 -0.03113287 0.00271936 0.0179514 -0.03566558 0.00292246 0.01809329 -0.03553804 0.00251887 0.01780441 -0.03579104 0.00236749 0.01728798 -0.03669786 0.00209853 0.01586947 -0.03987844 0.00177268 0.01571617 -0.04001504 0.00164946 0.01437464 -0.04158812 0.00175428 0.01468177 -0.0412324 0.00095745 0.01873628 -0.01688527 0.00182274 0.01830903 -0.01694046 -2.577E-05 0.01885779 -0.0168688 -0.00095696 0.01872299 -0.01688686 -0.00177457 0.01830903 -0.01694046 -0.0024382 0.01774053 -0.01701807 -0.00286518 0.0170108 -0.01710305 -0.0030908 0.01469793 -0.01729676 -0.00316941 0.01586198 -0.01720294 -0.00258361 0.01365473 -0.01739588 -0.00168159 0.01281365 -0.01750237 -0.00088365 0.01234628 -0.01759619 2.411E-05 0.01223284 -0.01763863 0.00093933 0.01237752 -0.01759159 2.411E-05 0.01223284 -0.01763863 0.00172978 0.01281365 -0.01750237 0.00263445 0.01365017 -0.01739641 0.00313899 0.01469793 -0.01729676 0.00321665 0.01586216 -0.01720291 0.00291337 0.0170108 -0.01710305 0.00248705 0.01774186 -0.01701788 0.00129326 0.02176527 -0.02379867 -8.23E-05 0.02238077 -0.0252157 -6.788E-05 0.02201852 -0.02377094 0.00128035 0.022094 -0.0252269 -0.0013547 0.02199294 -0.02518028 -0.00134563 0.0216939 -0.02377168 -0.00234747 0.02092111 -0.02382095 -0.00233558 0.02115536 -0.02516798 -0.00293285 0.02017718 -0.02515717 -0.00296388 0.01996699 -0.0238883 -0.00321044 0.01905719 -0.02517866 -0.00324819 0.01885818 -0.02398098 -0.00334691 0.01758471 -0.02409459 -0.00311551 0.01670167 -0.02534087 -0.00312877 0.01635503 -0.02424632 -0.00330979 0.01785814 -0.02522965 -0.0025065 0.01557657 -0.02555388 -0.00252826 0.01525049 -0.02445943 -0.00161022 0.01431785 -0.02471462 -0.00158679 0.01462401 -0.02584943 -0.00086494 0.0136694 -0.02487883 -0.00086583 0.01392334 -0.02605016 -1.768E-05 0.01342164 -0.02494646 -4.322E-05 0.01363591 -0.0261409 -1.768E-05 0.01342164 -0.02494646 0.00083232 0.01388719 -0.02607372 0.00086647 0.0136571 -0.02489075 -4.322E-05 0.01363591 -0.0261409 0.00161758 0.01448792 -0.025921 0.00164791 0.01422883 -0.02475842 0.00229643 0.01511822 -0.02578772 0.00242106 0.01495437 -0.02460224 0.00277278 0.01587712 -0.02565662 0.00293943 0.01583238 -0.02443953 0.00314419 0.0173959 -0.02536516 0.00326586 0.01729408 -0.02417842 0.00312609 0.01899627 -0.02515474 0.00297228 0.01997337 -0.02388734 0.00321544 0.01882274 -0.02396575 0.00291637 0.02018228 -0.0251558 0.00236682 0.02096829 -0.02385362 0.00233902 0.02122717 -0.02521919 0.00269127 0.01752503 0.00837546 0.00277852 0.01689832 0.0082363 -0.00273544 0.01690212 0.00826427 -0.00265692 0.01751609 0.00838231 0.00279412 0.02061618 -0.02914674 0.00320212 0.01932508 -0.03002138 0.00293349 0.02053605 -0.0302708 0.00312138 0.01947594 -0.02895139 0.00213503 0.02158014 -0.02937262 0.00231452 0.0215834 -0.03055536 0.00113584 0.02230931 -0.02951767 0.00126985 0.02242977 -0.0307389 -5.241E-05 0.02272042 -0.03074389 -8.701E-05 0.02254212 -0.02951718 -0.00121467 0.02236686 -0.03056414 -0.00115987 0.0222403 -0.02938614 -0.00211181 0.02161122 -0.03033637 -0.0020067 0.0215658 -0.02920311 -0.00276816 0.020528 -0.03011036 -0.00264918 0.02054689 -0.02902265 -0.00307045 0.01928486 -0.02994389 -0.00295161 0.01937146 -0.02889153 -0.00304814 0.01800398 -0.02882817 -0.00315021 0.01789249 -0.02984873 -0.00280477 0.01669063 -0.0288439 -0.00290073 0.01655087 -0.02983611 -0.00237832 0.01595471 -0.02891401 -0.00246282 0.01571007 -0.02988936 -0.00172599 0.0152891 -0.02893463 -0.00178787 0.01496293 -0.0299296 -0.00097472 0.01431846 -0.02990503 -0.00091463 0.01466287 -0.02890126 -3.873E-05 0.01408593 -0.0298665 -3.62E-06 0.01443429 -0.02885813 0.00090555 0.01471095 -0.02888596 -3.873E-05 0.01408593 -0.0298665 0.00093672 0.01436696 -0.02988342 -3.62E-06 0.01443429 -0.02885813 0.00167837 0.01533139 -0.02891208 0.00175644 0.01501465 -0.02990391 0.00257755 0.01580914 -0.02984772 0.00255287 0.0161158 -0.02881257 0.00310924 0.01674194 -0.02980634 0.00311299 0.01703535 -0.02871752 0.00331752 0.01804365 -0.0298542 0.0032879 0.01828729 -0.02876589 0.00194517 0.02094996 -0.0344764 0.00280109 0.0197647 -0.0352039 0.00220306 0.02084308 -0.03588326 0.00252817 0.0199311 -0.03389956 0.00106792 0.0216333 -0.03485877 0.00122936 0.02159556 -0.03631549 -6.731E-05 0.02189381 -0.03504586 -4.356E-05 0.02187295 -0.03648442 -0.00119424 0.02155349 -0.03634281 -0.0011132 0.02161261 -0.0349769 -0.00205463 0.02085392 -0.03596276 -0.00190672 0.02096475 -0.0346696 -0.00263746 0.01976683 -0.03525969 -0.00245492 0.01992535 -0.03403765 -0.00279436 0.01846186 -0.03457303 -0.00259197 0.01869052 -0.03341972 -0.00277618 0.01713561 -0.03411109 -0.00255449 0.01743416 -0.03300593 -0.0022743 0.01615634 -0.03276562 -0.00250761 0.01577438 -0.03384449 -0.00189073 0.01538888 -0.03270081 -0.00211661 0.01493494 -0.03378566 -0.00131548 0.01476598 -0.03267989 -0.00149925 0.01427614 -0.03376679 -0.00075254 0.01387 -0.03367513 -0.00064782 0.01430686 -0.03262512 9.251E-05 0.01378971 -0.03364061 9.495E-05 0.01417941 -0.0326189 0.00083263 0.0143291 -0.03270205 9.495E-05 0.01417941 -0.0326189 9.251E-05 0.01378971 -0.03364061 0.0009462 0.01388404 -0.03375591 0.00146502 0.01474662 -0.03278699 0.00167678 0.01425371 -0.03387948 0.00231376 0.01494414 -0.03384153 0.00205297 0.01539877 -0.03275978 0.00269617 0.01582417 -0.03384128 0.00242345 0.01620535 -0.03276939 0.00295334 0.01716651 -0.03409097 0.00268553 0.01747418 -0.03297607 0.00270459 0.01872105 -0.03336114 0.0029689 0.0184806 -0.03455574 0.00206217 0.0187016 -0.03869883 0.0025865 0.01736882 -0.03939802 0.00217038 0.01821204 -0.03991395 0.00246622 0.01782446 -0.0382578 0.00114018 0.01941175 -0.03911908 0.00121598 0.01888734 -0.04036602 -0.00010611 0.01964764 -0.03928515 -7.432E-05 0.01910793 -0.04053542 -0.00125503 0.01884718 -0.0403357 -0.00123571 0.01935506 -0.0390853 -0.00211616 0.01820563 -0.0399109 -0.00205279 0.0186817 -0.03869521 -0.00252272 0.01735467 -0.03939673 -0.00244031 0.01779264 -0.03826322 -0.00258199 0.01638937 -0.03886033 -0.00249961 0.01681436 -0.03781103 -0.00246431 0.0154569 -0.0383957 -0.00239742 0.01588729 -0.03739141 -0.0020844 0.01501006 -0.03700713 -0.0021377 0.01455634 -0.03799304 -0.00173853 0.01448534 -0.03679265 -0.00177961 0.01399536 -0.03777155 -0.00123677 0.01402909 -0.0366635 -0.00126573 0.0135116 -0.03763744 -0.00065886 0.01314237 -0.03758823 -0.00064247 0.01368093 -0.03661599 3.354E-05 0.01358909 -0.03662365 3.399E-05 0.01303502 -0.0375998 3.354E-05 0.01358909 -0.03662365 0.00073724 0.01316669 -0.03757968 0.00070053 0.01371413 -0.03659064 3.399E-05 0.01303502 -0.0375998 0.00128085 0.01403506 -0.03661847 0.00134377 0.01351324 -0.03761908 0.00185456 0.01398604 -0.03776097 0.00178029 0.01447132 -0.03676335 0.0022139 0.01454466 -0.03798877 0.00213369 0.01498859 -0.03698968 0.00253804 0.01545729 -0.03839075 0.00244421 0.01589103 -0.03737096 0.00253476 0.01683026 -0.03778757 0.00265004 0.0163941 -0.0388534 0.00112622 0.01819439 -0.04120321 0.00199946 0.01761839 -0.04078159 -4.061E-05 0.01837462 -0.0413536 -0.00111381 0.01816664 -0.04117858 -0.00190605 0.01761838 -0.04078159 -0.00229773 0.01686507 -0.0402629 -0.00235147 0.0159904 -0.03972437 -0.00223958 0.01513195 -0.03926245 -0.00194345 0.01428621 -0.03887081 -0.00162084 0.01374852 -0.03866084 -0.00115022 0.01329343 -0.03853139 -0.00059617 0.01295833 -0.0384741 3.251E-05 0.01286331 -0.03848212 0.00068145 0.01297661 -0.03847913 3.251E-05 0.01286331 -0.03848212 0.0012436 0.01329343 -0.03853139 0.00171607 0.01374551 -0.03865999 0.00203684 0.01428621 -0.03887081 0.00233183 0.0151323 -0.03926255 0.00244484 0.01599041 -0.03972436 0.00239355 0.01686777 -0.04026414 0.00134089 0.01630783 -0.04141106 0.00162872 0.01581266 -0.0410048 0.00167564 0.01523249 -0.04057003 0.00161139 0.01463716 -0.04016909 0.00140343 0.01405645 -0.03981965 0.00117339 0.01371794 -0.03964206 0.00083952 0.01342948 -0.03950763 0.00045921 0.01320222 -0.03938818 2.784E-05 0.01310909 -0.03933973 2.784E-05 0.01310909 -0.03933973 -0.00042973 0.01318374 -0.03938851 -0.00083806 0.01343412 -0.03953709 -0.00116175 0.01373083 -0.03969403 -0.00138205 0.01407214 -0.03989636 -0.00158024 0.01459793 -0.04024453 -0.00164641 0.01513672 -0.04063024 -0.00158041 0.01570071 -0.04104161 -0.00128217 0.0162072 -0.04141817 -0.00074505 0.01659167 -0.04170472 -1.322E-05 0.01676265 -0.04182059 0.00076367 0.01666579 -0.04171368 -0.01629173 0.00191154 -0.02152788 -0.01625635 0.00150712 -0.02149536 -0.01621805 0.0017697 -0.02129098 -0.01624189 0.00154558 -0.02163935 -0.01621095 0.00167416 -0.02177745 -0.01620893 0.00199995 -0.02177465 -0.01633745 0.00102122 -0.02158267 -0.01634574 0.0010347 -0.0214903 -0.01614055 0.00139098 -0.02172083 -0.01622953 0.00097978 -0.02162472 -0.0161255 0.00141206 -0.02184627 -0.01591983 0.00159556 -0.02175296 -0.01614055 0.00139098 -0.02172083 -0.0161255 0.00141206 -0.02184627 -0.01598072 0.00144733 -0.02160412 -0.0156636 0.00184913 -0.02162234 -0.01576099 0.001691 -0.02128171 -0.01598072 0.00144733 -0.02160412 -0.01576099 0.001691 -0.02128171 -0.01601265 0.00140028 -0.02144218 -0.01615076 0.00098116 -0.02154678 -0.01615995 0.00099041 -0.02144079 -0.01614055 0.00139098 -0.02172083 -0.01622953 0.00097978 -0.02162472 -0.01620262 0.00142577 -0.02203972 -0.01612791 0.00134588 -0.02190094 -0.01602033 0.00137634 -0.02203479 -0.01612791 0.00134588 -0.02190094 -0.01592411 0.00170566 -0.02190741 -0.00173892 0.01176986 -0.00686324 -0.00158344 0.01196171 -0.00709721 -0.00160444 0.01179964 -0.00682256 -0.00176465 0.01190168 -0.00707863 -0.00198562 0.01172097 -0.00654431 -0.00194217 0.01179427 -0.00644258 -0.00293998 0.01087406 -0.00666024 -0.00272504 0.01058901 -0.006715 -0.00260312 0.01090263 -0.00652805 -0.00304033 0.01135179 -0.00676931 -0.00283452 0.01163757 -0.0070887 -0.00293571 0.01161245 -0.00718536 -0.00299638 0.01138834 -0.00663353 -0.01456396 0.00476668 -0.01869947 -0.01435436 0.00439256 -0.01876782 -0.01423397 0.00464612 -0.01868303 -0.01475521 0.00452477 -0.01884181 -0.00277656 0.01217934 -0.00644366 -0.00264474 0.01227184 -0.00695676 -0.00268829 0.01203681 -0.00652362 -0.00284963 0.01248448 -0.006992 -0.00238697 0.01249231 -0.00734528 -0.0027485 0.01344167 -0.00691301 -0.00238222 0.01353828 -0.00715475 -0.00178125 0.01351416 -0.00641584 -0.00172346 0.01359155 -0.00669976 -0.00207988 0.01341048 -0.00621496 -0.00242286 0.01197489 -0.00629473 -0.00207988 0.01341048 -0.00621496 -0.00247146 0.01334675 -0.00626449 -0.00194217 0.01179427 -0.00644258 -0.00272647 0.0134489 -0.00646925 -0.00236263 0.01182317 -0.00639538 -0.00234626 0.01222624 -0.00716679 -0.00191337 0.01360073 -0.00703764 -0.00178029 0.01227177 -0.00732889 -0.00198562 0.01172097 -0.00654431 -0.00273963 0.0119547 -0.00702273 -0.00284234 0.01171257 -0.00657858 -0.00196653 0.01204848 -0.00720406 -0.00248434 0.011861 -0.00719133 -0.00217421 0.01160579 -0.00722684 -0.00197392 0.01129943 -0.0071224 -0.0019263 0.0112636 -0.00686793 -0.00214741 0.01123359 -0.00660246 -0.00248288 0.0113629 -0.00646171 -0.00214741 0.01123359 -0.00660246 -0.00315343 0.01135022 -0.00687035 -0.00319465 0.0109742 -0.00686182 -0.00269262 0.01146914 -0.00736821 -0.00262241 0.01149576 -0.00721586 -0.00249599 0.01112441 -0.00750466 -0.00238189 0.0111631 -0.00724962 -0.00218318 0.01069718 -0.00716617 -0.00246578 0.01066923 -0.00746928 -0.00242685 0.01043051 -0.00689493 -0.00211368 0.01075734 -0.00687261 -0.0023092 0.01074622 -0.00666062 -0.00305597 0.01063396 -0.00695433 -0.00308758 0.01167378 -0.00780254 -0.00332108 0.01178683 -0.00758134 -0.00294759 0.01140071 -0.00796525 -0.00298013 0.01102221 -0.0079963 -0.00275371 0.01043758 -0.00722133 -0.00275371 0.01043758 -0.00722133 -0.00242685 0.01043051 -0.00689493 -0.00636524 0.01208843 -0.01046574 -0.00725337 0.01280589 -0.0110201 -0.00720904 0.012456 -0.01130233 -0.00641019 0.01239851 -0.01020161 -0.00624097 0.01280859 -0.01010929 -0.00706764 0.01323967 -0.01092488 -0.00667058 0.01346362 -0.01113697 -0.00588709 0.01299631 -0.01029327 -0.0055599 0.01290951 -0.01063091 -0.00632375 0.01337656 -0.01149628 -0.00607017 0.01197931 -0.01082619 -0.00687881 0.01233995 -0.01169577 -0.00547455 0.01262039 -0.01091063 -0.00623332 0.01305073 -0.01179774 -0.00645964 0.01257566 -0.01192129 -0.00567971 0.012186 -0.01103827 -0.00607017 0.01197931 -0.01082619 -0.00687881 0.01233995 -0.01169577 -0.00826335 0.01472244 -0.0139751 -0.00890914 0.01463428 -0.0144997 -0.00874094 0.01507378 -0.01445101 -0.00845951 0.01426657 -0.01402706 -0.00884075 0.01404972 -0.0137913 -0.00928535 0.01441325 -0.01425791 -0.00884075 0.01404972 -0.0137913 -0.00960624 0.01453954 -0.0138935 -0.00928535 0.01441325 -0.01425791 -0.00916776 0.01414732 -0.01342771 -0.00925735 0.01446351 -0.01315983 -0.00968994 0.01485689 -0.0136406 -0.00911363 0.01478997 -0.01310332 -0.0095613 0.0151565 -0.0135907 -0.00915277 0.01544645 -0.01384062 -0.00868678 0.01509103 -0.01335147 -0.00835523 0.01504853 -0.01371735 -0.0088309 0.01540163 -0.01420824 -0.01000192 0.01582332 -0.01459294 -0.00967126 0.01567659 -0.01495277 -0.00944082 0.01525918 -0.01505273 -0.00931236 0.01478342 -0.01495473 -0.00956645 0.01447814 -0.01453929 -0.00956645 0.01447814 -0.01453929 -0.00997489 0.01473694 -0.01422268 -0.01016092 0.01522484 -0.0141783 -0.01018701 0.01505588 -0.01451496 -0.0100609 0.01480336 -0.01448244 -0.01019927 0.01564465 -0.01427873 -0.01004367 0.0152868 -0.01476782 -0.00984413 0.01521644 -0.01492381 -0.00967243 0.01500682 -0.01497416 -0.00960464 0.01470864 -0.01487867 -0.00976793 0.01459898 -0.01464074 -0.00976793 0.01459898 -0.01464074 -0.01263312 0.00885976 -0.01668401 -0.01268806 0.00791892 -0.01712213 -0.01232305 0.00875393 -0.01681196 -0.01300058 0.00801067 -0.01699852 -0.01319641 0.00811889 -0.01719389 -0.01282023 0.00898601 -0.01685902 -0.01315929 0.00825409 -0.01750657 -0.01276984 0.00913318 -0.01716423 -0.01291631 0.0082619 -0.01773129 -0.01253229 0.00913122 -0.01738035 -0.01228222 0.0090036 -0.01737077 -0.01265505 0.008146 -0.01771314 -0.01217131 0.00882933 -0.01710805 -0.01253797 0.00798943 -0.01742653 -0.01268806 0.00791892 -0.01712213 -0.01232305 0.00875393 -0.01681196 -0.01315633 0.00792536 -0.01757924 -0.01300613 0.00790728 -0.01771059 -0.0128535 0.00783043 -0.01768348 -0.01277732 0.00773315 -0.01750481 -0.01287508 0.00768527 -0.01731308 -0.01287508 0.00768527 -0.01731308 -0.01304872 0.00776525 -0.01724627 -0.01317604 0.00785831 -0.01738284 -0.01351255 0.00694369 -0.01819142 -0.01366455 0.00694132 -0.01806899 -0.01322741 0.00681805 -0.01816525 -0.01315521 0.00664969 -0.01795025 -0.01337141 0.00658824 -0.01769757 -0.01362592 0.00674523 -0.01772057 -0.01337141 0.00658824 -0.01769757 -0.01370557 0.00684904 -0.01786449 -0.01446306 0.00536424 -0.01891842 -0.01450698 0.00516111 -0.01872311 -0.01458503 0.00521774 -0.01864688 -0.0143704 0.00525763 -0.01892469 -0.01452723 0.00499738 -0.01911161 -0.01435394 0.0046588 -0.01934859 -0.01468406 0.00473714 -0.01929853 -0.01419543 0.00492789 -0.01915617 -0.01392681 0.00497119 -0.01876675 -0.01391162 0.00524068 -0.01902964 -0.01380388 0.00496808 -0.01874712 -0.01403692 0.00519697 -0.01896374 -0.01408058 0.00487972 -0.01844034 -0.01411358 0.00489967 -0.01859824 -0.01408058 0.00487972 -0.01844034 -0.01437271 0.0050086 -0.01855711 -0.01411358 0.00489967 -0.01859824 -0.01447214 0.00506045 -0.01844334 -0.01485069 0.00463192 -0.01907856 -0.01467884 0.00489652 -0.01890084 -0.01446489 0.00458043 -0.01928132 -0.01468212 0.00461003 -0.01923851 -0.0141176 0.0044759 -0.01906498 -0.0143086 0.00444954 -0.01913282 -0.0140222 0.00472354 -0.01891586 -0.01435436 0.00439256 -0.01876782 -0.01423397 0.00464612 -0.01868303 -0.0147154 0.00447977 -0.01895205 -0.014773 0.00456094 -0.01910647 -0.01498216 0.0043348 -0.01930899 -0.01481859 0.00438865 -0.01949977 -0.01511276 0.00402053 -0.01954972 -0.01495506 0.00416727 -0.01976102 -0.01494711 0.0040645 -0.01969568 -0.01519132 0.00410867 -0.01951151 -0.01476242 0.00402887 -0.01966856 -0.01463543 0.00412061 -0.01971878 -0.01455016 0.00435052 -0.01950005 -0.01447147 0.00390185 -0.01946457 -0.01462108 0.00389905 -0.01948239 -0.01439004 0.0041757 -0.0192987 -0.01447555 0.00442714 -0.01898665 -0.01461891 0.00413527 -0.01912942 -0.01461891 0.00413527 -0.01912942 -0.01447555 0.00442714 -0.01898665 -0.01492245 0.00420247 -0.01910503 -0.01508192 0.00389963 -0.01937173 -0.0151295 0.00392516 -0.01925801 -0.01518518 0.00369389 -0.02018103 -0.01537244 0.00362781 -0.01999471 -0.01506614 0.00387919 -0.01993835 -0.0152426 0.00382417 -0.01977221 -0.01494356 0.00356405 -0.02018111 -0.01485299 0.00379646 -0.01992484 -0.01473166 0.00361977 -0.01974159 -0.01484224 0.00334049 -0.02000078 -0.01476226 0.00384339 -0.01927219 -0.0148237 0.00385614 -0.01936424 -0.01537567 0.00343084 -0.01975897 -0.01522879 0.00366524 -0.01956535 -0.01506031 0.00326582 -0.01971983 -0.014942 0.00356098 -0.01954203 -0.01506031 0.00326582 -0.01971983 -0.014942 0.00356098 -0.01954203 -0.01580413 0.0025762 -0.02066044 -0.0156156 0.00301491 -0.02040439 -0.01584097 0.00264712 -0.02077889 -0.01559718 0.00297945 -0.02034516 -0.01554836 0.00306806 -0.02055411 -0.01576855 0.00271203 -0.02096096 -0.01540091 0.00303655 -0.0206287 -0.01562687 0.00270092 -0.02105828 -0.01550037 0.00268065 -0.02104913 -0.01533766 0.00302641 -0.02062412 -0.01538283 0.00254981 -0.0208457 -0.01524244 0.00290016 -0.02045738 -0.01547815 0.00245105 -0.02060998 -0.01533673 0.00283108 -0.02027411 -0.01602851 0.00163119 -0.02119057 -0.01617124 0.00144951 -0.02137068 -0.01627916 0.00102225 -0.02140395 -0.01636512 0.00030392 -0.02138341 -0.01634693 0.00028189 -0.02142819 -0.01641798 0.00031669 -0.02138792 -0.01637584 0.00026793 -0.02146717 -0.01643945 0.00030841 -0.02142501 -0.01642439 0.00028642 -0.02146148 -0.01637584 0.00026793 -0.02146717 -0.01582578 0.00198913 -0.02189915 -0.01601713 0.00175329 -0.02200053 -0.01607879 0.00202968 -0.02191745 -0.01614788 0.00174667 -0.02194562 -0.0161004 0.00146995 -0.02211863 -0.01629299 0.00088559 -0.02226069 -0.01633388 0.00086771 -0.02216771 -0.01620574 0.00084237 -0.02220989 -0.01624534 0.0008383 -0.02212203 -0.01624534 0.0008383 -0.02212203 -0.01644733 0.00034408 -0.02234188 -0.01644228 0.00032755 -0.02229557 -0.01638629 0.00032659 -0.02234337 -0.01638536 0.00031021 -0.02227743 -0.01638536 0.00031021 -0.02227743 -0.01418514 0.00538644 -0.01906519 -0.00326321 0.01084441 -0.0077793 -0.00350707 0.01099502 -0.00751773 -0.00326321 0.01084441 -0.0077793 -0.00361054 0.0112591 -0.00738002 -0.00355011 0.01159353 -0.00735799 -0.01476226 0.00384339 -0.01927219 -0.0148237 0.00385614 -0.01936424 -0.01532817 0.0034241 -0.02014727 -0.01539022 0.00338269 -0.02002989 -0.01517496 0.00337217 -0.02019911 -0.01510206 0.0032505 -0.02006906 -0.01519531 0.00321111 -0.01993825 -0.01519531 0.00321111 -0.01993825 -0.01534374 0.0032817 -0.0199198 -0.01551493 0.00286907 -0.0202375 -0.01568612 0.00245645 -0.02055519 -0.01547815 0.00245105 -0.02060998 -0.01533673 0.00283108 -0.02027411 -0.01644851 9.744E-05 -0.02139735 -0.01643423 9.042E-05 -0.02140302 -0.01643081 9.085E-05 -0.02139634 -0.01644563 9.419E-05 -0.02140393 -0.01644495 9.733E-05 -0.02138794 -0.01643381 9.359E-05 -0.02138561 -0.01643423 9.042E-05 -0.02140302 -0.01649576 0.00011147 -0.02235374 -0.01648061 0.0001105 -0.02236648 -0.01648029 0.00010462 -0.02234904 -0.01649732 0.00011528 -0.0223652 -0.01648029 0.00010462 -0.02234904 -0.0023092 0.01074622 -0.00666062 -0.00781519 0.01309928 -0.01270208 -0.00872928 0.01375511 -0.01296193 -0.00839615 0.01368619 -0.01332469 -0.00815566 0.01319043 -0.01231869 -0.00800987 0.01389886 -0.01355443 -0.0074075 0.01332916 -0.01293276 -0.00781519 0.01309928 -0.01270208 -0.00839615 0.01368619 -0.01332469 -0.00717643 0.01381309 -0.01284671 -0.00778577 0.0143711 -0.01349919 -0.00787955 0.01469543 -0.01322646 -0.00727045 0.01414637 -0.01255525 -0.00822079 0.0147356 -0.01286232 -0.0076183 0.0142081 -0.01218835 -0.0080511 0.0139285 -0.01195174 -0.00866595 0.01442345 -0.01261594 -0.00882477 0.01407013 -0.01267906 -0.00822747 0.01353053 -0.01203136 -0.00438524 0.01150088 -0.00900095 -0.00522235 0.01185094 -0.00937507 -0.00499777 0.01175051 -0.00966463 -0.00459027 0.01160351 -0.0087281 -0.00467796 0.01189801 -0.00985885 -0.00408622 0.0116366 -0.00919109 -0.00438524 0.01150088 -0.00900095 -0.00499777 0.01175051 -0.00966463 -0.00396716 0.01196058 -0.00908717 -0.00453513 0.01224416 -0.00974851 -0.00461441 0.01246691 -0.00952821 -0.00404848 0.01217266 -0.00888254 -0.00489126 0.01254481 -0.00923241 -0.00429886 0.01225301 -0.00860487 -0.00455642 0.0121215 -0.00846696 -0.00516605 0.01240616 -0.00908831 -0.00528296 0.01207622 -0.00915889 -0.0046547 0.01181011 -0.00852856 -0.00769908 0.01278851 -0.01181715 -0.00775422 0.01314129 -0.01153004 -0.00735935 0.01268157 -0.01221249 -0.00694009 0.01291987 -0.01244244 -0.00735935 0.01268157 -0.01221249 -0.00670924 0.01340608 -0.01233531 -0.00680257 0.01374124 -0.01203447 -0.00715212 0.01381796 -0.01166756 -0.00756923 0.01356587 -0.01144032 -0.00579379 0.01196968 -0.0099204 -0.00584657 0.01223736 -0.00968025 -0.00553397 0.01186491 -0.01024541 -0.00517884 0.01204201 -0.01044856 -0.00553397 0.01186491 -0.01024541 -0.00500484 0.01243228 -0.01032957 -0.00508716 0.01268821 -0.01007956 -0.00538918 0.01277056 -0.00976284 -0.00570351 0.01260737 -0.0095988 -0.01116328 0.0122561 -0.01542597 -0.01169171 0.01158738 -0.01585443 -0.01153074 0.01140702 -0.01574048 -0.01131553 0.01245451 -0.01551956 -0.01086298 0.01209396 -0.01557126 -0.011228 0.01125895 -0.01588144 -0.01107131 0.01134903 -0.0161526 -0.01070464 0.01218894 -0.01583412 -0.011228 0.01125895 -0.01588144 -0.01086298 0.01209396 -0.01557126 -0.01116374 0.01157641 -0.01634365 -0.01079091 0.01243401 -0.01600128 -0.01138022 0.01173917 -0.01632755 -0.0109962 0.01260849 -0.01597662 -0.01121203 0.01264953 -0.01579485 -0.01160148 0.01177044 -0.0161372 -0.0118982 0.01055793 -0.01605499 -0.01244406 0.00985313 -0.01652416 -0.01226566 0.00970885 -0.0163695 -0.01206788 0.01072026 -0.01618929 -0.01195803 0.00958894 -0.01650179 -0.01159301 0.01042394 -0.01619161 -0.01180464 0.00966923 -0.01678957 -0.01143797 0.01050913 -0.01647109 -0.01195803 0.00958894 -0.01650179 -0.01159301 0.01042394 -0.01619161 -0.01190939 0.00986121 -0.0170284 -0.01153656 0.01071881 -0.01668602 -0.01214827 0.01000054 -0.01702942 -0.01176424 0.01086985 -0.01667849 -0.01199093 0.01089136 -0.01647954 -0.01238039 0.01001227 -0.01682189 -0.01042836 0.01395428 -0.01479695 -0.01093936 0.01332163 -0.01518469 -0.01079582 0.01310519 -0.01511146 -0.01056319 0.01418875 -0.01484983 -0.01013295 0.01376397 -0.01495092 -0.01049796 0.01292896 -0.01526109 -0.01033797 0.01302884 -0.01551564 -0.01013295 0.01376397 -0.01495092 -0.01049796 0.01292896 -0.01526109 -0.00997131 0.01386874 -0.01519716 -0.01041808 0.01329162 -0.01565891 -0.01004526 0.01414922 -0.01531654 -0.01061217 0.01347781 -0.01562568 -0.01022815 0.01434712 -0.01527475 -0.01043313 0.01440771 -0.01511016 -0.01082258 0.01352862 -0.01545251 -0.01394693 0.00620508 -0.01790737 -0.01438468 0.00582784 -0.01829802 -0.01426794 0.00566493 -0.01809417 -0.01404512 0.00633844 -0.01808125 -0.01397452 0.00646921 -0.01835252 -0.01428449 0.0059971 -0.01863605 -0.01401884 0.00600463 -0.01883842 -0.01376569 0.00647416 -0.01851492 -0.01357852 0.00581488 -0.0188124 -0.01340297 0.00631646 -0.01848883 -0.01330457 0.00609228 -0.01820954 -0.01345393 0.00553488 -0.01846883 -0.01380304 0.00544089 -0.0180695 -0.01358722 0.00601457 -0.01788353 -0.01358722 0.00601457 -0.01788353 -0.01380304 0.00544089 -0.0180695 -0.01606635 0.00227933 -0.02115338 -0.01601109 0.00217295 -0.02097571 -0.01598874 0.00235599 -0.02136781 -0.01585283 0.0023653 -0.02148787 -0.01566307 0.00233489 -0.02147414 -0.01552321 0.00219947 -0.02123402 -0.01561957 0.00207102 -0.02094585 -0.01585732 0.00204382 -0.02087287 -0.01561957 0.00207102 -0.02094585 -0.00402643 0.011544 -0.00789822 -0.00395818 0.01135608 -0.00808113 -0.0039468 0.01183685 -0.00784562 -0.00370645 0.01196121 -0.00797733 -0.00348255 0.01187841 -0.00823687 -0.0033992 0.01167701 -0.00842583 -0.00349449 0.0113752 -0.00852332 -0.00377271 0.01125125 -0.00833727 -0.00377271 0.01125125 -0.00833727 -0.01577367 0.00233112 0.01343522 -0.01580906 0.00273684 0.01343724 -0.01573537 0.00257759 0.01321168 -0.01575922 0.0023803 0.01357591 -0.01572828 0.0025189 0.01370395 -0.01572626 0.00284355 0.01367667 -0.01585478 0.00185316 0.01355881 -0.01586307 0.00185965 0.01346569 -0.01565788 0.00223226 0.01366879 -0.01574686 0.001815 0.01360386 -0.01564283 0.00226271 0.01379228 -0.01543716 0.00243868 0.01368544 -0.01565788 0.00223226 0.01366879 -0.01549804 0.00227968 0.01354817 -0.01564283 0.00226271 0.01379228 -0.01518093 0.0026817 0.01353612 -0.01527832 0.00249841 0.01320835 -0.01549804 0.00227968 0.01354817 -0.01552997 0.00222058 0.01339022 -0.01527832 0.00249841 0.01320835 -0.01566808 0.00181051 0.01352604 -0.01567728 0.00181177 0.01341965 -0.01565788 0.00223226 0.01366879 -0.01574686 0.001815 0.01360386 -0.01571994 0.00229093 0.01398416 -0.01564523 0.00220083 0.01385177 -0.01544143 0.00256008 0.01383118 -0.01553766 0.00224127 0.01398296 -0.01564523 0.00220083 0.01385177 -0.00110075 0.01045422 -0.00169949 -0.00125624 0.01024532 -0.00191838 -0.00112175 0.01027195 -0.00196118 -0.00128197 0.01039296 -0.0017135 -0.00150293 0.01017259 -0.00223273 -0.00145948 0.01023803 -0.00233968 -0.00245729 0.00933679 -0.00205345 -0.00212044 0.00935534 -0.00218741 -0.00224235 0.00905666 -0.00197741 -0.00255764 0.00982137 -0.00198061 -0.00235184 0.01013036 -0.00168361 -0.00251369 0.0098476 -0.00211875 -0.00245302 0.01011257 -0.00158534 -0.01408129 0.00537124 0.01040216 -0.01387169 0.00500331 0.01049846 -0.01427253 0.00514071 0.0105623 -0.0137513 0.00524978 0.01039484 -0.00236694 0.0109676 -0.00184371 -0.00229387 0.0106221 -0.00236755 -0.00216205 0.01075291 -0.00186287 -0.0022056 0.01048597 -0.0022771 -0.00226581 0.01169808 -0.001978 -0.00190428 0.01100197 -0.00149202 -0.00189953 0.01181259 -0.00174421 -0.00129856 0.01173299 -0.00247922 -0.00124077 0.01183151 -0.00220192 -0.00159719 0.01161449 -0.00267173 -0.00194017 0.01040703 -0.00250069 -0.00159719 0.01161449 -0.00267173 -0.00145948 0.01023803 -0.00233968 -0.00198877 0.01155467 -0.00261755 -0.00224378 0.01167193 -0.00242105 -0.00187994 0.01026331 -0.00238892 -0.00186357 0.01072324 -0.00165 -0.00143068 0.01186606 -0.00186569 -0.00129761 0.01078082 -0.00149179 -0.00150293 0.01017259 -0.00223273 -0.00225694 0.01044163 -0.00177324 -0.00235965 0.01016679 -0.00219792 -0.00148384 0.01054878 -0.00159947 -0.00200165 0.01036087 -0.00159807 -0.00169152 0.01010905 -0.00154347 -0.00149123 0.00979571 -0.00162458 -0.00144361 0.00974084 -0.00187564 -0.00166472 0.00969096 -0.00213809 -0.00200019 0.00980932 -0.00228817 -0.00166472 0.00969096 -0.00213809 -0.00271196 0.00945181 -0.00185996 -0.00267074 0.0098274 -0.00187973 -0.00213972 0.00999851 -0.00154615 -0.00220993 0.00998342 -0.00139223 -0.0020133 0.00964992 -0.00123024 -0.0018992 0.00966933 -0.00148747 -0.00198309 0.00919337 -0.0012313 -0.0017005 0.00919845 -0.00153566 -0.00163099 0.00923637 -0.0018329 -0.00194416 0.00891214 -0.00178607 -0.00182651 0.00920934 -0.00204346 -0.00257328 0.00911948 -0.00174213 -0.00260489 0.01022013 -0.00097451 -0.00283839 0.01031623 -0.00120358 -0.0024649 0.00996007 -0.00079173 -0.00249744 0.00958498 -0.00073231 -0.00227102 0.00894373 -0.00146113 -0.00227102 0.00894373 -0.00146113 -0.00194416 0.00891214 -0.00178607 -0.00609757 0.0118426 0.00179421 -0.00684885 0.01270737 0.00216262 -0.00615043 0.01212135 0.00151697 -0.00680716 0.01237953 0.00246837 -0.00665813 0.01313308 0.00203883 -0.00598435 0.01251512 0.00140395 -0.00626083 0.01337236 0.00223366 -0.00562584 0.01271473 0.0015794 -0.00530596 0.01265074 0.00192071 -0.00591384 0.01331256 0.00259863 -0.00579852 0.01176539 0.00215836 -0.00647692 0.01229339 0.00286943 -0.00522615 0.01238265 0.00221791 -0.0058277 0.01301005 0.00292049 -0.00605775 0.01254539 0.00307659 -0.00541948 0.01197458 0.00236424 -0.00579852 0.01176539 0.00215836 -0.00647692 0.01229339 0.00286943 -0.0078128 0.01494828 0.00489725 -0.00844881 0.01490236 0.00542825 -0.0080132 0.0144977 0.00497901 -0.00827647 0.01533655 0.00535187 -0.00839463 0.01426376 0.00475997 -0.00882541 0.01466344 0.0052031 -0.00839463 0.01426376 0.00475997 -0.00914606 0.01476225 0.00483072 -0.00872143 0.01433372 0.00439037 -0.00882541 0.01466344 0.0052031 -0.00881067 0.01462861 0.00410065 -0.00922907 0.01505927 0.00455686 -0.0090999 0.01535325 0.00448834 -0.00866626 0.01494908 0.00402299 -0.00868915 0.0156595 0.00472317 -0.00823748 0.01526583 0.00425632 -0.00790443 0.01525284 0.00461985 -0.00836578 0.01564373 0.00509048 -0.00919547 0.01597658 0.00581315 -0.00952624 0.01609599 0.00544343 -0.00896471 0.01556664 0.00594296 -0.00883871 0.01508304 0.00587713 -0.00909651 0.014747 0.00548284 -0.00909651 0.014747 0.00548284 -0.00950271 0.01498172 0.00514975 -0.00968628 0.0154667 0.00507265 -0.00970868 0.01531998 0.00541929 -0.00958342 0.01506435 0.00540361 -0.00956587 0.01557086 0.00565564 -0.00972377 0.0158941 0.00514329 -0.00936613 0.01551213 0.00581626 -0.00919393 0.01530564 0.00588106 -0.00912745 0.01499905 0.00580487 -0.00929234 0.01487234 0.00557541 -0.00929234 0.01487234 0.00557541 -0.01214566 0.00929754 0.00807916 -0.01220539 0.00839596 0.00859229 -0.01251791 0.00847816 0.00846213 -0.01183681 0.00920257 0.00821611 -0.01271374 0.00860075 0.00864881 -0.01233276 0.00943659 0.00824417 -0.01267662 0.00875908 0.00895044 -0.01228216 0.00960613 0.00853722 -0.01243364 0.00878377 0.00917393 -0.01204471 0.0096205 0.00875299 -0.01179454 0.00949246 0.00875292 -0.01217237 0.00866683 0.00916455 -0.01168427 0.00929941 0.00850478 -0.0120553 0.00848915 0.00889053 -0.01220539 0.00839596 0.00859229 -0.01183681 0.00920257 0.00821611 -0.01252346 0.00842859 0.00917996 -0.01267366 0.00843675 0.00904762 -0.01237083 0.00834992 0.0091587 -0.01229465 0.00823948 0.00898785 -0.01239241 0.00817733 0.00880026 -0.01239241 0.00817733 0.00880026 -0.01256605 0.00825205 0.00872763 -0.01269337 0.00835513 0.00885681 -0.01302987 0.00750389 0.00973187 -0.01318188 0.00749232 0.00960997 -0.01274474 0.00737663 0.00971523 -0.01267254 0.00719258 0.00951349 -0.01288874 0.00711231 0.00926615 -0.01288874 0.00711231 0.00926615 -0.01314325 0.00727059 0.00927728 -0.01322289 0.00738492 0.00941298 -0.01402431 0.00576633 0.01039609 -0.01398039 0.00598356 0.01057557 -0.01410236 0.00581707 0.01031581 -0.01388773 0.00587772 0.01058984 -0.01404456 0.00563227 0.0107958 -0.01387127 0.00531247 0.01105757 -0.01371276 0.00556632 0.01084545 -0.01420139 0.00538682 0.01100175 -0.01344414 0.00558022 0.01045388 -0.01342895 0.00586872 0.01069576 -0.01355425 0.00582018 0.01063334 -0.01332121 0.00557565 0.01043455 -0.01359791 0.00546447 0.01013527 -0.0136309 0.00549624 0.01029122 -0.01389004 0.00560177 0.01024203 -0.01359791 0.00546447 0.01013527 -0.0136309 0.00549624 0.01029122 -0.01398947 0.00564492 0.01012468 -0.01419617 0.00551584 0.01059321 -0.01436802 0.00526536 0.01079032 -0.01398222 0.00522926 0.01099638 -0.01419945 0.00525556 0.01095146 -0.01382593 0.00508757 0.01085814 -0.01363493 0.00510876 0.0107885 -0.01353953 0.00534449 0.01062119 -0.01387169 0.00500331 0.01049846 -0.0137513 0.00524978 0.01039484 -0.01423273 0.00510413 0.01067561 -0.01429033 0.00519668 0.01082349 -0.01449949 0.00498641 0.01104244 -0.01433592 0.00505445 0.01122862 -0.01447239 0.00485334 0.01150579 -0.01463009 0.00469112 0.01130612 -0.01446443 0.00474595 0.01144836 -0.01470865 0.00477614 0.01126139 -0.01415275 0.00480363 0.01146717 -0.01427974 0.00470838 0.011424 -0.01406748 0.00501645 0.01123178 -0.01413841 0.00456493 0.01124811 -0.0139888 0.00456638 0.01123013 -0.01390736 0.00482698 0.01104413 -0.01413624 0.00477393 0.01087837 -0.01399288 0.00505424 0.01071406 -0.01413624 0.00477393 0.01087837 -0.01443978 0.00483911 0.010849 -0.01399288 0.00505424 0.01071406 -0.01459924 0.00455719 0.01113772 -0.01464683 0.00457409 0.0110224 -0.01488977 0.00433297 0.01177937 -0.01458347 0.00457941 0.01170428 -0.01475993 0.00451205 0.01154274 -0.01470251 0.00441287 0.01196019 -0.01446088 0.00428341 0.01197004 -0.01437031 0.0044959 0.01169702 -0.01424899 0.00430593 0.01152757 -0.01435957 0.00404693 0.01180703 -0.01427959 0.00449362 0.01104269 -0.01434103 0.00451326 0.01113352 -0.014893 0.00411884 0.01155911 -0.01474612 0.00433801 0.01134842 -0.01457763 0.00395134 0.01153249 -0.01445933 0.0042323 0.011333 -0.01457763 0.00395134 0.01153249 -0.01445933 0.0042323 0.011333 -0.01532146 0.00333439 0.01252228 -0.01513293 0.00375261 0.01223397 -0.0151145 0.00371279 0.01217758 -0.0153583 0.00341402 0.01263506 -0.01506569 0.00381687 0.01237927 -0.01528588 0.00349243 0.01281174 -0.0151442 0.00348868 0.01290962 -0.01491824 0.00379106 0.01245602 -0.0150177 0.00346777 0.01290202 -0.01485499 0.0037806 0.01245222 -0.01490016 0.00332201 0.012709 -0.01475977 0.00364217 0.01229544 -0.01499548 0.00320581 0.01248137 -0.01485406 0.00355951 0.01211789 -0.01568857 0.00226429 0.01331523 -0.01554584 0.00243192 0.01312196 -0.01579649 0.00184075 0.01338052 -0.01588245 0.0011229 0.01341405 -0.01586425 0.0011043 0.01346036 -0.0159353 0.00113598 0.01341758 -0.01589317 0.00109332 0.01350028 -0.01595678 0.00113051 0.01345519 -0.01594171 0.00111132 0.01349322 -0.01589317 0.00109332 0.01350028 -0.01534311 0.00284212 0.01380162 -0.01553446 0.00261457 0.01392045 -0.01559612 0.00288393 0.01381682 -0.0156652 0.00260385 0.01386619 -0.01561773 0.00234092 0.01405952 -0.01581031 0.00176889 0.01424512 -0.01585121 0.00174407 0.01415374 -0.01572307 0.00172197 0.01419771 -0.01576267 0.00171131 0.0141104 -0.01576267 0.00171131 0.0141104 -0.01596466 0.00123502 0.01436679 -0.0159596 0.00121505 0.01432186 -0.01590362 0.00121769 0.01436959 -0.01590269 0.0011964 0.01430506 -0.01590269 0.0011964 0.01430506 -0.01370247 0.00601674 0.01072025 -0.00278052 0.00939137 -0.00093532 -0.00302439 0.00952188 -0.00120748 -0.00278052 0.00939137 -0.00093532 -0.00312785 0.00977486 -0.00136465 -0.00306742 0.01010669 -0.00141177 -0.01434103 0.00451326 0.01113352 -0.01427959 0.00449362 0.01104269 -0.0148455 0.00414131 0.01194681 -0.01490755 0.0040912 0.01183288 -0.01469229 0.00409343 0.01200242 -0.01461939 0.00396233 0.01188188 -0.01471264 0.00391321 0.0117544 -0.01471264 0.00391321 0.0117544 -0.01486107 0.00398221 0.0117307 -0.01503226 0.00359464 0.01207852 -0.01520345 0.00320707 0.01242633 -0.01499548 0.00320581 0.01248137 -0.01485406 0.00355951 0.01211789 -0.01596584 0.00091807 0.01344348 -0.01595156 0.00091148 0.01344966 -0.01596296 0.00091532 0.01345029 -0.01594814 0.00091142 0.01344297 -0.01596227 0.00091724 0.0134341 -0.01595113 0.00091334 0.01343206 -0.01595156 0.00091148 0.01344966 -0.01601309 0.00100396 0.0143961 -0.01599794 0.00100395 0.01440889 -0.01601465 0.00100862 0.01440725 -0.01599762 0.00099677 0.01439194 -0.01599762 0.00099677 0.01439194 -0.00182651 0.00920934 -0.00204346 -0.00737018 0.01322706 0.00376656 -0.0082871 0.01390388 0.0039632 -0.00771065 0.01328913 0.0033774 -0.00795401 0.01386249 0.00432991 -0.0069625 0.01347365 0.00397927 -0.00756772 0.01409182 0.00454304 -0.00737018 0.01322706 0.00376656 -0.00795401 0.01386249 0.00432991 -0.0067314 0.01394971 0.00385718 -0.00733985 0.0145585 0.00445627 -0.00682538 0.01426008 0.0035417 -0.00743334 0.01486068 0.00416248 -0.00777692 0.01487214 0.00379801 -0.00717323 0.01429405 0.0031712 -0.00760604 0.01399746 0.00295623 -0.00822316 0.0145436 0.00357076 -0.00838238 0.01419651 0.00365838 -0.00778244 0.01360664 0.00306539 -0.0042108 0.01066433 0.00050061 -0.00521178 0.01120176 0.00098375 -0.00441034 0.01071581 0.00021628 -0.00498724 0.01112339 0.00128001 -0.00390493 0.0107733 0.00067435 -0.00466745 0.01128507 0.00146258 -0.0042108 0.01066433 0.00050061 -0.00498724 0.01112339 0.00128001 -0.00377741 0.01102737 0.00053948 -0.00452437 0.01160997 0.00132679 -0.00385213 0.01117677 0.00031409 -0.00460335 0.01180252 0.00109069 -0.0048802 0.01185488 0.00078989 -0.00409919 0.01122401 2.838E-05 -0.00437553 0.01111051 -8.317E-05 -0.00515512 0.01171801 0.00065644 -0.0052722 0.01140444 0.00075143 -0.00446741 0.0108615 -4.29E-06 -0.00725401 0.01285056 0.00290779 -0.00730915 0.01318076 0.00259497 -0.00691428 0.01277365 0.00331004 -0.00649502 0.01302857 0.00352143 -0.00691428 0.01277365 0.00331004 -0.00626417 0.01350534 0.00337805 -0.0063575 0.01381694 0.00305286 -0.00670705 0.01386586 0.00268122 -0.00712416 0.0135974 0.00247358 -0.00568554 0.01149906 0.00141454 -0.00574033 0.01174471 0.00115813 -0.00542584 0.01141902 0.0017464 -0.00542584 0.01141902 0.0017464 -0.00507367 0.01160761 0.00193814 -0.00490106 0.01198492 0.00179341 -0.00498217 0.01221999 0.00152794 -0.00528096 0.01227937 0.00120702 -0.00559821 0.01210467 0.00105269 -0.01064333 0.01255505 0.00653158 -0.0111711 0.01192722 0.00700864 -0.01079546 0.01275958 0.00660984 -0.01101014 0.01173883 0.0069086 -0.01034326 0.01240453 0.00668894 -0.01070763 0.01160214 0.00706057 -0.01070763 0.01160214 0.00706057 -0.01034326 0.01240453 0.00668894 -0.01018405 0.01251828 0.0069429 -0.01055074 0.01171204 0.00732395 -0.01027055 0.01277489 0.00709141 -0.01064276 0.0119525 0.00749688 -0.01085922 0.01211355 0.00746856 -0.01047726 0.01294853 0.00705534 -0.01069323 0.01297591 0.00687117 -0.01108072 0.0121308 0.00727668 -0.01193764 0.01026165 0.00782328 -0.0113818 0.01092159 0.00729099 -0.01176007 0.01010678 0.00768087 -0.0115506 0.01109288 0.00741169 -0.01145579 0.00999971 0.00782564 -0.01108035 0.01080109 0.00744159 -0.01145579 0.00999971 0.00782564 -0.01108035 0.01080109 0.00744159 -0.01092189 0.01090445 0.00770994 -0.01129987 0.01009949 0.00810367 -0.01101928 0.01112879 0.00790713 -0.01140283 0.01030752 0.00832534 -0.01164184 0.01044663 0.00831603 -0.01124696 0.01127883 0.00788825 -0.01147365 0.01128532 0.00768826 -0.0118739 0.01044268 0.00810813 -0.00993768 0.01422512 0.00578094 -0.01043476 0.01360774 0.00621953 -0.01007306 0.01446368 0.00581543 -0.0102903 0.01338565 0.00616252 -0.00964256 0.01404744 0.00594976 -0.00999198 0.01322075 0.00632543 -0.00964256 0.01404744 0.00594976 -0.00983175 0.01333935 0.00657075 -0.00999198 0.01322075 0.00632543 -0.00948026 0.01416937 0.00618619 -0.00955521 0.01445943 0.0062831 -0.00991372 0.0136137 0.00669417 -0.01010898 0.01379779 0.00664783 -0.00973864 0.01465455 0.00622879 -0.00994369 0.01470271 0.00606021 -0.01031952 0.01383549 0.00647225 -0.01346426 0.00674601 0.00950416 -0.01390201 0.00639921 0.00992207 -0.01356245 0.00689207 0.00966753 -0.01378527 0.00622143 0.00973104 -0.01349185 0.00704286 0.0099282 -0.01380181 0.0065934 0.01024642 -0.01353617 0.00661613 0.01044765 -0.01328302 0.00706001 0.01008976 -0.01309585 0.00642496 0.01043597 -0.0129203 0.0069008 0.0100756 -0.0128219 0.00665625 0.00981396 -0.01297126 0.00611992 0.01011443 -0.01332036 0.00599617 0.00972329 -0.01310455 0.00655424 0.00949472 -0.01310455 0.00655424 0.00949472 -0.01332036 0.00599617 0.00972329 -0.01558368 0.00307543 0.01303615 -0.01552842 0.00295599 0.01286698 -0.01550607 0.00316799 0.0132442 -0.01537016 0.0031863 0.01336322 -0.0151804 0.00315495 0.01335182 -0.01504054 0.00300186 0.01312256 -0.0151369 0.00285211 0.01284486 -0.01537465 0.00281949 0.01277414 -0.0151369 0.00285211 0.01284486 -0.00358085 0.01020696 -0.00082952 -0.00350362 0.01006494 -0.00064098 -0.00352222 0.01047009 -0.00088541 -0.00328027 0.01057302 -0.00076497 -0.00305345 0.01052775 -0.00050273 -0.00296282 0.01037074 -0.00030571 -0.00304147 0.01011542 -0.00020038 -0.00331518 0.010017 -0.00038048 -0.00331518 0.010017 -0.00038048 0.01567451 0.00257951 0.01320079 0.01574819 0.00273876 0.01342635 0.01571281 0.00233303 0.01342433 0.01569835 0.00238221 0.01356502 0.01566742 0.00252081 0.01369306 0.0156654 0.00284547 0.01366578 0.01579391 0.00185508 0.01354793 0.01580221 0.00186157 0.0134548 0.01559702 0.00223418 0.0136579 0.015686 0.00181692 0.01359298 0.01558197 0.00226462 0.01378139 0.0153763 0.00244059 0.01367456 0.01559702 0.00223418 0.0136579 0.01558197 0.00226462 0.01378139 0.01543718 0.00228159 0.01353728 0.01512007 0.00268362 0.01352524 0.01521746 0.00250033 0.01319747 0.01543718 0.00228159 0.01353728 0.01521746 0.00250033 0.01319747 0.01546911 0.0022225 0.01337934 0.01560722 0.00181243 0.01351515 0.01561642 0.00181368 0.01340876 0.01559702 0.00223418 0.0136579 0.015686 0.00181692 0.01359298 0.01565908 0.00229284 0.01397327 0.01558437 0.00220275 0.01384088 0.01538057 0.002562 0.01382029 0.0154768 0.00224318 0.01397207 0.01558437 0.00220275 0.01384088 0.00103988 0.01045614 -0.00171038 0.00119537 0.01024724 -0.00192926 0.0012211 0.01039488 -0.00172439 0.00106088 0.01027387 -0.00197207 0.00144207 0.0101745 -0.00224362 0.00139862 0.01023995 -0.00235057 0.00239643 0.0093387 -0.00206433 0.00218149 0.00905858 -0.00198829 0.00205957 0.00935726 -0.0021983 0.00229097 0.01013227 -0.0016945 0.00249677 0.00982329 -0.00199149 0.00245283 0.00984952 -0.00212963 0.00239216 0.01011449 -0.00159622 0.01381082 0.00500523 0.01048757 0.01402042 0.00537315 0.01039127 0.01421167 0.00514262 0.01055141 0.01369043 0.00525169 0.01038395 0.00223301 0.01062401 -0.00237844 0.00230608 0.01096951 -0.0018546 0.00210119 0.01075482 -0.00187375 0.00214474 0.01048789 -0.00228799 0.00220495 0.0117 -0.00198889 0.00184341 0.01100388 -0.0015029 0.00183866 0.01181451 -0.00175509 0.0011799 0.01183342 -0.00221281 0.0012377 0.0117349 -0.0024901 0.00153633 0.01161641 -0.00268262 0.00139862 0.01023995 -0.00235057 0.00153633 0.01161641 -0.00268262 0.00187931 0.01040894 -0.00251158 0.00192791 0.01155659 -0.00262844 0.00218292 0.01167384 -0.00243193 0.00181907 0.01026522 -0.00239981 0.00180271 0.01072515 -0.00166088 0.00136982 0.01186797 -0.00187657 0.00123674 0.01078274 -0.00150267 0.00144207 0.0101745 -0.00224362 0.00219608 0.01044355 -0.00178412 0.00229878 0.01016871 -0.00220881 0.00142298 0.01055069 -0.00161035 0.00194078 0.01036279 -0.00160896 0.00163066 0.01011097 -0.00155435 0.00143037 0.00979762 -0.00163547 0.00138275 0.00974276 -0.00188652 0.00160386 0.00969288 -0.00214898 0.00160386 0.00969288 -0.00214898 0.00193932 0.00981124 -0.00229905 0.0026511 0.00945372 -0.00187085 0.00260988 0.00982932 -0.00189062 0.00207886 0.01000042 -0.00155703 0.00214906 0.00998533 -0.00140312 0.00183834 0.00967124 -0.00149836 0.00195244 0.00965184 -0.00124113 0.00192222 0.00919528 -0.00124218 0.00163963 0.00920037 -0.00154654 0.0018833 0.00891405 -0.00179696 0.00157013 0.00923828 -0.00184379 0.00176565 0.00921126 -0.00205434 0.00251241 0.0091214 -0.00175302 0.00254403 0.01022204 -0.0009854 0.00277753 0.01031815 -0.00121447 0.00240404 0.00996198 -0.00080262 0.00243658 0.00958689 -0.00074319 0.00221016 0.00894565 -0.00147201 0.00221016 0.00894565 -0.00147201 0.0018833 0.00891405 -0.00179696 0.00678799 0.01270929 0.00215173 0.00603671 0.01184452 0.00178332 0.00608956 0.01212327 0.00150608 0.00674629 0.01238145 0.00245749 0.00592348 0.01251704 0.00139306 0.00659727 0.01313499 0.00202794 0.00619996 0.01337427 0.00222278 0.00556497 0.01271665 0.00156851 0.00524509 0.01265265 0.00190982 0.00585297 0.01331448 0.00258774 0.00573766 0.01176731 0.00214747 0.00641606 0.01229531 0.00285854 0.00516529 0.01238457 0.00220702 0.00576684 0.01301197 0.0029096 0.00599689 0.0125473 0.0030657 0.00535861 0.01197649 0.00235335 0.00573766 0.01176731 0.00214747 0.00641606 0.01229531 0.00285854 0.00838795 0.01490428 0.00541736 0.00775194 0.0149502 0.00488636 0.00795234 0.01449962 0.00496812 0.0082156 0.01533846 0.00534099 0.00833376 0.01426568 0.00474908 0.00876454 0.01466535 0.00519221 0.0090852 0.01476416 0.00481983 0.00833376 0.01426568 0.00474908 0.00866056 0.01433564 0.00437948 0.00876454 0.01466535 0.00519221 0.00874981 0.01463052 0.00408976 0.00916821 0.01506119 0.00454598 0.00860539 0.014951 0.0040121 0.00903904 0.01535517 0.00447745 0.00862828 0.01566142 0.00471228 0.00817661 0.01526775 0.00424543 0.00784357 0.01525475 0.00460896 0.00830491 0.01564564 0.0050796 0.00913461 0.01597849 0.00580226 0.00946537 0.01609791 0.00543254 0.00890384 0.01556856 0.00593207 0.00877785 0.01508495 0.00586624 0.00903565 0.01474891 0.00547196 0.00903565 0.01474891 0.00547196 0.00944185 0.01498364 0.00513886 0.00962541 0.01546862 0.00506176 0.00964782 0.01532189 0.00540841 0.00952256 0.01506627 0.00539272 0.009505 0.01557277 0.00564475 0.00966291 0.01589601 0.0051324 0.00930526 0.01551404 0.00580537 0.00913306 0.01530755 0.00587017 0.00906659 0.01500096 0.00579398 0.00923147 0.01487425 0.00556452 0.00923147 0.01487425 0.00556452 0.01208479 0.00929946 0.00806827 0.01245705 0.00848007 0.00845124 0.01214453 0.00839787 0.0085814 0.01177595 0.00920448 0.00820522 0.01265287 0.00860267 0.00863792 0.01227189 0.0094385 0.00823328 0.01261576 0.008761 0.00893955 0.0122213 0.00960805 0.00852633 0.01237278 0.00878568 0.00916304 0.01198385 0.00962242 0.0087421 0.01173368 0.00949437 0.00874203 0.01211151 0.00866875 0.00915366 0.01162341 0.00930132 0.00849389 0.01199444 0.00849107 0.00887964 0.01177595 0.00920448 0.00820522 0.01214453 0.00839787 0.0085814 0.0124626 0.00843051 0.00916907 0.0126128 0.00843866 0.00903673 0.01230997 0.00835184 0.00914781 0.01223379 0.0082414 0.00897697 0.01233154 0.00817924 0.00878937 0.01233154 0.00817924 0.00878937 0.01250519 0.00825397 0.00871674 0.0126325 0.00835704 0.00884592 0.01296901 0.0075058 0.00972098 0.01312102 0.00749424 0.00959908 0.01268387 0.00737855 0.00970434 0.01261168 0.0071945 0.0095026 0.01282788 0.00711423 0.00925526 0.01282788 0.00711423 0.00925526 0.01308239 0.00727251 0.00926639 0.01316203 0.00738684 0.00940209 0.01382686 0.00587964 0.01057895 0.01396345 0.00576825 0.0103852 0.01391952 0.00598548 0.01056468 0.0140415 0.00581898 0.01030492 0.0138104 0.00531439 0.01104668 0.01398369 0.00563419 0.01078491 0.01365189 0.00556824 0.01083456 0.01414053 0.00538874 0.01099086 0.01336809 0.00587063 0.01068487 0.01338327 0.00558214 0.01044299 0.01349338 0.0058221 0.01062245 0.01326034 0.00557757 0.01042366 0.01353704 0.00546639 0.01012438 0.01357004 0.00549816 0.01028033 0.01353704 0.00546639 0.01012438 0.01382917 0.00560369 0.01023114 0.01357004 0.00549816 0.01028033 0.0139286 0.00564684 0.01011379 0.0141353 0.00551776 0.01058232 0.01430715 0.00526728 0.01077944 0.01392135 0.00523118 0.01098549 0.01413858 0.00525748 0.01094057 0.01376506 0.00508949 0.01084725 0.01357406 0.00511068 0.01077762 0.01347867 0.00534641 0.0106103 0.01369043 0.00525169 0.01038395 0.01381082 0.00500523 0.01048757 0.01417186 0.00510605 0.01066472 0.01422947 0.00519859 0.0108126 0.01443863 0.00498833 0.01103155 0.01427505 0.00505637 0.01121774 0.01441152 0.00485525 0.0114949 0.01456922 0.00469304 0.01129523 0.01464779 0.00477806 0.0112505 0.01440357 0.00474786 0.01143747 0.01421888 0.0047103 0.01141311 0.01409189 0.00480555 0.01145629 0.01400662 0.00501836 0.01122089 0.01407755 0.00456684 0.01123722 0.01392793 0.0045683 0.01121924 0.0138465 0.0048289 0.01103325 0.01407537 0.00477585 0.01086748 0.01393202 0.00505616 0.01070317 0.01407537 0.00477585 0.01086748 0.01437892 0.00484103 0.01083812 0.01393202 0.00505616 0.01070317 0.01453838 0.0045591 0.01112684 0.01458597 0.00457601 0.01101151 0.01482891 0.00433489 0.01176848 0.01469907 0.00451396 0.01153186 0.01452261 0.00458133 0.01169339 0.01464165 0.00441479 0.01194931 0.01440002 0.00428533 0.01195915 0.01430945 0.00449781 0.01168613 0.01418812 0.00430784 0.01151668 0.0142987 0.00404884 0.01179614 0.01421873 0.00449554 0.0110318 0.01428016 0.00451517 0.01112263 0.01483213 0.00412076 0.01154822 0.01468526 0.00433993 0.01133753 0.01439847 0.00423422 0.01132212 0.01451677 0.00395326 0.0115216 0.01451677 0.00395326 0.0115216 0.01439847 0.00423422 0.01132212 0.0152606 0.00333631 0.01251139 0.01505364 0.00371471 0.01216669 0.01507206 0.00375452 0.01222308 0.01529744 0.00341593 0.01262417 0.01500483 0.00381879 0.01236839 0.01522502 0.00349435 0.01280085 0.01485738 0.00379297 0.01244514 0.01508334 0.0034906 0.01289874 0.01495683 0.00346969 0.01289113 0.01479413 0.00378252 0.01244133 0.01483929 0.00332393 0.01269811 0.01469891 0.00364409 0.01228455 0.01493461 0.00320772 0.01247049 0.01479319 0.00356142 0.012107 0.01562771 0.00226621 0.01330434 0.01548498 0.00243384 0.01311107 0.01573562 0.00184267 0.01336964 0.01582159 0.00112482 0.01340317 0.01580339 0.00110622 0.01344947 0.01587444 0.0011379 0.0134067 0.01583231 0.00109524 0.01348939 0.01589592 0.00113243 0.01344431 0.01588085 0.00111324 0.01348233 0.01583231 0.00109524 0.01348939 0.01528225 0.00284403 0.01379074 0.01547359 0.00261649 0.01390956 0.01553526 0.00288585 0.01380594 0.01560434 0.00260576 0.01385531 0.01555687 0.00234283 0.01404863 0.01574945 0.00177081 0.01423423 0.01579035 0.00174598 0.01414285 0.01566221 0.00172389 0.01418683 0.01570181 0.00171322 0.01409951 0.01570181 0.00171322 0.01409951 0.0159038 0.00123694 0.0143559 0.01589874 0.00121697 0.01431097 0.01584276 0.00121961 0.01435871 0.01584182 0.00119831 0.01429418 0.01584182 0.00119831 0.01429418 0.0136416 0.00601865 0.01070936 0.00271966 0.00939328 -0.00094621 0.00296352 0.0095238 -0.00121836 0.00271966 0.00939328 -0.00094621 0.00306699 0.00977677 -0.00137554 0.00300656 0.01010861 -0.00142266 0.01421873 0.00449554 0.0110318 0.01428016 0.00451517 0.01112263 0.01478464 0.00414323 0.01193593 0.01484669 0.00409311 0.01182199 0.01463142 0.00409535 0.01199153 0.01455852 0.00396424 0.01187099 0.01465177 0.00391512 0.01174351 0.01465177 0.00391512 0.01174351 0.0148002 0.00398413 0.01171981 0.0149714 0.00359655 0.01206763 0.01514259 0.00320898 0.01241544 0.01493461 0.00320772 0.01247049 0.01479319 0.00356142 0.012107 0.01589069 0.0009134 0.01343877 0.01590498 0.00091998 0.01343259 0.0159021 0.00091723 0.0134394 0.01588728 0.00091333 0.01343208 0.01590141 0.00091916 0.01342322 0.01589027 0.00091526 0.01342117 0.01589069 0.0009134 0.01343877 0.01595379 0.00101053 0.01439636 0.01593708 0.00100587 0.014398 0.01595222 0.00100588 0.01438522 0.01593675 0.00099869 0.01438105 0.01593675 0.00099869 0.01438105 0.00176565 0.00921126 -0.00205434 0.00822624 0.0139058 0.00395231 0.00730932 0.01322898 0.00375568 0.00764978 0.01329105 0.00336652 0.00789314 0.0138644 0.00431903 0.00730932 0.01322898 0.00375568 0.00789314 0.0138644 0.00431903 0.00750686 0.01409373 0.00453216 0.00690164 0.01347556 0.00396838 0.00667054 0.01395163 0.00384629 0.00727898 0.01456041 0.00444538 0.00737248 0.0148626 0.00415159 0.00676451 0.01426199 0.00353082 0.00771605 0.01487405 0.00378712 0.00711236 0.01429596 0.00316032 0.00754517 0.01399938 0.00294535 0.0081623 0.01454552 0.00355987 0.00832152 0.01419843 0.0036475 0.00772158 0.01360856 0.00305451 0.00515092 0.01120367 0.00097286 0.00414994 0.01066624 0.00048972 0.00434948 0.01071773 0.00020539 0.00492638 0.0111253 0.00126912 0.00414994 0.01066624 0.00048972 0.00492638 0.0111253 0.00126912 0.00460659 0.01128699 0.00145169 0.00384406 0.01077521 0.00066346 0.00371655 0.01102928 0.00052859 0.0044635 0.01161188 0.00131591 0.00454249 0.01180443 0.0010798 0.00379126 0.01117868 0.0003032 0.00481934 0.0118568 0.000779 0.00403833 0.01122593 1.749E-05 0.00431467 0.01111242 -9.406E-05 0.00509425 0.01171993 0.00064555 0.00521134 0.01140635 0.00074055 0.00440655 0.01086341 -1.518E-05 0.00719314 0.01285248 0.00289691 0.00724829 0.01318267 0.00258408 0.00685341 0.01277556 0.00329916 0.00685341 0.01277556 0.00329916 0.00643416 0.01303048 0.00351055 0.0062033 0.01350726 0.00336716 0.00629663 0.01381886 0.00304197 0.00664618 0.01386777 0.00267034 0.00706329 0.01359931 0.00246269 0.00562467 0.01150098 0.00140365 0.00567947 0.01174663 0.00114724 0.00536498 0.01142093 0.00173552 0.00536498 0.01142093 0.00173552 0.0050128 0.01160953 0.00192726 0.00484019 0.01198684 0.00178252 0.0049213 0.01222191 0.00151705 0.0052201 0.01228128 0.00119613 0.00553735 0.01210659 0.0010418 0.01111023 0.01192913 0.00699775 0.01058246 0.01255697 0.00652069 0.0107346 0.0127615 0.00659896 0.01094928 0.01174074 0.00689772 0.0102824 0.01240645 0.00667805 0.01064677 0.01160405 0.00704968 0.0102824 0.01240645 0.00667805 0.01064677 0.01160405 0.00704968 0.01012319 0.0125202 0.00693201 0.01048988 0.01171395 0.00731306 0.01058189 0.01195441 0.00748599 0.01020969 0.0127768 0.00708052 0.01079836 0.01211546 0.00745767 0.01041639 0.01295045 0.00704445 0.01063237 0.01297782 0.00686028 0.01101986 0.01213271 0.00726579 0.01187677 0.01026357 0.00781239 0.01132094 0.0109235 0.0072801 0.01148974 0.0110948 0.0074008 0.01169921 0.0101087 0.00766998 0.01139492 0.01000162 0.00781476 0.01101949 0.01080301 0.0074307 0.01101949 0.01080301 0.0074307 0.01139492 0.01000162 0.00781476 0.01086103 0.01090637 0.00769905 0.01123901 0.0101014 0.00809278 0.01134197 0.01030943 0.00831445 0.01095842 0.0111307 0.00789624 0.01158098 0.01044854 0.00830514 0.0111861 0.01128075 0.00787736 0.01141279 0.01128723 0.00767737 0.01181304 0.01044459 0.00809724 0.0103739 0.01360965 0.00620865 0.00987681 0.01422703 0.00577006 0.01001219 0.01446559 0.00580454 0.01022943 0.01338756 0.00615163 0.0095817 0.01404935 0.00593887 0.00993111 0.01322266 0.00631454 0.0095817 0.01404935 0.00593887 0.00977088 0.01334126 0.00655987 0.0094194 0.01417128 0.0061753 0.00993111 0.01322266 0.00631454 0.00985286 0.01361562 0.00668329 0.00949434 0.01446134 0.00627221 0.01004811 0.01379971 0.00663694 0.00967777 0.01465647 0.0062179 0.00988282 0.01470463 0.00604932 0.01025866 0.01383741 0.00646136 0.0134034 0.00674793 0.00949327 0.01384115 0.00640113 0.00991118 0.01372441 0.00622335 0.00972016 0.01350159 0.00689398 0.00965664 0.01343098 0.00704478 0.00991731 0.01374095 0.00659532 0.01023553 0.01347531 0.00661805 0.01043676 0.01322216 0.00706193 0.01007887 0.01303499 0.00642688 0.01042508 0.01285943 0.00690271 0.01006471 0.01276104 0.00665817 0.00980307 0.01291039 0.00612184 0.01010354 0.0132595 0.00599808 0.0097124 0.01304369 0.00655616 0.00948383 0.01304369 0.00655616 0.00948383 0.0132595 0.00599808 0.0097124 0.01546756 0.00295791 0.01285609 0.01552282 0.00307735 0.01302526 0.01544521 0.00316991 0.01323332 0.0153093 0.00318822 0.01335234 0.01511954 0.00315686 0.01334094 0.01497968 0.00300377 0.01311168 0.01507603 0.00285402 0.01283398 0.01531379 0.00282141 0.01276326 0.01507603 0.00285402 0.01283398 0.00351998 0.01020887 -0.00084041 0.00344276 0.01006685 -0.00065187 0.00346135 0.01047201 -0.0008963 0.00321941 0.01057493 -0.00077586 0.00299259 0.01052966 -0.00051361 0.00290195 0.01037265 -0.0003166 0.0029806 0.01011733 -0.00021127 0.00325431 0.01001891 -0.00039136 0.00325431 0.01001891 -0.00039136 0.00294831 0.01658281 -0.00760526 0.00308991 0.01677456 -0.00547479 0.00293839 0.01668561 -0.00547267 0.00318215 0.01669752 -0.00805158 0.00262919 0.01562611 -0.0298369 0.00270751 0.01590859 -0.02467421 0.00278538 0.01589546 -0.02982329 0.00286123 0.01617401 -0.02466273 0.00187926 0.01476956 -0.0427215 0.00226374 0.01492781 -0.03984892 0.0023974 0.01520913 -0.03989704 0.00176488 0.01448587 -0.04274147 0.00356348 0.01534048 -0.04759615 0.00491464 0.01620988 -0.04851739 0.00486453 0.01600298 -0.04871788 0.00370053 0.01556212 -0.0474562 0.00795405 0.01792327 -0.04931561 0.00584925 0.01650723 -0.04932094 0.00579337 0.01668732 -0.04910809 0.00804376 0.01778071 -0.049537 0.01032973 0.0192646 -0.05004793 0.01034222 0.01916634 -0.05032246 0.01220127 0.02034673 -0.0500699 0.01223956 0.02034758 -0.05036324 0.01394145 0.02135994 -0.04984226 0.013898 0.02136225 -0.04954303 0.01714822 0.02322287 -0.04970815 0.01721248 0.02321228 -0.04998238 0.02194117 0.02606027 -0.04853601 0.02400778 0.02714793 -0.04738255 0.02208133 0.02601408 -0.04879214 0.02382998 0.02722434 -0.04716142 0.02545609 0.02820357 -0.04646281 0.02466769 0.02753788 -0.04710112 0.02462655 0.02770403 -0.0468192 0.02564426 0.02811495 -0.04668465 0.0267652 0.02900809 -0.04546799 0.02700141 0.02895144 -0.04565381 0.02907779 0.03029969 -0.0433084 0.03021995 0.03121498 -0.04204038 0.03044947 0.03116909 -0.04227629 0.02875068 0.03028036 -0.04317777 0.03361025 0.03357995 -0.02890893 0.03352388 0.03350594 -0.03004883 0.03328624 0.03359871 -0.02893304 0.03318787 0.03348777 -0.03006638 0.02397964 0.0288371 -0.0138582 0.02690604 0.03022615 -0.01689628 0.02667643 0.03025945 -0.01710779 0.02419683 0.02876696 -0.01365808 0.01296278 0.02253506 -0.00498749 0.0158289 0.02442099 -0.00705435 0.01273694 0.02272401 -0.00509998 0.01603502 0.02424364 -0.00691799 0.00591611 0.0185685 -0.0013536 0.0085965 0.02043304 -0.00264156 0.00572236 0.0188265 -0.0013924 0.0087943 0.02020213 -0.00256891 0.01930804 0.02443289 -0.0491814 0.01922118 0.02446829 -0.04889865 0.02815724 0.03086564 -0.0189355 0.02787843 0.03087111 -0.01907861 0.02812882 0.02969822 -0.04402243 0.02790432 0.02974198 -0.04383295 0.03170075 0.03201022 -0.03988823 0.03144482 0.03203313 -0.0396504 0.03249777 0.03271067 -0.0383312 0.03278504 0.0326897 -0.03845261 0.03311663 0.03299733 -0.03605955 0.03349289 0.0334863 -0.03340962 0.03380413 0.03354104 -0.03343813 0.03279168 0.03298169 -0.03597544 0.032817 0.0332019 -0.02649338 0.03252674 0.03326703 -0.02662606 0.00234507 0.01528458 -0.03762201 0.00219885 0.0150168 -0.0375395 0.00228547 0.01495001 -0.04367996 0.00220369 0.01469689 -0.04381269 0.00299108 0.01692036 -0.0002816 0.00279118 0.01718341 -0.00029985 0.0027537 0.01689162 -0.00751863 0.0030273 0.01702567 -0.00803895 0.00264368 0.01665385 -0.00769228 0.00287393 0.01676412 -0.00810908 0.00591611 0.0185685 -0.0013536 0.00291578 0.01691999 -0.00061025 0.00583016 0.01855753 -0.00166953 0.00299108 0.01692036 -0.0002816 0.00869601 0.02015914 -0.00287321 0.0087943 0.02020213 -0.00256891 0.01284162 0.02244315 -0.00524658 0.0159325 0.0241383 -0.00718601 0.01603502 0.02424364 -0.00691799 0.01296278 0.02253506 -0.00498749 0.02690604 0.03022615 -0.01689628 0.02407969 0.02853592 -0.01380887 0.02680757 0.02995931 -0.01700171 0.02419683 0.02876696 -0.01365808 0.02803111 0.03057134 -0.01897726 0.02815724 0.03086564 -0.0189355 0.03361025 0.03357995 -0.02890893 0.032728 0.03288407 -0.02660024 0.03353053 0.03324814 -0.02894863 0.032817 0.0332019 -0.02649338 0.03352388 0.03350594 -0.03004883 0.03348082 0.03318094 -0.03006868 0.03376826 0.03321834 -0.0334207 0.03311663 0.03299733 -0.03605955 0.03380413 0.03354104 -0.03343813 0.03307095 0.03267956 -0.03601484 0.0327241 0.03236355 -0.03834888 0.03278504 0.0326897 -0.03845261 0.03170075 0.03201022 -0.03988823 0.03165903 0.03169926 -0.03982022 0.03044947 0.03116909 -0.04227629 0.03041181 0.03087108 -0.04215147 0.02907779 0.03029969 -0.0433084 0.02898767 0.03000966 -0.04317197 0.02812882 0.02969822 -0.04402243 0.0269383 0.02872919 -0.04545484 0.02700141 0.02895144 -0.04565381 0.02807516 0.02945771 -0.04382585 0.02562416 0.02792726 -0.0464462 0.02564426 0.02811495 -0.04668465 0.02466769 0.02753788 -0.04710112 0.02469843 0.02737947 -0.04683977 0.02400778 0.02714793 -0.04738255 0.02210356 0.02582672 -0.04856737 0.02208133 0.02601408 -0.04879214 0.02398757 0.02695882 -0.04714198 0.01930804 0.02443289 -0.0491814 0.01936181 0.0242376 -0.04897583 0.01721248 0.02321228 -0.04998238 0.01729847 0.02302297 -0.04977424 0.01394145 0.02135994 -0.04984226 0.01404733 0.02115088 -0.04967415 0.01223956 0.02034758 -0.05036324 0.01233294 0.02015106 -0.05018423 0.01045516 0.01905651 -0.05009216 0.01034222 0.01916634 -0.05032246 0.00817191 0.01775754 -0.04925903 0.00804376 0.01778071 -0.049537 0.00584925 0.01650723 -0.04932094 0.00597711 0.01649759 -0.04905332 0.00486453 0.01600298 -0.04871788 0.00503281 0.01598065 -0.0484902 0.00378643 0.01533407 -0.04743748 0.00356348 0.01534048 -0.04759615 0.00220369 0.01469689 -0.04381269 0.00248168 0.01469366 -0.04371601 0.00226374 0.01492781 -0.03984892 0.00207108 0.01448855 -0.04268294 0.00257399 0.01490101 -0.03985795 0.00176488 0.01448587 -0.04274147 0.00219885 0.0150168 -0.0375395 0.0025136 0.01497192 -0.03751085 0.00294234 0.01557103 -0.02976418 0.00301928 0.01585125 -0.0245812 0.00270751 0.01590859 -0.02467421 0.00262919 0.01562611 -0.0298369 0.00287393 0.01676412 -0.00810908 0.00264368 0.01665385 -0.00769228 0.00276485 0.01697845 -0.00537046 0.00294594 0.01708002 -0.00537242 0.0030684 0.01610645 -0.01959652 0.00311234 0.0163348 -0.01513644 0.00280263 0.0163976 -0.01520599 0.00275831 0.01616977 -0.01961725 0.00280263 0.0163976 -0.01520599 0.00291211 0.01643492 -0.01956998 0.00275831 0.01616977 -0.01961725 0.00295556 0.01665779 -0.01521969 0.0031526 0.01654397 -0.01105092 0.00284448 0.01661276 -0.01103989 0.00284448 0.01661276 -0.01103989 0.00299771 0.01687392 -0.011001 0.0313914 0.03248855 -0.02427967 0.0312989 0.03218344 -0.0243632 0.03112414 0.03253379 -0.02445555 0.0313914 0.03248855 -0.02427967 0.00564263 0.01787693 -0.01356727 0.00571244 0.01811465 -0.00932421 0.00577251 0.01832376 -0.00561883 0.00530894 0.01676737 -0.03353152 0.00538961 0.01703503 -0.02871201 0.00278986 0.0152714 -0.03442023 0.01827316 0.02575566 -0.0087859 0.01848058 0.02560305 -0.00863526 0.01848058 0.02560305 -0.00863526 0.01837547 0.02547053 -0.00888887 0.02081012 0.02678121 -0.01094042 0.0209417 0.02696597 -0.01074572 0.0209417 0.02696597 -0.01074572 0.02071206 0.02707441 -0.01090089 0.03143108 0.03201198 -0.02968821 0.03281985 0.03283523 -0.02919879 0.03164466 0.03172783 -0.038688 0.01402798 0.02121052 -0.04738751 0.01720373 0.02308307 -0.04637259 0.01071195 0.01925526 -0.04844727 0.00562642 0.01861588 -0.00552001 0.01095263 0.02164786 -0.00613243 0.01094028 0.02146984 -0.01015539 0.00852024 0.02018903 -0.00753898 0.00845839 0.01997281 -0.01172965 0.00555521 0.01841392 -0.00925317 0.0129396 0.02267728 -0.00888709 0.01599668 0.0242751 -0.01268666 0.01834128 0.02566636 -0.01179878 0.02099599 0.02704668 -0.01538487 0.02410458 0.02861928 -0.02069453 0.02140511 0.02700727 -0.02185045 0.02421748 0.02842248 -0.02687612 0.02151534 0.026816 -0.02782307 0.02161444 0.02664319 -0.0330754 0.02440847 0.02808751 -0.03639952 0.02170504 0.02648103 -0.03728927 0.02431573 0.02825089 -0.03211654 0.02455404 0.0278327 -0.04389168 0.0191342 0.0245973 -0.04566257 0.02185307 0.02622034 -0.0447742 0.01884852 0.02499711 -0.03405721 0.01895384 0.02484625 -0.03819473 0.01859673 0.02533041 -0.023053 0.01872728 0.0251586 -0.02880011 0.01703138 0.02334202 -0.04634965 0.01665993 0.02369471 -0.0348341 0.01679473 0.02356336 -0.03890533 0.01633502 0.02398016 -0.02402145 0.01650104 0.02383536 -0.02958027 0.01845219 0.02552052 -0.01668643 0.0161512 0.02414041 -0.01786371 0.02885476 0.03117834 -0.02525105 0.02888709 0.03138439 -0.02073243 0.02874764 0.03033608 -0.04252145 0.01056359 0.01948104 -0.04846296 0.00808633 0.01859333 -0.03787753 0.01087645 0.02025334 -0.03688709 0.01087988 0.02004923 -0.04085197 0.00804167 0.01836318 -0.04178604 0.00823266 0.01914449 -0.02749084 0.0108875 0.02049945 -0.03154744 0.00816141 0.01887992 -0.03250274 0.01089992 0.02073603 -0.02634874 0.01091403 0.02099977 -0.02054318 0.00831278 0.01944038 -0.02187397 0.00498555 0.01654786 -0.04279181 0.00512296 0.01707529 -0.03356748 0.00264625 0.01560491 -0.03443535 0.00520673 0.01733942 -0.0287865 0.00530143 0.01763576 -0.02341448 0.00547542 0.01817499 -0.0136216 0.013866 0.02145243 -0.04738392 0.01369639 0.02193123 -0.03588608 0.01375824 0.02175926 -0.03990468 0.01356588 0.02232715 -0.02520719 0.01363066 0.02212946 -0.03058615 0.01349398 0.02254679 -0.01922323 0.02881914 0.03093132 -0.030518 0.03123052 0.03236672 -0.02966208 0.03133645 0.03220469 -0.03411935 0.02879738 0.03069572 -0.03495502 0.00503075 0.01677557 -0.03896222 0.0326017 0.03318293 -0.02917537 0.00505773 0.01605982 -0.04704316 0.02899369 0.0300349 -0.04260468 0.02909252 0.03110227 -0.02069104 0.02908461 0.03087697 -0.02514407 0.02693043 0.02881832 -0.04326407 0.02464721 0.02747205 -0.04399375 0.02459139 0.02757328 -0.0409041 0.02691917 0.02894454 -0.0401727 0.0242112 0.02828417 -0.02061949 0.02685643 0.02955353 -0.02593016 0.02682137 0.02984552 -0.01949728 0.0243308 0.02805545 -0.0268211 0.02196473 0.02602581 -0.04172945 0.02203043 0.02592909 -0.04483004 0.0215283 0.02668002 -0.02177301 0.02166372 0.02647329 -0.02776196 0.01928923 0.02431276 -0.04570609 0.01921377 0.0244049 -0.0425939 0.01873094 0.02500867 -0.02297577 0.01887647 0.02481971 -0.02874521 0.017105 0.02316221 -0.04325659 0.01648586 0.02366729 -0.0239411 0.0166701 0.0235106 -0.02952355 0.01398504 0.02132339 -0.0442371 0.01372084 0.02201512 -0.02512995 0.01380144 0.02180839 -0.03053554 0.01089441 0.01950157 -0.04520846 0.01103344 0.02040909 -0.02628542 0.01103983 0.02016945 -0.03150976 0.01305492 0.02238821 -0.00897053 0.00838058 0.018591 -0.03244789 0.00843556 0.01885623 -0.0274024 0.0086057 0.01968136 -0.01172971 0.00864842 0.01989971 -0.00764366 0.03273354 0.03303501 -0.03365953 0.02901603 0.03017965 -0.03951388 0.02914313 0.03136952 -0.0205423 0.02914313 0.03136952 -0.0205423 0.01101325 0.02114655 -0.01023667 0.01100658 0.02133157 -0.00629482 0.00821043 0.01791906 -0.04605211 0.03142133 0.03206899 -0.03867251 0.02876534 0.03048586 -0.03951461 0.02179109 0.02633015 -0.0417254 0.02449295 0.02793989 -0.040869 0.0190588 0.02470263 -0.04259133 0.01693209 0.0234361 -0.04326526 0.01381976 0.02158295 -0.04425139 0.0107368 0.01974775 -0.04522806 0.00799045 0.01811355 -0.0460979 0.00493339 0.01629499 -0.04706597 0.03151343 0.03188439 -0.03416226 0.02674627 0.02914136 -0.04317538 0.00513852 0.01627553 -0.04283848 0.00826473 0.01812614 -0.04180991 0.01103844 0.01976796 -0.04089735 0.01392644 0.02147734 -0.03994724 0.01696613 0.02327638 -0.03894726 0.01910555 0.02454252 -0.03824348 0.02186598 0.0261761 -0.03733544 0.0245055 0.027738 -0.03646722 0.02689364 0.02915109 -0.03568171 0.02902201 0.03041038 -0.03498167 0.03297827 0.03275099 -0.03368051 0.02906694 0.03061051 -0.03052136 0.02443243 0.02786288 -0.03215463 0.02688335 0.02931596 -0.03129089 0.02178303 0.02629206 -0.03308832 0.01900993 0.02464782 -0.0340656 0.01684423 0.02336366 -0.03482883 0.01388008 0.021606 -0.03587345 0.01104563 0.01992517 -0.03687237 0.00832114 0.01830946 -0.03783253 0.00521789 0.01646906 -0.03892618 0.00247723 0.01532547 -0.03443026 0.00247723 0.01532547 -0.03443026 0.02668118 0.03015813 -0.01959123 0.01322163 0.02261105 -0.01414662 0.01092688 0.02123508 -0.01535388 0.00838696 0.01971295 -0.01669005 0.00539261 0.01791952 -0.01826522 0.01611611 0.023982 -0.01274528 0.01335105 0.02231403 -0.01419698 0.01102005 0.0209077 -0.01542082 0.00855191 0.01941811 -0.01671678 0.00556409 0.01761412 -0.01828578 0.01857068 0.025217 -0.01662679 0.02110116 0.02674036 -0.01533253 0.01628294 0.02384 -0.01779688 0.01363163 0.02224389 -0.01915294 0.01102629 0.02067527 -0.02048551 0.00849679 0.01915191 -0.02177933 0.0054798 0.01733437 -0.02332255 0.01845006 0.0253738 -0.01184788 0.02669394 0.02989499 -0.02600825 0.02670642 0.02967381 -0.03126794 0.02672605 0.02946476 -0.03563675 0.02673609 0.02927651 -0.04015794 0.01088653 0.02170015 -0.00400129 0.01105973 0.02147 -0.00388332 0.01105973 0.02147 -0.00388332 0.01104819 0.02145507 -0.00421984 0.00567502 0.01978395 0.00622504 0.00569838 0.01961777 0.00203859 0.00351297 0.01849625 0.00565357 0.00346796 0.01834717 0.00240705 0.00876669 0.02160563 0.00700019 0.00858425 0.02125387 0.001563 0.0118899 0.02337704 0.00640243 0.01188768 0.02342912 0.00761199 0.01583943 0.02572682 0.00804452 0.0158158 0.02560721 0.00565057 0.0198744 0.02806927 0.00836862 0.01974381 0.02783539 0.00489875 0.02345175 0.03014082 0.00847438 0.02332279 0.02987475 0.00421246 0.02698007 0.03217462 0.00839271 0.02683344 0.03186676 0.00354044 0.03080648 0.03436678 0.00802898 0.03072947 0.03407862 0.00279448 0.03907315 0.03907046 0.00649317 0.03454613 0.03625182 0.00206284 0.03462372 0.03654796 0.00742917 0.03905382 0.03881708 0.00119892 0.00222844 0.01765573 0.00260972 0.00228375 0.01783687 0.00583916 0.00585428 0.01936319 0.00204417 0.0035551 0.01787805 -0.00153736 0.00588875 0.0191325 -0.00339335 0.00360433 0.01809846 0.00238753 0.00874957 0.0210177 0.00159977 0.00857923 0.02067032 -0.00383193 0.0120418 0.02291082 0.00104111 0.0120545 0.02266842 -0.00439896 0.01590655 0.02511723 0.0003869 0.01586339 0.02484181 -0.00501969 0.01931368 0.0266182 -0.00974976 0.01580962 0.0244987 -0.01175497 0.01913901 0.02630597 -0.01448572 0.01583019 0.02462994 -0.00917877 0.02302099 0.0287273 -0.01036106 0.02288721 0.02844132 -0.01489505 0.02652454 0.03072646 -0.01093563 0.02639392 0.03045075 -0.01527394 0.03067803 0.03310226 -0.01161375 0.03062167 0.03288081 -0.01572811 0.03530883 0.03512871 -0.02618008 0.03429276 0.03465836 -0.02365298 0.03425677 0.03452793 -0.02608021 0.00242775 0.01762028 0.00587149 0.00357173 0.0183918 0.00578933 0.00236656 0.01774759 0.00598575 0.00364538 0.01828229 0.00566108 0.00572779 0.01964638 0.00635367 0.00582778 0.01954053 0.006224 0.00882416 0.02146623 0.00712286 0.00891849 0.02136217 0.00698602 0.01194455 0.02330296 0.00773495 0.01202649 0.02320288 0.00759593 0.01589422 0.02561163 0.00818027 0.01596774 0.02550772 0.00805245 0.01992479 0.02793477 0.00849928 0.0199818 0.02781248 0.00836583 0.02357571 0.02991316 0.00843942 0.02351741 0.03001974 0.0085889 0.02710671 0.03195528 0.00839989 0.02704926 0.03206649 0.00852839 0.03094831 0.03415889 0.00804827 0.03087578 0.03428048 0.00816972 0.03475333 0.03633144 0.00750016 0.03469378 0.03647183 0.00759273 0.03920423 0.03885528 0.00652151 0.03915358 0.03899262 0.00663531 0.04517031 0.04236125 0.0046277 0.04737387 0.04343442 0.00362172 0.04734798 0.04357942 0.00373991 0.04520117 0.04222028 0.00450487 0.05415328 0.04716726 -0.00032539 0.05158233 0.04593211 0.00160967 0.05160007 0.04577893 0.00150572 0.05414917 0.04732195 -0.00022273 0.05818733 0.04947764 -0.00377311 0.05671599 0.04871178 -0.00205513 0.0567065 0.04855558 -0.00215649 0.05816176 0.0493167 -0.00385591 0.05869457 0.04930076 -0.011133 0.05797627 0.04878669 -0.01237601 0.058717 0.04946698 -0.01121402 0.05798179 0.04897329 -0.01248546 0.05726537 0.04855124 -0.01297266 0.05732127 0.04839993 -0.01284309 0.05565271 0.04739121 -0.01434703 0.05333797 0.04623362 -0.01536753 0.055636 0.04756596 -0.01446895 0.05334296 0.04607131 -0.01531173 0.04848685 0.04313648 -0.01653491 0.04678565 0.04211963 -0.01748279 0.04851757 0.04330157 -0.01666766 0.04678865 0.04223223 -0.01770159 0.04575091 0.04146602 -0.01905595 0.04421302 0.04075165 -0.01969253 0.04571863 0.04160303 -0.01918226 0.04424375 0.04056996 -0.01964907 0.04130485 0.03873744 -0.02286353 0.04000974 0.03808993 -0.02358436 0.04130279 0.03891871 -0.02291284 0.04000957 0.03795465 -0.02349092 0.03735568 0.03638792 -0.02546884 0.03731482 0.03628886 -0.02524538 0.03530547 0.03518297 -0.02633601 0.03421048 0.03456011 -0.02622567 0.0332047 0.03392716 -0.02598035 0.03038927 0.03244866 -0.02390298 0.03311549 0.03393726 -0.02611533 0.03051187 0.03244814 -0.02375928 0.02612772 0.03017361 -0.02042311 0.02624403 0.03013436 -0.0202522 0.02281249 0.02828157 -0.01742758 0.02267264 0.02836999 -0.01748816 0.01899997 0.02639845 -0.01459687 0.01564394 0.02461671 -0.01177522 0.01206421 0.02248302 -0.00856013 0.01190958 0.02259628 -0.00859982 0.00853011 0.02057017 -0.00539799 0.00837499 0.02064292 -0.00552904 0.0057467 0.01922349 -0.0035111 0.0034062 0.01799218 -0.00162389 0.0023778 0.01719885 -0.00029811 0.00219196 0.01732263 -0.00033641 0.05961703 0.05007781 -0.00555533 0.06024054 0.05047765 -0.00750273 0.05965867 0.05024349 -0.00549109 0.06016988 0.05028617 -0.00750938 0.06001704 0.05028181 -0.00913157 0.05928973 0.04963671 -0.01048391 0.05930729 0.04982579 -0.01057915 0.05996447 0.05007676 -0.00907601 0.03867218 0.03723218 -0.02453408 0.0386585 0.03711948 -0.02437055 0.0422695 0.03953587 -0.02175389 0.04226034 0.0393401 -0.02173524 0.05070271 0.04447173 -0.01579624 0.04937129 0.04382959 -0.01615713 0.05065916 0.04461012 -0.01590077 0.04937547 0.04366763 -0.0160398 0.05667949 0.04820609 -0.01337109 0.05671681 0.04804303 -0.01327414 0.00240105 0.01739502 0.00257372 0.00219196 0.01732263 -0.00033641 0.0034137 0.01816747 -0.0015061 0.0034062 0.01799218 -0.00162389 0.0021806 0.01749908 -0.0001831 0.0057467 0.01922349 -0.0035111 0.0057288 0.01940141 -0.00341211 0.00834908 0.02080045 -0.00544549 0.00837499 0.02064292 -0.00552904 0.01191717 0.02273821 -0.00843258 0.01190958 0.02259628 -0.00859982 0.01564561 0.02474575 -0.01159092 0.01564394 0.02461671 -0.01177522 0.01901388 0.02652816 -0.01449554 0.01899997 0.02639845 -0.01459687 0.02267081 0.02852955 -0.01733467 0.02267264 0.02836999 -0.01748816 0.02612772 0.03017361 -0.02042311 0.02611031 0.03034846 -0.0203896 0.03033613 0.03261424 -0.02385205 0.03038927 0.03244866 -0.02390298 0.03311549 0.03393726 -0.02611533 0.03305583 0.03406825 -0.02601695 0.03530547 0.03518297 -0.02633601 0.03413836 0.03469561 -0.02613613 0.03522089 0.03532297 -0.0262553 0.03421048 0.03456011 -0.02622567 0.03735568 0.03638792 -0.02546884 0.03724378 0.03654428 -0.02548419 0.03867218 0.03723218 -0.02453408 0.03862686 0.03739705 -0.02442002 0.03989607 0.03817962 -0.02344347 0.04121069 0.03896958 -0.0227504 0.04000974 0.03808993 -0.02358436 0.04130279 0.03891871 -0.02291284 0.0422695 0.03953587 -0.02175389 0.04216743 0.03957809 -0.02158818 0.04421302 0.04075165 -0.01969253 0.04411313 0.04080884 -0.01951312 0.04571863 0.04160303 -0.01918226 0.04556325 0.04166242 -0.01908774 0.04661622 0.04232457 -0.01772351 0.04678865 0.04223223 -0.01770159 0.04851757 0.04330157 -0.01666766 0.04842991 0.04343849 -0.01656925 0.05065916 0.04461012 -0.01590077 0.04937129 0.04382959 -0.01615713 0.05053502 0.04469659 -0.01575912 0.04928678 0.04396476 -0.01602391 0.05551851 0.04764975 -0.0143639 0.05333797 0.04623362 -0.01536753 0.05330336 0.04631964 -0.01517185 0.055636 0.04756596 -0.01446895 0.05651265 0.04828243 -0.0132544 0.05667949 0.04820609 -0.01337109 0.05726537 0.04855124 -0.01297266 0.05783045 0.04907215 -0.01240095 0.05798179 0.04897329 -0.01248546 0.05714667 0.04866238 -0.01284379 0.058717 0.04946698 -0.01121402 0.05856124 0.0495429 -0.01112167 0.05913638 0.04993009 -0.0105093 0.05930729 0.04982579 -0.01057915 0.05983774 0.05039643 -0.00909757 0.06001704 0.05028181 -0.00913157 0.06024054 0.05047765 -0.00750273 0.06006676 0.05056969 -0.00751355 0.05965867 0.05024349 -0.00549109 0.05949612 0.05030911 -0.00556182 0.05803956 0.04954521 -0.00386044 0.056583 0.04878131 -0.00215905 0.05671599 0.04871178 -0.00205513 0.05818733 0.04947764 -0.00377311 0.05158233 0.04593211 0.00160967 0.05402438 0.04739775 -0.00034011 0.05146574 0.04601419 0.00147883 0.05414917 0.04732195 -0.00022273 0.04724374 0.04366294 0.0036129 0.04517031 0.04236125 0.0046277 0.04734798 0.04357942 0.00373991 0.04507268 0.04244412 0.00450132 0.03469378 0.03647183 0.00759273 0.03915358 0.03899262 0.00663531 0.03087578 0.03428048 0.00816972 0.02704926 0.03206649 0.00852839 0.02351741 0.03001974 0.0085889 0.01992479 0.02793477 0.00849928 0.01589422 0.02561163 0.00818027 0.01194455 0.02330296 0.00773495 0.00882416 0.02146623 0.00712286 0.00572779 0.01964638 0.00635367 0.00357173 0.0183918 0.00578933 0.00236656 0.01774759 0.00598575 0.04282496 0.04088952 0.00536471 0.04278478 0.04102732 0.00548684 0.04278478 0.04102732 0.00548684 0.04269552 0.04110904 0.00535559 0.04948421 0.04476984 0.00271843 0.0495067 0.04462035 0.00260812 0.04948421 0.04476984 0.00271843 0.04937313 0.04485279 0.00258854 0.04262412 0.0408488 0.00051467 0.04489598 0.04214299 7.907E-05 0.04709688 0.04339864 -0.00034318 0.04918185 0.04458823 -0.00074319 0.05767502 0.04918482 -0.00752796 0.05616733 0.04833945 -0.00692484 0.0539603 0.04730194 -0.00165822 0.05900399 0.04990872 -0.00848441 0.03867956 0.03717082 -0.02352813 0.04447239 0.04096407 -0.01388089 0.04236802 0.03961196 -0.01699717 0.04434034 0.04073645 -0.01721227 0.04244383 0.03981262 -0.01354504 0.04686656 0.04231785 -0.01427999 0.05356717 0.04637455 -0.01116505 0.05589515 0.04765909 -0.01154248 0.05738697 0.04847159 -0.01214061 0.05721508 0.04873002 -0.01215546 0.05576192 0.0479085 -0.01157311 0.05350063 0.04661461 -0.01111402 0.04671579 0.04255033 -0.01409716 0.04853365 0.04359553 -0.01439435 0.04434495 0.04120389 -0.01371165 0.0422582 0.03983294 -0.01721405 0.04233722 0.04005209 -0.01338373 0.04419592 0.04094992 -0.01744127 0.03878964 0.03802312 -0.01280509 0.0342809 0.03523959 -0.01627899 0.03434164 0.03547141 -0.01207861 0.03871432 0.03779667 -0.01679898 0.03045478 0.0330545 -0.01583189 0.03051941 0.03329489 -0.01145637 0.02626283 0.03066868 -0.01534266 0.02640049 0.03095773 -0.01078688 0.02274348 0.02867949 -0.01493301 0.02288618 0.02897391 -0.01021696 0.01919759 0.02685717 -0.00961442 0.01567076 0.02487304 -0.00904331 0.0118998 0.02314504 0.00101493 0.00840414 0.0209066 -0.00380463 0.01190961 0.02291519 -0.00432268 0.0578175 0.04894548 -0.00751971 0.05914497 0.04965913 -0.00848725 0.05408131 0.04706991 -0.00165644 0.05384107 0.046745 -0.00609953 0.05629407 0.04809988 -0.00692757 0.04502561 0.04191767 7.582E-05 0.04485699 0.04162702 -0.00417806 0.04723144 0.04317174 -0.00034588 0.04711661 0.04290855 -0.00466063 0.04265918 0.04038093 -0.00375994 0.04275338 0.04062866 0.00050947 0.03467277 0.03603889 0.00205315 0.03080786 0.0336108 -0.00215655 0.03460306 0.0357856 -0.00266341 0.03087576 0.03387604 0.00278016 0.02680917 0.03132726 -0.00148208 0.02696008 0.03164578 0.00352983 0.02345068 0.02964589 0.004202 0.02330085 0.02932558 -0.00087606 0.01985377 0.02758361 0.00489427 0.01966414 0.02724465 -0.00024735 0.01594844 0.02538458 0.00563521 0.01202931 0.02314899 0.00638644 0.04463777 0.04124915 -0.00970849 0.04697246 0.04257725 -0.01008879 0.04253571 0.04005541 -0.00936617 0.03073524 0.0333266 -0.00744328 0.03452321 0.03549569 -0.00806094 0.02664974 0.03099074 -0.00677727 0.02314359 0.0289894 -0.00620584 0.01946648 0.02689134 -0.00560659 0.03862898 0.03754007 -0.02132415 0.03858799 0.03741673 -0.02349913 0.03417378 0.03483082 -0.02368492 0.03038266 0.03278672 -0.02070894 0.03446157 0.03527185 -0.01222865 0.03440389 0.03506224 -0.01613181 0.03421269 0.03497931 -0.02099504 0.03055432 0.03261564 -0.02065138 0.03433188 0.03480071 -0.02100142 0.03872166 0.03729278 -0.02140734 0.05132371 0.04581256 -0.00115444 0.05059061 0.04477513 -0.01473026 0.05096734 0.04485114 -0.01073958 0.05074887 0.04453791 -0.01491417 0.05123797 0.04524286 -0.00554044 0.05146376 0.0455761 -0.00115451 0.04879981 0.04361258 -0.01038626 0.04858698 0.0432888 -0.01456776 0.049075 0.04401541 -0.00507842 0.04929927 0.0443456 -0.00074073 0.01576374 0.02534372 0.00037698 0.01571155 0.02507953 -0.00491063 0.01955015 0.02748857 -0.00024678 0.01935349 0.02713637 -0.00547213 0.02316885 0.02955711 -0.00087531 0.02301258 0.02923471 -0.00603956 0.02668164 0.03154804 -0.00148294 0.02652756 0.03122452 -0.00658198 0.03065656 0.03380625 -0.00215602 0.03058211 0.03352847 -0.00720689 0.03447759 0.03599028 -0.00267616 0.03440382 0.03570873 -0.00777815 0.03896917 0.03856269 -0.00328819 0.03887184 0.03827017 -0.00844767 0.04472486 0.04185136 -0.00420356 0.04242809 0.04030425 -0.00897995 0.04253518 0.04060164 -0.00379189 0.04452147 0.04150474 -0.00929369 0.0469764 0.04313284 -0.00467218 0.04683479 0.04282017 -0.00976256 0.04897608 0.04427095 -0.00508838 0.04873621 0.04390213 -0.01014803 0.0510877 0.04547785 -0.00552859 0.0508154 0.0450927 -0.01057024 0.05374533 0.0469805 -0.00608037 0.03917025 0.03859067 0.00119472 0.03908167 0.03833483 -0.00326039 0.038972 0.03801766 -0.00878521 0.03888907 0.03777763 -0.01296553 0.03881658 0.03756791 -0.01661661 -0.00308991 0.01677456 -0.00547479 -0.00294831 0.0165828 -0.00760526 -0.00293839 0.0166856 -0.00547267 -0.00318215 0.01669752 -0.00805158 -0.0027075 0.01590859 -0.02467421 -0.00278538 0.01589546 -0.02982329 -0.00286123 0.01617401 -0.02466273 -0.00262919 0.0156261 -0.0298369 -0.00187926 0.01476955 -0.0427215 -0.0023974 0.01520913 -0.03989704 -0.00226374 0.01492781 -0.03984893 -0.00176488 0.01448586 -0.04274148 -0.00356348 0.01534047 -0.04759615 -0.00491464 0.01620988 -0.0485174 -0.00370053 0.01556212 -0.0474562 -0.00486453 0.01600298 -0.04871788 -0.00795406 0.01792327 -0.04931561 -0.00579337 0.01668732 -0.0491081 -0.00584925 0.01650723 -0.04932095 -0.00804376 0.01778071 -0.049537 -0.01032973 0.0192646 -0.05004793 -0.01034222 0.01916634 -0.05032247 -0.01220127 0.02034672 -0.05006991 -0.01223957 0.02034758 -0.05036325 -0.01394145 0.02135994 -0.04984228 -0.013898 0.02136225 -0.04954304 -0.01714822 0.02322287 -0.04970816 -0.01721248 0.02321228 -0.0499824 -0.02194117 0.02606027 -0.04853602 -0.02400778 0.02714793 -0.04738256 -0.02382998 0.02722434 -0.04716143 -0.02208133 0.02601408 -0.04879215 -0.02545609 0.02820357 -0.04646282 -0.02462656 0.02770403 -0.0468192 -0.02466769 0.02753788 -0.04710113 -0.02564426 0.02811495 -0.04668466 -0.0267652 0.02900809 -0.045468 -0.02700142 0.02895144 -0.04565381 -0.02907779 0.03029969 -0.04330841 -0.03021995 0.03121498 -0.0420404 -0.02875069 0.03028036 -0.04317778 -0.03044947 0.03116909 -0.0422763 -0.03328624 0.03359871 -0.02893305 -0.03352388 0.03350594 -0.03004884 -0.03361026 0.03357995 -0.02890893 -0.03318788 0.03348777 -0.03006638 -0.02397964 0.0288371 -0.0138582 -0.02667643 0.03025944 -0.0171078 -0.02690604 0.03022614 -0.01689629 -0.02419683 0.02876696 -0.01365808 -0.01296278 0.02253506 -0.00498749 -0.0158289 0.02442099 -0.00705435 -0.01603502 0.02424364 -0.00691799 -0.01273694 0.02272401 -0.00509998 -0.00591611 0.0185685 -0.0013536 -0.0085965 0.02043304 -0.00264156 -0.0087943 0.02020213 -0.00256891 -0.00572236 0.0188265 -0.0013924 -0.01930804 0.02443289 -0.04918141 -0.01922118 0.02446829 -0.04889866 -0.02787843 0.03087111 -0.01907862 -0.02815724 0.03086564 -0.01893551 -0.02812882 0.02969822 -0.04402245 -0.02790432 0.02974198 -0.04383297 -0.03170076 0.03201022 -0.03988823 -0.03144482 0.03203313 -0.03965041 -0.03278504 0.0326897 -0.03845261 -0.03249777 0.03271067 -0.03833121 -0.03349289 0.0334863 -0.03340962 -0.03311663 0.03299733 -0.03605956 -0.03380414 0.03354104 -0.03343814 -0.03279169 0.03298169 -0.03597545 -0.032817 0.0332019 -0.02649339 -0.03252674 0.03326703 -0.02662607 -0.00234507 0.01528458 -0.03762201 -0.00219885 0.01501679 -0.0375395 -0.00228547 0.01495001 -0.04367996 -0.00220369 0.01469689 -0.0438127 -0.00299108 0.01692036 -0.0002816 -0.00279118 0.0171834 -0.00029985 -0.00264368 0.01665385 -0.00769228 -0.00287393 0.01676412 -0.00810908 -0.0030273 0.01702567 -0.00803895 -0.0027537 0.01689161 -0.00751863 -0.00591611 0.0185685 -0.0013536 -0.00291578 0.01691999 -0.00061025 -0.00299108 0.01692036 -0.0002816 -0.00583017 0.01855753 -0.00166953 -0.00869601 0.02015914 -0.00287321 -0.0087943 0.02020213 -0.00256891 -0.0159325 0.0241383 -0.00718601 -0.01284162 0.02244315 -0.00524658 -0.01603502 0.02424364 -0.00691799 -0.01296278 0.02253506 -0.00498749 -0.02407969 0.02853592 -0.01380887 -0.02690604 0.03022614 -0.01689629 -0.02680757 0.02995931 -0.01700171 -0.02419683 0.02876696 -0.01365808 -0.02803111 0.03057134 -0.01897727 -0.02815724 0.03086564 -0.01893551 -0.032728 0.03288407 -0.02660025 -0.03361026 0.03357995 -0.02890893 -0.03353053 0.03324814 -0.02894863 -0.032817 0.0332019 -0.02649339 -0.03352388 0.03350594 -0.03004884 -0.03348082 0.03318094 -0.03006868 -0.03307096 0.03267956 -0.03601485 -0.03376827 0.03321834 -0.0334207 -0.03311663 0.03299733 -0.03605956 -0.03380414 0.03354104 -0.03343814 -0.03278504 0.0326897 -0.03845261 -0.0327241 0.03236355 -0.03834888 -0.03170076 0.03201022 -0.03988823 -0.03165903 0.03169926 -0.03982022 -0.03041181 0.03087108 -0.04215148 -0.03044947 0.03116909 -0.0422763 -0.02907779 0.03029969 -0.04330841 -0.02898767 0.03000966 -0.04317198 -0.02812882 0.02969822 -0.04402245 -0.02700142 0.02895144 -0.04565381 -0.0269383 0.02872919 -0.04545485 -0.02807517 0.02945771 -0.04382587 -0.02562416 0.02792726 -0.04644621 -0.02564426 0.02811495 -0.04668466 -0.02466769 0.02753788 -0.04710113 -0.02469844 0.02737947 -0.04683977 -0.02400778 0.02714793 -0.04738256 -0.02208133 0.02601408 -0.04879215 -0.02210356 0.02582672 -0.04856738 -0.02398757 0.02695882 -0.04714198 -0.01930804 0.02443289 -0.04918141 -0.01936181 0.0242376 -0.04897583 -0.01721248 0.02321228 -0.0499824 -0.01729848 0.02302297 -0.04977424 -0.01394145 0.02135994 -0.04984228 -0.01404733 0.02115087 -0.04967416 -0.01223957 0.02034758 -0.05036325 -0.01233294 0.02015106 -0.05018424 -0.01045516 0.0190565 -0.05009217 -0.01034222 0.01916634 -0.05032247 -0.00817191 0.01775754 -0.04925904 -0.00804376 0.01778071 -0.049537 -0.00597711 0.01649759 -0.04905332 -0.00584925 0.01650723 -0.04932095 -0.00486453 0.01600298 -0.04871788 -0.00503281 0.01598064 -0.04849021 -0.00378643 0.01533407 -0.04743749 -0.00356348 0.01534047 -0.04759615 -0.00248168 0.01469366 -0.04371602 -0.00220369 0.01469689 -0.0438127 -0.00226374 0.01492781 -0.03984893 -0.00207108 0.01448855 -0.04268294 -0.00176488 0.01448586 -0.04274148 -0.00257399 0.014901 -0.03985796 -0.00219885 0.01501679 -0.0375395 -0.0025136 0.01497192 -0.03751086 -0.00301928 0.01585125 -0.0245812 -0.00294234 0.01557103 -0.02976418 -0.0027075 0.01590859 -0.02467421 -0.00262919 0.0156261 -0.0298369 -0.00287393 0.01676412 -0.00810908 -0.00264368 0.01665385 -0.00769228 -0.00276485 0.01697844 -0.00537046 -0.00294594 0.01708002 -0.00537242 -0.00311234 0.0163348 -0.01513644 -0.0030684 0.01610645 -0.01959652 -0.00280263 0.01639759 -0.01520599 -0.00275831 0.01616976 -0.01961725 -0.00280263 0.01639759 -0.01520599 -0.00291211 0.01643492 -0.01956999 -0.00295556 0.01665779 -0.01521969 -0.00275831 0.01616976 -0.01961725 -0.00284448 0.01661276 -0.01103989 -0.0031526 0.01654396 -0.01105092 -0.00284448 0.01661276 -0.01103989 -0.00299771 0.01687392 -0.01100099 -0.0313914 0.03248855 -0.02427968 -0.0312989 0.03218343 -0.02436321 -0.0313914 0.03248855 -0.02427968 -0.03112414 0.03253379 -0.02445555 -0.00564263 0.01787693 -0.01356727 -0.00571244 0.01811464 -0.00932421 -0.00577251 0.01832376 -0.00561883 -0.00530894 0.01676737 -0.03353152 -0.00278986 0.01527139 -0.03442023 -0.00538961 0.01703503 -0.02871201 -0.01827317 0.02575566 -0.0087859 -0.01848058 0.02560305 -0.00863526 -0.01837547 0.02547053 -0.00888887 -0.01848058 0.02560305 -0.00863526 -0.02081012 0.02678121 -0.01094042 -0.0209417 0.02696597 -0.01074572 -0.0209417 0.02696597 -0.01074572 -0.02071206 0.0270744 -0.0109009 -0.03143108 0.03201198 -0.02968821 -0.03281985 0.03283523 -0.02919879 -0.03164466 0.03172783 -0.03868801 -0.01402798 0.02121052 -0.04738752 -0.01720373 0.02308307 -0.0463726 -0.01071196 0.01925526 -0.04844728 -0.00562642 0.01861588 -0.00552001 -0.01095263 0.02164786 -0.00613243 -0.00852024 0.02018903 -0.00753898 -0.01094028 0.02146984 -0.01015539 -0.00845839 0.01997281 -0.01172965 -0.00555521 0.01841391 -0.00925317 -0.01293961 0.02267728 -0.0088871 -0.01599668 0.0242751 -0.01268666 -0.01834128 0.02566636 -0.01179878 -0.02099599 0.02704667 -0.01538487 -0.02410458 0.02861928 -0.02069454 -0.02140511 0.02700726 -0.02185045 -0.02421748 0.02842248 -0.02687613 -0.02151534 0.02681599 -0.02782307 -0.02161444 0.02664319 -0.03307541 -0.02440847 0.02808751 -0.03639952 -0.02431573 0.02825089 -0.03211655 -0.02170504 0.02648103 -0.03728927 -0.02455404 0.0278327 -0.04389169 -0.0191342 0.0245973 -0.04566258 -0.02185307 0.02622034 -0.04477421 -0.01884852 0.02499711 -0.03405723 -0.01895384 0.02484625 -0.03819474 -0.01859673 0.0253304 -0.023053 -0.01872728 0.0251586 -0.02880012 -0.01703138 0.02334201 -0.04634966 -0.01665993 0.02369471 -0.03483411 -0.01679473 0.02356336 -0.03890534 -0.01633502 0.02398016 -0.02402146 -0.01650104 0.02383536 -0.02958028 -0.0161512 0.02414041 -0.01786371 -0.01845219 0.02552052 -0.01668643 -0.02888709 0.03138439 -0.02073243 -0.02885476 0.03117834 -0.02525106 -0.02874764 0.03033608 -0.04252146 -0.01056359 0.01948104 -0.04846297 -0.00808633 0.01859333 -0.03787754 -0.01087988 0.02004923 -0.04085197 -0.01087645 0.02025334 -0.0368871 -0.00804167 0.01836318 -0.04178605 -0.00823266 0.01914448 -0.02749084 -0.0108875 0.02049945 -0.03154745 -0.01089992 0.02073603 -0.02634875 -0.00816141 0.01887992 -0.03250275 -0.00831278 0.01944038 -0.02187397 -0.01091403 0.02099976 -0.02054318 -0.00498555 0.01654786 -0.04279182 -0.00512296 0.01707529 -0.03356749 -0.00520673 0.01733941 -0.02878651 -0.00264625 0.01560491 -0.03443536 -0.00530143 0.01763576 -0.02341448 -0.00547542 0.01817498 -0.0136216 -0.01386601 0.02145243 -0.04738393 -0.01369639 0.02193123 -0.03588609 -0.01375824 0.02175925 -0.03990469 -0.01356588 0.02232715 -0.0252072 -0.01363066 0.02212946 -0.03058616 -0.01349398 0.02254679 -0.01922323 -0.02881914 0.03093132 -0.03051801 -0.03133646 0.03220469 -0.03411936 -0.03123052 0.03236672 -0.02966208 -0.02879738 0.03069571 -0.03495503 -0.00503075 0.01677556 -0.03896223 -0.0326017 0.03318293 -0.02917537 -0.00505773 0.01605981 -0.04704316 -0.02899369 0.0300349 -0.04260469 -0.02908461 0.03087696 -0.02514408 -0.02909252 0.03110227 -0.02069105 -0.02693043 0.02881832 -0.04326408 -0.02464721 0.02747205 -0.04399376 -0.02459139 0.02757327 -0.04090412 -0.02691917 0.02894454 -0.04017271 -0.0242112 0.02828417 -0.0206195 -0.02685643 0.02955353 -0.02593016 -0.0243308 0.02805544 -0.02682111 -0.02682137 0.02984552 -0.01949729 -0.02196473 0.02602581 -0.04172947 -0.02203043 0.02592909 -0.04483005 -0.0215283 0.02668002 -0.02177302 -0.02166372 0.02647329 -0.02776197 -0.01928923 0.02431276 -0.0457061 -0.01921377 0.0244049 -0.04259391 -0.01873094 0.02500867 -0.02297578 -0.01887647 0.02481971 -0.02874522 -0.017105 0.02316221 -0.0432566 -0.01648586 0.02366728 -0.0239411 -0.0166701 0.0235106 -0.02952356 -0.01398504 0.02132339 -0.04423711 -0.01372084 0.02201512 -0.02512995 -0.01380144 0.02180839 -0.03053555 -0.01089441 0.01950157 -0.04520847 -0.01103344 0.02040908 -0.02628543 -0.01103983 0.02016945 -0.03150977 -0.01305492 0.02238821 -0.00897053 -0.00838058 0.018591 -0.0324479 -0.00843556 0.01885623 -0.0274024 -0.0086057 0.01968136 -0.01172971 -0.00864842 0.01989971 -0.00764366 -0.03273355 0.033035 -0.03365954 -0.02901603 0.03017965 -0.03951389 -0.02914313 0.03136952 -0.0205423 -0.02914313 0.03136952 -0.0205423 -0.01101325 0.02114655 -0.01023667 -0.01100658 0.02133157 -0.00629482 -0.00821043 0.01791905 -0.04605211 -0.03142134 0.03206899 -0.03867252 -0.02876534 0.03048586 -0.03951462 -0.02179109 0.02633014 -0.04172542 -0.02449296 0.02793988 -0.04086901 -0.0190588 0.02470263 -0.04259134 -0.0169321 0.02343609 -0.04326526 -0.01381976 0.02158295 -0.04425139 -0.0107368 0.01974775 -0.04522807 -0.00799045 0.01811355 -0.0460979 -0.00493339 0.01629499 -0.04706597 -0.03151343 0.03188439 -0.03416227 -0.02674628 0.02914136 -0.04317539 -0.00513852 0.01627553 -0.04283849 -0.00826474 0.01812613 -0.04180991 -0.01103844 0.01976796 -0.04089736 -0.01392644 0.02147734 -0.03994725 -0.01696613 0.02327638 -0.03894727 -0.01910555 0.02454252 -0.03824349 -0.02186598 0.0261761 -0.03733544 -0.0245055 0.027738 -0.03646722 -0.02689365 0.02915109 -0.03568171 -0.02902201 0.03041038 -0.03498168 -0.03297827 0.03275099 -0.03368051 -0.02906694 0.0306105 -0.03052137 -0.02443243 0.02786288 -0.03215463 -0.02688335 0.02931595 -0.0312909 -0.02178303 0.02629206 -0.03308832 -0.01900993 0.02464781 -0.03406561 -0.01684423 0.02336366 -0.03482884 -0.01388009 0.021606 -0.03587346 -0.01104563 0.01992516 -0.03687238 -0.00832114 0.01830946 -0.03783254 -0.00521789 0.01646906 -0.03892619 -0.00247723 0.01532547 -0.03443027 -0.00247723 0.01532547 -0.03443027 -0.02668118 0.03015813 -0.01959124 -0.01322163 0.02261105 -0.01414662 -0.01092688 0.02123507 -0.01535388 -0.00838696 0.01971295 -0.01669006 -0.00539261 0.01791952 -0.01826522 -0.01611611 0.023982 -0.01274528 -0.01335105 0.02231403 -0.01419698 -0.01102005 0.0209077 -0.01542083 -0.00855191 0.01941811 -0.01671679 -0.00556409 0.01761412 -0.01828578 -0.02110116 0.02674035 -0.01533253 -0.01857068 0.02521699 -0.01662679 -0.01628294 0.02384 -0.01779688 -0.01363163 0.02224389 -0.01915295 -0.01102629 0.02067526 -0.02048551 -0.00849679 0.0191519 -0.02177933 -0.0054798 0.01733437 -0.02332255 -0.01845006 0.0253738 -0.01184788 -0.02669394 0.02989499 -0.02600825 -0.02670642 0.02967381 -0.03126794 -0.02672605 0.02946476 -0.03563676 -0.02673609 0.02927651 -0.04015795 -0.01088653 0.02170015 -0.00400129 -0.01105973 0.02147 -0.00388332 -0.01104819 0.02145507 -0.00421984 -0.01105973 0.02147 -0.00388332 -0.00569838 0.01961777 0.00203859 -0.00567501 0.01978395 0.00622504 -0.00351297 0.01849626 0.00565357 -0.00346796 0.01834717 0.00240705 -0.00858425 0.02125387 0.001563 -0.00876669 0.02160563 0.00700019 -0.0118899 0.02337704 0.00640244 -0.01188768 0.02342913 0.00761199 -0.01583943 0.02572683 0.00804452 -0.0158158 0.02560722 0.00565057 -0.0198744 0.02806927 0.00836862 -0.01974381 0.0278354 0.00489875 -0.02345176 0.03014083 0.00847439 -0.0233228 0.02987475 0.00421246 -0.02698008 0.03217462 0.00839271 -0.02683345 0.03186676 0.00354044 -0.03080648 0.03436678 0.00802899 -0.03072947 0.03407862 0.00279449 -0.03907315 0.03907046 0.00649318 -0.03462373 0.03654796 0.00742918 -0.03454613 0.03625182 0.00206284 -0.03905383 0.03881708 0.00119893 -0.00222843 0.01765573 0.00260972 -0.00228375 0.01783687 0.00583916 -0.00585427 0.01936319 0.00204417 -0.0035551 0.01787805 -0.00153736 -0.00360432 0.01809846 0.00238753 -0.00588874 0.0191325 -0.00339335 -0.00874957 0.0210177 0.00159977 -0.00857923 0.02067032 -0.00383193 -0.0120418 0.02291082 0.00104111 -0.0120545 0.02266842 -0.00439896 -0.01590655 0.02511723 0.0003869 -0.01586339 0.02484181 -0.00501969 -0.01931368 0.0266182 -0.00974976 -0.01580962 0.0244987 -0.01175497 -0.01583019 0.02462994 -0.00917877 -0.01913901 0.02630598 -0.01448572 -0.02302099 0.02872731 -0.01036106 -0.02288721 0.02844132 -0.01489505 -0.02652454 0.03072647 -0.01093563 -0.02639393 0.03045075 -0.01527394 -0.03067804 0.03310227 -0.01161375 -0.03062167 0.03288082 -0.01572811 -0.03530883 0.03512871 -0.02618007 -0.03425677 0.03452794 -0.02608021 -0.03429276 0.03465836 -0.02365298 -0.00357173 0.0183918 0.00578933 -0.00242775 0.01762028 0.00587149 -0.00236656 0.01774759 0.00598575 -0.00364538 0.01828229 0.00566108 -0.00572779 0.01964638 0.00635367 -0.00582778 0.01954053 0.006224 -0.00882416 0.02146623 0.00712286 -0.00891849 0.02136217 0.00698602 -0.01194455 0.02330296 0.00773495 -0.01202649 0.02320288 0.00759593 -0.01589423 0.02561163 0.00818027 -0.01596774 0.02550772 0.00805245 -0.01992479 0.02793477 0.00849928 -0.01998181 0.02781248 0.00836583 -0.02357571 0.02991317 0.00843943 -0.02351741 0.03001974 0.0085889 -0.02710671 0.03195529 0.00839989 -0.02704927 0.03206649 0.0085284 -0.03094832 0.03415889 0.00804827 -0.03087578 0.03428048 0.00816972 -0.03475334 0.03633144 0.00750017 -0.03469379 0.03647183 0.00759273 -0.03920423 0.03885528 0.00652152 -0.03915358 0.03899262 0.00663532 -0.04517031 0.04236125 0.00462771 -0.04737388 0.04343443 0.00362172 -0.04520117 0.04222029 0.00450488 -0.04734799 0.04357943 0.00373991 -0.05158233 0.04593213 0.00160968 -0.05415328 0.04716727 -0.00032538 -0.05160007 0.04577895 0.00150573 -0.05414917 0.04732197 -0.00022272 -0.05671599 0.0487118 -0.00205513 -0.05818732 0.04947765 -0.00377311 -0.0567065 0.04855559 -0.00215648 -0.05816176 0.0493167 -0.0038559 -0.058717 0.04946699 -0.01121401 -0.05798178 0.0489733 -0.01248545 -0.05797627 0.0487867 -0.012376 -0.05869456 0.04930077 -0.01113299 -0.05726536 0.04855125 -0.01297266 -0.05732127 0.04839994 -0.01284309 -0.05565271 0.04739122 -0.01434702 -0.05333797 0.04623364 -0.01536753 -0.05334296 0.04607132 -0.01531172 -0.055636 0.04756596 -0.01446894 -0.04678565 0.04211964 -0.01748278 -0.04851758 0.04330158 -0.01666766 -0.04678865 0.04223224 -0.01770159 -0.04848686 0.0431365 -0.01653491 -0.04575092 0.04146602 -0.01905594 -0.04421303 0.04075166 -0.01969253 -0.04424375 0.04056996 -0.01964907 -0.04571864 0.04160304 -0.01918225 -0.04130486 0.03873744 -0.02286352 -0.04000974 0.03808994 -0.02358435 -0.04000957 0.03795466 -0.02349092 -0.04130279 0.03891871 -0.02291283 -0.03731482 0.03628886 -0.02524537 -0.03735568 0.03638792 -0.02546884 -0.03530547 0.03518297 -0.02633601 -0.03421048 0.03456011 -0.02622567 -0.03320471 0.03392716 -0.02598034 -0.03038927 0.03244867 -0.02390298 -0.03051187 0.03244814 -0.02375928 -0.03311549 0.03393726 -0.02611533 -0.02612773 0.03017362 -0.02042311 -0.02624403 0.03013437 -0.0202522 -0.02281249 0.02828158 -0.01742758 -0.02267264 0.02837 -0.01748816 -0.01899997 0.02639845 -0.01459687 -0.01564394 0.02461671 -0.01177522 -0.01206422 0.02248302 -0.00856013 -0.01190958 0.02259628 -0.00859982 -0.00853011 0.02057017 -0.00539799 -0.00837499 0.02064293 -0.00552904 -0.0057467 0.01922349 -0.0035111 -0.0034062 0.01799218 -0.00162389 -0.0023778 0.01719885 -0.00029811 -0.00219196 0.01732263 -0.00033642 -0.05961702 0.05007782 -0.00555533 -0.06024054 0.05047766 -0.00750272 -0.06016988 0.05028618 -0.00750937 -0.05965867 0.0502435 -0.00549109 -0.06001703 0.05028182 -0.00913157 -0.05928973 0.04963672 -0.0104839 -0.05996447 0.05007676 -0.009076 -0.05930728 0.04982581 -0.01057914 -0.03867218 0.03723218 -0.02453407 -0.03865851 0.03711948 -0.02437055 -0.04226951 0.03953587 -0.02175388 -0.04226035 0.0393401 -0.02173523 -0.04937129 0.04382961 -0.01615712 -0.05070271 0.04447174 -0.01579623 -0.05065916 0.04461013 -0.01590076 -0.04937547 0.04366764 -0.01603979 -0.05667949 0.0482061 -0.01337109 -0.05671681 0.04804303 -0.01327413 -0.00240105 0.01739502 0.00257372 -0.00219196 0.01732263 -0.00033642 -0.0034062 0.01799218 -0.00162389 -0.0034137 0.01816747 -0.0015061 -0.0021806 0.01749908 -0.0001831 -0.00572879 0.01940142 -0.00341211 -0.0057467 0.01922349 -0.0035111 -0.00834908 0.02080045 -0.00544549 -0.00837499 0.02064293 -0.00552904 -0.01191717 0.02273821 -0.00843258 -0.01190958 0.02259628 -0.00859982 -0.01564561 0.02474575 -0.01159092 -0.01564394 0.02461671 -0.01177522 -0.01901388 0.02652817 -0.01449554 -0.01899997 0.02639845 -0.01459687 -0.02267264 0.02837 -0.01748816 -0.02267081 0.02852956 -0.01733466 -0.02611031 0.03034847 -0.0203896 -0.02612773 0.03017362 -0.02042311 -0.03033614 0.03261424 -0.02385204 -0.03038927 0.03244867 -0.02390298 -0.03311549 0.03393726 -0.02611533 -0.03305583 0.03406825 -0.02601694 -0.03530547 0.03518297 -0.02633601 -0.03413836 0.03469561 -0.02613612 -0.03421048 0.03456011 -0.02622567 -0.0352209 0.03532298 -0.0262553 -0.03735568 0.03638792 -0.02546884 -0.03724378 0.03654429 -0.02548418 -0.03867218 0.03723218 -0.02453407 -0.03862686 0.03739706 -0.02442002 -0.04000974 0.03808994 -0.02358435 -0.0412107 0.03896958 -0.0227504 -0.03989607 0.03817962 -0.02344347 -0.04130279 0.03891871 -0.02291283 -0.04226951 0.03953587 -0.02175388 -0.04216743 0.03957809 -0.02158817 -0.04421303 0.04075166 -0.01969253 -0.04411314 0.04080885 -0.01951311 -0.04556326 0.04166243 -0.01908774 -0.04571864 0.04160304 -0.01918225 -0.04678865 0.04223224 -0.01770159 -0.04661623 0.04232458 -0.01772351 -0.04851758 0.04330158 -0.01666766 -0.04842991 0.0434385 -0.01656924 -0.04937129 0.04382961 -0.01615712 -0.05065916 0.04461013 -0.01590076 -0.05053502 0.04469661 -0.01575911 -0.04928678 0.04396477 -0.01602391 -0.05333797 0.04623364 -0.01536753 -0.05551851 0.04764976 -0.01436389 -0.05330336 0.04631966 -0.01517185 -0.055636 0.04756596 -0.01446894 -0.05651265 0.04828244 -0.0132544 -0.05667949 0.0482061 -0.01337109 -0.05726536 0.04855125 -0.01297266 -0.05798178 0.0489733 -0.01248545 -0.05783044 0.04907216 -0.01240094 -0.05714666 0.04866239 -0.01284378 -0.058717 0.04946699 -0.01121401 -0.05856123 0.04954291 -0.01112166 -0.05930728 0.04982581 -0.01057914 -0.05913638 0.0499301 -0.01050929 -0.05983774 0.05039643 -0.00909756 -0.06001703 0.05028182 -0.00913157 -0.06024054 0.05047766 -0.00750272 -0.06006676 0.05056969 -0.00751354 -0.05965867 0.0502435 -0.00549109 -0.05949612 0.05030912 -0.00556182 -0.05803956 0.04954522 -0.00386043 -0.05671599 0.0487118 -0.00205513 -0.056583 0.04878132 -0.00215904 -0.05818732 0.04947765 -0.00377311 -0.05414917 0.04732197 -0.00022272 -0.05158233 0.04593213 0.00160968 -0.05402438 0.04739777 -0.0003401 -0.05146574 0.04601421 0.00147884 -0.04507269 0.04244413 0.00450132 -0.04724374 0.04366295 0.00361291 -0.04517031 0.04236125 0.00462771 -0.04734799 0.04357943 0.00373991 -0.03915358 0.03899262 0.00663532 -0.03469379 0.03647183 0.00759273 -0.03087578 0.03428048 0.00816972 -0.02704927 0.03206649 0.0085284 -0.02351741 0.03001974 0.0085889 -0.01992479 0.02793477 0.00849928 -0.01589423 0.02561163 0.00818027 -0.01194455 0.02330296 0.00773495 -0.00882416 0.02146623 0.00712286 -0.00572779 0.01964638 0.00635367 -0.00357173 0.0183918 0.00578933 -0.00236656 0.01774759 0.00598575 -0.04282497 0.04088952 0.00536471 -0.04278479 0.04102732 0.00548684 -0.04278479 0.04102732 0.00548684 -0.04269553 0.04110904 0.0053556 -0.04948422 0.04476985 0.00271844 -0.0495067 0.04462036 0.00260812 -0.04948422 0.04476985 0.00271844 -0.04937313 0.0448528 0.00258855 -0.04262412 0.0408488 0.00051467 -0.04489599 0.04214299 7.908E-05 -0.04709689 0.04339866 -0.00034317 -0.04918185 0.04458824 -0.00074319 -0.05616733 0.04833946 -0.00692483 -0.05767501 0.04918483 -0.00752795 -0.0539603 0.04730196 -0.00165821 -0.05900399 0.04990873 -0.00848441 -0.03867956 0.03717082 -0.02352812 -0.04447239 0.04096407 -0.01388088 -0.04236802 0.03961197 -0.01699717 -0.04244384 0.03981262 -0.01354503 -0.04434034 0.04073646 -0.01721226 -0.04686657 0.04231786 -0.01427999 -0.05356717 0.04637457 -0.01116504 -0.05589515 0.0476591 -0.01154247 -0.05738696 0.0484716 -0.0121406 -0.05576192 0.0479085 -0.01157311 -0.05721508 0.04873003 -0.01215545 -0.05350063 0.04661462 -0.01111401 -0.04671579 0.04255033 -0.01409715 -0.04853366 0.04359554 -0.01439435 -0.04434495 0.0412039 -0.01371165 -0.04233722 0.04005209 -0.01338372 -0.04225821 0.03983295 -0.01721404 -0.04419593 0.04094993 -0.01744126 -0.03878965 0.03802312 -0.01280509 -0.03434165 0.03547141 -0.01207861 -0.0342809 0.03523959 -0.01627898 -0.03871432 0.03779667 -0.01679897 -0.03051941 0.03329489 -0.01145637 -0.03045478 0.03305451 -0.01583189 -0.02640049 0.03095773 -0.01078688 -0.02626283 0.03066868 -0.01534266 -0.02288619 0.02897392 -0.01021696 -0.02274348 0.0286795 -0.014933 -0.01919759 0.02685717 -0.00961441 -0.01567076 0.02487304 -0.00904331 -0.0118998 0.02314504 0.00101493 -0.00840414 0.0209066 -0.00380463 -0.01190961 0.02291519 -0.00432268 -0.05914497 0.04965914 -0.00848725 -0.05781749 0.04894549 -0.0075197 -0.05408131 0.04706993 -0.00165643 -0.05384107 0.04674501 -0.00609953 -0.05629407 0.04809988 -0.00692757 -0.04502561 0.04191767 7.583E-05 -0.04723145 0.04317175 -0.00034587 -0.044857 0.04162702 -0.00417805 -0.04711662 0.04290856 -0.00466063 -0.04265918 0.04038093 -0.00375994 -0.04275338 0.04062866 0.00050948 -0.03467277 0.03603889 0.00205316 -0.03080787 0.0336108 -0.00215655 -0.03087576 0.03387604 0.00278016 -0.03460306 0.0357856 -0.0026634 -0.02680918 0.03132726 -0.00148207 -0.02696008 0.03164578 0.00352983 -0.02345068 0.02964589 0.00420201 -0.02330085 0.02932559 -0.00087606 -0.01985377 0.02758361 0.00489427 -0.01966414 0.02724465 -0.00024735 -0.01594844 0.02538458 0.00563521 -0.01202932 0.02314899 0.00638645 -0.04463778 0.04124916 -0.00970849 -0.04697246 0.04257726 -0.01008878 -0.04253571 0.04005541 -0.00936617 -0.03073524 0.0333266 -0.00744327 -0.03452322 0.03549569 -0.00806094 -0.02664974 0.03099074 -0.00677726 -0.02314359 0.0289894 -0.00620584 -0.01946648 0.02689134 -0.00560659 -0.03862899 0.03754008 -0.02132415 -0.038588 0.03741673 -0.02349913 -0.03417378 0.03483082 -0.02368491 -0.03038267 0.03278673 -0.02070893 -0.03446157 0.03527185 -0.01222865 -0.03440389 0.03506224 -0.01613181 -0.0342127 0.03497931 -0.02099503 -0.03055432 0.03261565 -0.02065138 -0.03433188 0.03480071 -0.02100141 -0.03872167 0.03729278 -0.02140733 -0.05132371 0.04581257 -0.00115443 -0.05059061 0.04477515 -0.01473025 -0.05074887 0.04453792 -0.01491416 -0.05096734 0.04485115 -0.01073957 -0.05123797 0.04524288 -0.00554043 -0.05146376 0.04557612 -0.00115451 -0.04858699 0.04328881 -0.01456776 -0.04879981 0.04361259 -0.01038625 -0.049075 0.04401542 -0.00507841 -0.04929928 0.04434561 -0.00074072 -0.01576374 0.02534372 0.00037698 -0.01571155 0.02507953 -0.00491063 -0.01955015 0.02748857 -0.00024678 -0.01935349 0.02713637 -0.00547213 -0.02316885 0.02955712 -0.0008753 -0.02301259 0.02923471 -0.00603956 -0.02668165 0.03154804 -0.00148293 -0.02652756 0.03122452 -0.00658197 -0.03065656 0.03380625 -0.00215602 -0.03058211 0.03352848 -0.00720689 -0.0344776 0.03599028 -0.00267616 -0.03440382 0.03570873 -0.00777815 -0.03896918 0.03856269 -0.00328819 -0.03887184 0.03827018 -0.00844767 -0.04472486 0.04185136 -0.00420355 -0.04242809 0.04030425 -0.00897995 -0.04452148 0.04150474 -0.00929369 -0.04253519 0.04060164 -0.00379188 -0.04697641 0.04313285 -0.00467217 -0.0468348 0.04282018 -0.00976256 -0.04897608 0.04427096 -0.00508837 -0.04873622 0.04390214 -0.01014802 -0.0510877 0.04547786 -0.00552858 -0.0508154 0.04509272 -0.01057023 -0.05374533 0.04698052 -0.00608036 -0.03917025 0.03859068 0.00119472 -0.03908167 0.03833483 -0.00326038 -0.03897201 0.03801766 -0.00878521 -0.03888907 0.03777764 -0.01296552 -0.03881659 0.03756792 -0.0166166</float_array>
          <technique_common>
            <accessor source="#pos_0-array" count="16212" stride="3">
              <param name="X" type="float"/>
              <param name="Y" type="float"/>
              <param name="Z" type="float"/>
            </accessor>
          </technique_common>
        </source>
        <source id="norm_0">
          <float_array id="norm_0-array" count="16089">-0.99983 0.0097 -0.0155 -0.59207 -0.32789 -0.73617 -0.82573 -0.47482 -0.30451 0.74901 -0.63001 0.2051 0.83326 -0.46488 -0.29928 0.82042 -0.1583 0.54941 -0.2586 -0.1813 0.94882 0.83328 -0.46489 -0.29919 -0.99281 0.0946 -0.0733 -0.66489 -0.1849 -0.72369 -0.27729 0.204 0.93888 -0.28759 -0.0011 0.95775 0.87453 -0.0078 0.48491 -0.2617 0.44759 0.85509 0.87896 -0.0034 0.47688 -0.25251 0.48592 0.83673 0.92899 -0.3181 -0.1892 0.93733 -0.28051 -0.20671 -0.65759 -0.45889 -0.59749 0.85527 -0.48198 -0.19029 -0.66682 -0.29941 -0.68242 0.76439 -0.6273 -0.149 -0.91261 0.3781 -0.1555 0.0034 0.91672 0.39951 -0.89102 0.43231 -0.1385 -0.0236 0.89651 0.4424 -0.5946 -0.6602 -0.4589 -0.61509 -0.64958 -0.44689 0.44041 -0.88192 -0.1681 0.44301 -0.88381 -0.1504 -0.822 0.5621 -0.0914 -0.6302 -0.6678 -0.3961 -0.8118 0.5691 -0.1308 0.1271 0.94688 0.29539 0.0982 0.9257 0.3653 0.1945 0.97622 0.0957 0.93484 0.19551 0.29641 0.21581 0.97603 0.0282 0.92854 0.19721 0.31451 0.28751 -0.91642 0.27841 0.94811 0.2018 0.2457 0.94469 0.1909 0.2667 0.27861 -0.90145 0.33132 -0.79931 -0.58601 0.133 0.2313 -0.80731 0.54291 0.22811 -0.81893 0.52662 -0.80311 -0.57781 0.1454 -0.6594 0.5153 -0.5474 -0.67191 0.52461 -0.52281 0.34891 0.82083 -0.45222 0.35871 0.79663 -0.48652 0.98558 0.1425 0.0913 0.9826 0.1472 0.1133 0.22801 -0.81895 0.52663 0.2312 -0.80729 0.54299 0.25111 0.96402 -0.0872 0.2677 0.95248 -0.1453 -0.76291 0.59461 -0.2538 -0.7737 0.5935 -0.2217 0.41519 -0.90477 -0.0949 0.89797 0.19259 0.39568 0.4403 -0.88199 -0.168 0.44289 -0.88389 -0.1503 0.90326 0.16719 0.39518 0.0904 0.9191 0.3835 -0.58998 -0.63128 -0.50339 -0.6021 -0.5782 -0.5506 0.76436 -0.62737 -0.14889 0.89772 0.095 0.43021 0.89763 0.1379 0.41862 0.91488 -0.32829 -0.23499 0.86041 -0.0726 0.50441 0.91489 -0.3282 -0.2351 -0.67598 -0.1065 -0.72918 -0.67457 -0.0927 -0.73237 0.92897 -0.31809 -0.18929 -0.96868 0.2156 -0.1232 -0.9632 0.2387 -0.1236 -0.93414 0.32472 -0.14811 -0.92041 0.3607 -0.1508 -0.1203 0.78009 0.61399 -0.0609 0.86655 0.49537 0.65779 -0.73689 -0.1559 0.59238 -0.79417 -0.13559 0.88852 0.1972 0.41431 0.89907 0.1495 0.41149 -0.83958 0.53458 -0.0966 0.91025 0.18781 0.36902 0.32799 -0.93028 0.1643 -0.69152 -0.68512 -0.22891 -0.7092 -0.6842 -0.17 0.3507 -0.93131 0.0983 -0.75592 -0.65402 -0.0291 -0.74471 0.59181 -0.3085 -0.72696 0.59797 -0.33758 -0.73628 -0.67308 -0.0697 0.65791 -0.73681 -0.1558 0.59249 -0.79408 -0.1356 0.27871 -0.90142 0.33131 0.2875 -0.9164 0.2785 0.35062 -0.93135 0.09821 0.3279 -0.9303 0.1644 0.25859 -0.88028 0.39779 0.96792 0.1792 0.1761 0.95739 0.1924 0.2154 0.2427 -0.85379 0.46059 -0.7869 -0.612 0.079 -0.77156 -0.63556 0.0275 0.25871 -0.88023 0.39782 -0.7139 0.5851 -0.3847 -0.6972 0.5658 -0.4402 0.29288 0.92805 -0.23009 0.31859 0.89098 -0.32349 0.9406 0.1959 0.2773 0.30651 -0.92353 0.23051 -0.72642 -0.67782 -0.1135 0.3066 -0.92351 0.2305 -0.75039 0.59559 -0.28669 0.23659 0.97077 -0.0403 0.92032 0.1941 0.33961 0.39889 -0.91537 -0.0546 0.3841 -0.92329 -0.002 0.9164 0.1868 0.354 -0.66131 -0.68021 -0.3162 0.39892 -0.91536 -0.0546 -0.64203 -0.67663 -0.36052 -0.80443 0.57362 -0.15441 -0.79208 0.58398 -0.1777 0.1624 0.9673 0.1948 0.14411 0.95764 0.24931 0.90883 -0.37781 -0.1769 0.87984 0.0074 0.47522 0.9201 -0.3475 -0.1807 0.88799 0.0327 0.4587 -0.67791 -0.1555 -0.71851 0.92009 -0.3475 -0.1808 -0.6758 -0.1239 -0.7266 0.90884 -0.37772 -0.17701 -0.95273 0.27081 -0.1377 -0.94302 0.29661 -0.1508 -0.18939 0.64987 0.73607 -0.22449 0.56487 0.79406 0.8777 -0.0025 0.4792 -0.26901 0.32171 0.90782 0.87405 -0.0272 0.48507 -0.264 0.403 0.8763 0.93884 -0.26491 -0.22001 0.93453 -0.27741 -0.22291 -0.67379 -0.1003 -0.73209 0.93451 -0.2775 -0.2229 -0.67611 -0.1274 -0.72571 0.93882 -0.26491 -0.2201 -0.97575 0.18899 -0.11039 -0.98422 0.1471 -0.0983 0.17859 0.97287 0.14709 -0.78612 0.58451 -0.2009 0.92593 0.18951 0.32671 0.36471 -0.93002 0.0452 -0.67301 -0.68721 -0.2735 0.3648 -0.92999 0.0452 -0.1517 0.72 0.6772 0.89709 0.0604 0.4377 -0.93861 0.3078 -0.1558 -0.6663 -0.2219 -0.7119 0.8853 -0.4223 -0.1947 0.88532 -0.42231 -0.1946 0.0266 0.93059 0.3651 0.89515 0.19309 0.40178 -0.8838 0.4442 -0.1469 -0.57892 -0.67432 -0.45841 0.53541 -0.83652 -0.1165 0.53529 -0.83658 -0.1166 0.0363 0.92911 0.36801 0.89631 0.1895 0.4009 -0.87849 0.4567 -0.1403 -0.5812 -0.6723 -0.4585 0.52191 -0.84392 -0.1241 0.52191 -0.84391 -0.1242 0.0451 0.9277 0.3706 0.89737 0.18619 0.40008 -0.87327 0.46848 -0.1339 -0.5833 -0.6704 -0.4586 0.50939 -0.85048 -0.1312 0.50931 -0.85052 -0.1312 0.0532 0.9263 0.373 0.89836 0.18309 0.39928 -0.86812 0.47961 -0.1278 -0.58529 -0.66868 -0.45859 0.4976 -0.85641 -0.1377 0.0607 0.925 0.3751 0.89931 0.1801 0.3985 -0.86309 0.49009 -0.122 -0.58711 -0.66701 -0.4587 0.48661 -0.86172 -0.1437 0.48649 -0.86179 -0.1437 0.0675 0.92371 0.3771 0.9002 0.1772 0.3978 -0.85817 0.49998 -0.1165 -0.58881 -0.66551 -0.4587 0.47619 -0.86658 -0.1493 0.47611 -0.86662 -0.1493 0.0739 0.92248 0.37889 0.90101 0.1746 0.39711 -0.85338 0.50929 -0.1112 -0.59041 -0.66401 -0.45881 0.46639 -0.87098 -0.1545 0.0798 0.92133 0.38051 0.90178 0.172 0.39649 -0.84867 0.51818 -0.1061 -0.5919 -0.6627 -0.4588 0.45731 -0.87492 -0.1593 0.45719 -0.87499 -0.1593 0.0852 0.92022 0.38201 0.90253 0.16961 0.39581 -0.84407 0.52658 -0.1013 -0.59331 -0.66142 -0.45881 0.4486 -0.8786 -0.1638 0.44851 -0.87862 -0.1639 0.99983 0.0097 -0.0155 0.82573 -0.47482 -0.30451 0.59212 -0.32791 -0.73612 -0.74901 -0.63001 0.2051 -0.82042 -0.1583 0.54941 -0.83323 -0.46492 -0.29931 0.2586 -0.1813 0.94882 -0.83328 -0.46489 -0.29919 0.66491 -0.1848 -0.72371 0.9928 0.0947 -0.0733 0.27729 0.204 0.93888 0.28759 -0.0011 0.95775 -0.87453 -0.0078 0.48491 -0.87896 -0.0034 0.47688 0.2617 0.44759 0.85509 0.25251 0.48592 0.83673 -0.92897 -0.31809 -0.18929 -0.93733 -0.28051 -0.20671 0.65759 -0.45889 -0.59749 0.66682 -0.29941 -0.68242 -0.85527 -0.48198 -0.19029 -0.76439 -0.6273 -0.149 -0.0034 0.91672 0.39951 0.91261 0.3781 -0.1555 0.89102 0.43231 -0.1385 0.0236 0.89651 0.4424 -0.44041 -0.88192 -0.1681 0.61509 -0.64958 -0.44689 0.5946 -0.6602 -0.4589 -0.44301 -0.88381 -0.1504 0.6302 -0.6678 -0.3961 0.822 0.5621 -0.0914 0.8118 0.5691 -0.1308 -0.1271 0.94688 0.29539 -0.0982 0.9257 0.3653 -0.1946 0.97619 0.0958 -0.93484 0.19551 0.29641 -0.92851 0.1972 0.3146 -0.21581 0.97603 0.0282 -0.94811 0.2018 0.2457 -0.28751 -0.91642 0.27841 -0.9447 0.1908 0.2667 -0.27859 -0.90146 0.33129 0.79931 -0.58601 0.133 -0.23129 -0.80727 0.54298 0.80311 -0.57781 0.1454 -0.22811 -0.81893 0.52662 0.6594 0.5153 -0.5474 0.67191 0.52461 -0.52281 -0.34891 0.82083 -0.45222 -0.35871 0.79663 -0.48652 -0.98558 0.1425 0.0913 -0.9826 0.1472 0.1133 -0.2313 -0.80731 0.54291 -0.22799 -0.81898 0.52659 -0.25111 0.96402 -0.0872 -0.2676 0.95251 -0.1453 0.76291 0.59461 -0.2538 0.7737 0.5935 -0.2217 -0.41519 -0.90477 -0.0949 -0.44029 -0.88198 -0.1681 -0.89797 0.19259 0.39568 -0.44289 -0.88387 -0.1504 -0.90324 0.16721 0.39522 -0.0904 0.9191 0.3835 0.58998 -0.63128 -0.50339 0.6021 -0.5782 -0.5506 -0.89772 0.095 0.43021 -0.85529 -0.4819 -0.1904 -0.89763 0.1379 0.41862 -0.91489 -0.3282 -0.2351 -0.86041 -0.0726 0.50441 -0.91486 -0.32828 -0.23509 0.67598 -0.1065 -0.72918 0.67457 -0.0927 -0.73237 0.96868 0.2156 -0.1232 0.96282 0.2399 -0.1242 0.92041 0.3607 -0.1508 0.93414 0.32472 -0.14811 0.0609 0.86659 0.49529 0.1203 0.78009 0.61399 -0.65779 -0.73689 -0.1559 -0.88852 0.1972 0.41431 -0.59242 -0.79412 -0.1357 -0.89907 0.1495 0.41149 0.83962 0.53451 -0.0966 -0.91025 0.18781 0.36902 -0.3279 -0.9303 0.1644 0.69152 -0.68512 -0.22891 -0.3507 -0.93131 0.0983 0.7089 -0.6843 -0.1709 0.75592 -0.65402 -0.0291 0.74471 0.59181 -0.3085 0.73628 -0.67308 -0.0697 0.72691 0.59801 -0.33761 -0.6578 -0.7369 -0.1558 -0.59242 -0.79413 -0.13561 -0.2875 -0.9164 0.2785 -0.27871 -0.90142 0.33131 -0.35062 -0.93135 0.09821 -0.3279 -0.93031 0.1643 -0.96792 0.1792 0.1761 -0.25859 -0.88028 0.39779 -0.95739 0.1924 0.2154 -0.2427 -0.85379 0.46059 0.77177 -0.63527 0.0283 -0.25871 -0.88023 0.39782 0.78683 -0.61212 0.0788 0.7139 0.5851 -0.3847 0.6972 0.5658 -0.4402 -0.29301 0.92803 -0.23001 -0.31859 0.89098 -0.32349 -0.9406 0.1959 0.2773 -0.30651 -0.92353 0.23051 0.72661 -0.67771 -0.1129 -0.3066 -0.92351 0.2305 0.75039 0.59559 -0.28669 -0.23659 0.97077 -0.0403 -0.92032 0.1941 0.33961 -0.39889 -0.91537 -0.0547 -0.9164 0.1868 0.354 -0.3841 -0.92329 -0.0021 -0.39889 -0.91537 -0.0546 0.66131 -0.68021 -0.3162 0.64203 -0.67663 -0.36052 -0.3841 -0.92329 -0.002 0.80443 0.57362 -0.15441 0.79208 0.58398 -0.1777 -0.1624 0.9673 0.1948 -0.14411 0.95764 0.24931 -0.90883 -0.37781 -0.1769 -0.87984 0.0074 0.47522 -0.88799 0.0327 0.4587 -0.92012 -0.34741 -0.1808 -0.92009 -0.3475 -0.1808 0.67791 -0.1555 -0.71851 0.6758 -0.1239 -0.7266 -0.90884 -0.37772 -0.17701 0.95273 0.27081 -0.1377 0.94302 0.29661 -0.1508 0.18939 0.64987 0.73607 0.22449 0.56487 0.79406 -0.8777 -0.0025 0.4792 0.26901 0.32171 0.90782 0.264 0.403 0.8763 -0.87405 -0.0272 0.48507 -0.93884 -0.26491 -0.22001 -0.93453 -0.27741 -0.22291 -0.93451 -0.2775 -0.2229 0.67379 -0.1003 -0.73209 0.67611 -0.1274 -0.72571 0.98422 0.1471 -0.0983 0.97566 0.18939 -0.1105 -0.17859 0.97287 0.14709 0.78612 0.58451 -0.2009 -0.92593 0.18951 0.32671 -0.36471 -0.93002 0.0452 0.67299 -0.68719 -0.2736 -0.3648 -0.92999 0.0452 0.1517 0.72 0.6772 -0.89709 0.0604 0.4377 0.93861 0.3078 -0.1558 0.6663 -0.2219 -0.7119 -0.8853 -0.4223 -0.1947 -0.0266 0.93059 0.3651 -0.89515 0.19309 0.40178 0.8838 0.4442 -0.1469 0.57892 -0.67432 -0.45841 -0.53541 -0.83652 -0.1165 -0.53529 -0.83658 -0.1166 -0.0363 0.92911 0.36801 -0.89631 0.1895 0.4009 0.87849 0.4567 -0.1403 0.5812 -0.6723 -0.4585 -0.52191 -0.84391 -0.1242 -0.0451 0.9277 0.3706 -0.89735 0.18629 0.40008 0.87327 0.46848 -0.1339 0.5833 -0.6704 -0.4586 -0.50939 -0.85048 -0.1312 -0.50931 -0.85052 -0.1312 -0.0532 0.92634 0.37292 -0.89836 0.18309 0.39928 0.86812 0.47961 -0.1278 0.58529 -0.66868 -0.45859 -0.4976 -0.85641 -0.1377 -0.0607 0.925 0.3751 -0.89931 0.1801 0.3985 0.86309 0.49009 -0.122 0.58711 -0.66701 -0.4587 -0.48661 -0.86172 -0.1437 -0.48649 -0.86179 -0.1437 -0.0675 0.92371 0.3771 -0.90018 0.1773 0.39779 0.85817 0.49998 -0.1165 0.58881 -0.66551 -0.4587 -0.47619 -0.86658 -0.1493 -0.47611 -0.86662 -0.1493 -0.0739 0.92248 0.37889 -0.90101 0.1746 0.39711 0.85338 0.50929 -0.1112 0.59041 -0.66401 -0.45881 -0.46639 -0.87098 -0.1545 -0.0798 0.92133 0.38051 -0.90183 0.17171 0.39651 0.84867 0.51818 -0.1061 0.5919 -0.6627 -0.4588 -0.45731 -0.87492 -0.1593 -0.45719 -0.87499 -0.1593 -0.0853 0.92018 0.38209 -0.90258 0.1694 0.39579 0.84407 0.52658 -0.1013 0.59331 -0.66142 -0.45881 -0.4486 -0.8786 -0.1638 -0.44851 -0.87862 -0.1639 -0.18459 0.66587 -0.72287 -0.14499 0.51628 -0.84406 0.99869 0.02 -0.0471 0.99318 0.1029 0.0549 0.9717 0.1861 0.1455 0.98327 0.155 0.0957 -0.0415 0.17959 -0.98287 -0.101 0.3489 -0.9317 0.1365 -0.1547 -0.97849 0.95549 0.2645 0.1307 0.96662 0.2306 0.1117 0.0462 -0.0184 -0.99876 0.212 -0.77619 0.59379 0.1589 -0.57131 0.80521 0.1022 -0.35221 0.93032 0.075 -0.1541 0.9852 0.0293 0.0627 0.9976 0.0178 0.22441 0.97433 -0.91009 -0.4075 0.0754 -0.87589 -0.4817 -0.028 -0.92993 -0.32391 0.17411 -0.92727 -0.35619 0.1153 -0.95573 -0.23961 0.1708 -0.94988 -0.28159 0.1358 -0.14491 0.51633 -0.84404 -0.18451 0.66593 -0.72284 -0.0415 0.17971 -0.98284 -0.1009 0.34899 -0.93168 0.1365 -0.1546 -0.9785 0.0462 -0.0183 -0.99876 0.98977 -0.1262 -0.0666 -0.2032 0.74198 -0.63888 -0.79549 -0.6041 -0.0475 -0.20321 0.74203 -0.63883 0.2508 -0.92498 0.28549 0.90149 0.3266 0.284 0.15129 0.32608 0.93316 -0.94665 -0.16719 0.27549 0.3218 -0.1979 -0.9259 0.95843 0.28321 0.0347 0.8587 -0.0727 0.5073 0.9595 -0.0021 0.2817 0.96812 -0.0488 -0.2457 0.95412 -0.0178 -0.29891 0.8016 0.509 -0.3136 0.78171 0.0256 -0.62311 0.95421 0.1612 0.252 0.0209 -0.43149 -0.90188 -0.14071 -0.23541 -0.96166 0.0884 -0.95694 0.27651 -0.7694 -0.5697 -0.2889 0.0884 -0.95691 0.2766 -0.7957 -0.5653 -0.2175 -0.92736 -0.26262 -0.26652 -0.71832 -0.63082 0.29341 -0.79574 -0.56523 -0.21751 -0.64482 -0.52562 0.55492 -0.7183 -0.6308 0.2935 -0.88931 -0.3334 -0.313 -0.69597 -0.20839 0.68717 0.0209 -0.43141 -0.90192 -0.14069 -0.23539 -0.96166 0.97747 0.18119 -0.1083 -0.0476 -0.48778 0.87167 -0.94609 -0.242 -0.2153 -0.7995 -0.3078 -0.5158 -0.98693 0.0287 -0.1586 -0.83399 -0.5471 0.0717 -0.86268 -0.1084 0.49399 -0.4907 -0.3857 -0.78131 -0.51448 -0.42728 0.74347 -0.4842 -0.1627 0.8597 0.5788 -0.2794 0.76611 0.0331 -0.2631 0.9642 0.24251 -0.75502 0.60921 0.7523 0.5606 -0.3461 0.66602 0.25981 0.69922 -0.0508 0.95898 0.27889 0.63389 0.1091 0.76569 -0.1461 -0.70381 0.69521 0.50102 -0.0956 0.86014 -0.29278 -0.48617 0.82335 0.65189 -0.2645 0.71069 0.93858 0.0159 -0.34469 0.8263 -0.093 0.5555 0.809 -0.2289 -0.5414 0.90042 -0.1476 0.40921 0.1815 0.0989 -0.9784 0.91329 0.1464 -0.3801 0.1443 0.23701 -0.96073 -0.97913 0.145 -0.1424 -0.85368 -0.0253 0.52019 -0.451 -0.0937 0.88759 0.1118 -0.1399 0.98383 0.17311 -0.0555 0.98334 -0.48419 -0.1628 0.85968 0.87852 0.0517 0.47491 0.0803 -0.2736 0.95849 0.31619 -0.22569 -0.92146 -0.56629 0.2586 -0.78259 -0.58978 0.1437 -0.79468 -0.5144 -0.4273 0.74351 0.8407 0.369 -0.3963 0.76339 0.1928 0.61649 0.2209 0.1604 -0.96201 -0.0402 -0.24481 -0.96874 -0.1712 -0.0074 -0.98521 -0.68652 -0.21231 -0.69542 -0.91023 -0.33991 0.23651 -0.53963 -0.26551 0.79894 0.0232 -0.12599 0.99176 -0.53951 -0.26551 0.79902 0.77784 -0.24761 0.57763 0.59846 0.38777 0.70105 -0.6427 0.7073 -0.2944 -0.09 0.3613 -0.9281 -0.48978 0.1044 -0.86557 -0.76791 0.2147 -0.60351 -0.46991 -0.56761 -0.67602 -0.74709 -0.48739 -0.452 -0.24981 -0.95073 0.18361 -0.85709 -0.4559 0.2399 -0.46741 -0.46461 0.75211 0.62422 -0.74913 0.22171 -0.60919 0.76778 -0.1985 -0.1283 0.94151 0.3116 -0.76203 0.27991 -0.58392 -0.4083 -0.51119 -0.75629 0.1568 -0.95232 -0.26171 0.1569 -0.95231 -0.2617 -0.24981 -0.95075 0.18351 0.74252 -0.195 0.64081 0.5364 -0.8058 0.2509 0.60157 -0.77756 0.18309 0.7152 -0.2104 0.6665 0.45639 0.51629 0.72468 0.44391 0.50661 0.73911 -0.1453 0.90211 0.4063 -0.12659 0.92786 0.35078 -0.61538 0.78367 -0.0847 -0.57609 0.80959 -0.1126 0.0764 -0.96312 -0.258 0.1414 -0.92867 -0.34289 -0.79119 0.1931 -0.58029 -0.78762 0.1673 -0.59301 -0.46409 -0.54679 -0.69688 -0.5146 -0.5646 -0.6453 0.0763 -0.9631 -0.2581 0.14129 -0.92865 -0.34298 -0.46968 -0.47748 -0.74257 -0.75765 0.15521 -0.63394 -0.7263 0.2533 -0.639 -0.3709 -0.5233 -0.7672 0.2399 -0.85762 -0.45491 0.1825 -0.91158 -0.36839 0.67858 -0.71648 0.1618 0.6798 -0.7326 0.0342 0.80328 -0.21019 0.55728 0.7824 -0.1683 0.5996 0.3607 0.559 0.7466 0.34879 0.59708 0.72238 -0.1426 0.91073 0.38761 -0.1212 0.85403 0.50592 -0.55228 0.81878 -0.1568 -0.62171 0.78222 -0.0401 -0.2868 0.86799 -0.40539 0.12789 0.98695 0.0978 -0.51807 0.30148 -0.80045 -0.47567 -0.37887 -0.79385 0.12781 -0.95654 -0.26211 0.1278 -0.95657 -0.26199 0.71579 -0.63439 0.29189 0.81393 -0.0692 0.57682 0.98176 0.18129 0.0572 0.42909 -0.43489 0.79168 0.7679 0.3506 -0.5361 0.49892 0.71693 0.48692 0.3607 0.3147 -0.87799 -0.1247 0.0753 -0.98933 -0.69002 -0.46742 -0.55262 -0.33981 -0.74632 0.57231 -0.3399 -0.74629 0.57229 0.27749 -0.31659 0.90707 0.2158 -0.2588 0.94151 -0.54071 -0.55741 0.63002 -0.57009 -0.49319 0.65709 0.92355 0.14749 0.35398 0.89012 0.24241 0.38591 0.85069 0.4087 -0.3306 0.81517 0.48458 -0.31729 0.2794 0.37649 -0.88328 0.24609 0.45168 -0.85757 -0.59071 -0.0395 -0.80592 -0.61798 0.0421 -0.78507 -0.89646 -0.42658 -0.11999 -0.9264 -0.3633 -0.099 -0.54078 -0.55738 0.62998 -0.5701 -0.4933 0.657 0.15729 0.37188 -0.91486 0.83144 0.43062 -0.35112 -0.62493 -0.0154 -0.78053 -0.89853 -0.43822 -0.0246 -0.42679 -0.54778 0.71958 0.40911 -0.29981 0.86182 0.92756 0.17189 0.33179 0.0753 0.53169 -0.84358 0.7597 0.5869 -0.28 -0.66932 0.1488 -0.72792 -0.9352 -0.343 0.088 -0.37199 -0.43539 0.81979 0.441 -0.107 0.8911 0.87218 0.35249 0.33919 0.80427 0.32929 -0.49468 0.98807 0.1166 0.1006 0.99238 0.1232 0.0012 0.4294 0.3166 -0.8458 -0.37041 0.1687 -0.91342 0.3726 0.68201 -0.62931 0.45378 0.53268 -0.71437 -0.47352 0.33221 -0.81573 -0.5666 -0.0801 -0.82009 -0.69619 -0.61059 -0.37749 -0.80339 -0.59519 -0.0179 -0.33058 -0.0282 -0.94336 -0.20329 -0.67416 0.71006 -0.20271 -0.80585 0.55634 0.5564 -0.5339 0.63669 0.5436 -0.378 0.74941 -0.2027 -0.80589 0.55629 0.9409 0.338 0.0217 0.86104 0.47962 0.16901 -0.39091 0.0939 -0.91563 0.42441 0.53362 -0.73152 -0.64329 -0.72019 -0.2598 -0.82772 -0.49701 -0.26051 -0.94469 -0.2918 -0.1497 -0.1461 -0.70371 0.69531 0.47061 -0.57141 0.67232 0.94102 0.33751 0.024 0.78179 0.61649 0.0935 0.26511 0.79582 -0.54441 0.32799 0.61859 -0.71398 0.94667 0.26389 -0.18489 0.24509 0.49319 -0.83468 0.87553 0.48012 -0.0542 -0.6062 0.0047 -0.7953 -0.5145 0.2414 -0.82281 -0.5507 0.4562 -0.699 -0.68832 -0.69432 -0.21011 -0.87891 -0.47451 -0.0485 -0.95959 -0.2791 0.0359 -0.1547 -0.8572 0.4912 -0.2652 -0.52919 0.80599 -0.2651 -0.52921 0.80601 -0.15459 -0.85717 0.49128 0.47601 -0.1125 0.87222 0.63487 -0.51608 0.57498 0.63493 -0.21571 0.74184 0.22411 0.59604 -0.77105 0.1469 0.80783 -0.57082 0.87827 0.45539 -0.1458 0.81348 0.58148 -0.0116 -0.57913 0.14221 -0.80274 -0.69497 0.38358 -0.60818 -0.94515 -0.32542 0.0282 -0.8365 -0.5147 -0.188 -0.17019 -0.66787 0.72456 -0.1768 -0.8123 0.5558 0.76101 -0.2344 0.60491 0.65991 -0.1572 0.73471 -0.1975 -0.75671 0.62321 -0.2373 -0.6214 0.7467 0.85919 0.51119 0.0219 0.89079 0.44139 0.108 0.84838 0.0002 0.52939 0.83608 -0.0238 0.54809 0.5037 0.773 -0.3857 0.58101 0.74571 -0.3261 0.0676 0.79268 -0.60588 0.0936 0.79639 -0.59749 -0.69541 0.4056 -0.59321 -0.80142 0.27811 -0.52951 -0.9669 -0.1397 -0.2135 -0.95874 -0.27151 -0.0842 -0.58619 -0.64739 0.48709 -0.5434 -0.6576 0.5218 0.174 -0.57508 0.79938 0.31208 -0.31718 0.89555 0.29511 0.0482 0.95425 -0.65009 -0.1424 0.74639 -0.91267 -0.31409 -0.26149 0.36571 0.0953 0.92584 -0.2054 -0.26549 -0.94198 0.97973 0.1299 0.1525 0.63792 -0.0642 -0.76742 -0.59788 0.33119 -0.72997 -0.1526 0.2277 -0.9617 0.2951 0.65279 -0.69769 0.66003 0.26691 -0.70223 -0.0868 0.2593 -0.96189 0.1781 0.2528 -0.95099 0.95131 0.1396 0.2748 -0.91126 -0.22271 -0.34642 -0.17471 -0.37811 0.90913 0.46348 0.25389 -0.84896 0.83187 0.0469 0.55298 -0.80528 -0.166 -0.56918 -0.39981 -0.38801 0.83042 -0.39971 -0.38811 0.83042 0.144 0.2798 -0.9492 0.2859 -0.88411 -0.3696 0.6992 -0.7056 0.1151 0.28591 -0.88414 -0.36952 0.82103 -0.21411 0.52922 0.52109 0.51989 0.67689 -0.17009 -0.66788 0.72457 -0.17669 -0.81227 0.55588 0.5237 0.5837 -0.6205 0.97226 0.22359 0.0687 -0.45081 0.20851 -0.86792 -0.78701 -0.56511 -0.2475 -0.2148 -0.84589 0.48819 0.64559 -0.45099 0.61629 0.3763 -0.4651 0.8013 0.416 -0.4408 0.79539 -0.58623 -0.64733 0.48713 0.99847 0.0348 0.0429 -0.3617 -0.4283 -0.82809 0.54801 -0.2016 -0.81181 -0.91251 -0.4064 0.0465 0.48672 0.0444 0.87243 -0.45332 -0.17931 0.87313 -0.36171 -0.42821 -0.82813 0.70747 -0.0388 0.70567 -0.52571 -0.50341 0.68571 -0.64822 -0.22281 -0.72812 0.65953 0.20021 -0.72453 -0.5257 -0.5033 0.6858 -0.46729 -0.46459 0.75219 0.6888 -0.7249 0.0087 0.2551 -0.8294 -0.497 0.24701 -0.83315 -0.49483 0.69599 -0.71769 0.0225 -0.37081 -0.49861 -0.78351 0.25501 -0.82943 -0.49702 -0.36681 -0.49761 -0.78602 0.24691 -0.83312 -0.49491 -0.7785 0.1432 -0.6111 -0.77279 0.1576 -0.61479 -0.64149 0.76708 -0.009 -0.6621 0.7494 -0.0057 -0.13799 0.84566 0.51558 -0.1532 0.84532 0.51181 0.38901 0.52582 0.75643 0.37039 0.54418 0.75278 0.79617 -0.18659 0.57558 0.80161 -0.1934 0.5657 0.50721 -0.82332 0.25471 0.1452 -0.9631 -0.2266 0.0869 -0.97654 -0.19701 0.5472 -0.808 0.2184 -0.51971 -0.58171 -0.62571 0.1451 -0.9631 -0.2267 -0.49329 -0.57379 -0.65379 0.0868 -0.97653 -0.19711 -0.78276 0.26799 -0.56167 -0.78551 0.2484 -0.56681 -0.55509 0.82349 -0.1172 -0.54222 0.83194 -0.1178 -0.132 0.94473 0.30011 -0.1509 0.94177 0.30049 0.48417 0.50987 0.71106 0.47778 0.51888 0.70887 0.7363 -0.2669 0.6218 0.71653 -0.25361 0.64982 0.6726 -0.7339 0.0949 0.7739 -0.1769 0.6081 0.2172 -0.8694 -0.4438 -0.4104 -0.508 -0.7573 -0.7848 0.1579 -0.5993 -0.65171 0.75751 -0.0382 -0.16219 0.86835 0.46867 0.41349 0.51499 0.75088 0.46712 -0.83324 0.29581 0.6926 -0.2437 0.6789 0.0292 -0.98498 -0.1702 0.0291 -0.98498 -0.1702 -0.54347 -0.59357 -0.59357 -0.79079 0.2179 -0.57199 -0.53749 0.83308 -0.1307 -0.1104 0.94772 0.29941 0.47511 0.51961 0.71012 0.89217 0.24669 0.37839 0.1359 -0.2949 0.94581 0.1558 -0.2862 0.94542 0.8929 0.2483 0.3756 -0.5385 -0.49 0.6855 -0.5465 -0.4909 0.6785 -0.9272 -0.3518 -0.1286 -0.54661 -0.4909 0.67841 -0.92705 -0.35508 -0.12039 -0.5586 0.0837 -0.8252 -0.5357 0.0989 -0.8386 0.2173 0.44359 -0.86949 0.207 0.4406 -0.87351 0.78032 0.49461 -0.38271 0.78989 0.49229 -0.36569 0.89081 0.2437 0.3835 0.1757 -0.2772 0.94461 0.1957 -0.2681 0.9433 0.8915 0.2451 0.381 -0.5624 -0.4925 0.6642 -0.55451 -0.4918 0.67131 -0.9269 -0.358 -0.1127 -0.92664 -0.36078 -0.10569 -0.59971 0.0553 -0.79831 -0.57992 0.0691 -0.81173 0.23681 0.44911 -0.86152 0.2273 0.44639 -0.86549 0.79889 0.4898 -0.3491 0.80733 0.48722 -0.33291 0.89369 0.25 0.37259 0.0966 -0.31169 0.94526 0.11619 -0.30339 0.94576 0.89454 0.25181 0.36932 -0.52191 -0.48801 0.69961 -0.53022 -0.48902 0.69263 -0.92726 -0.34822 -0.13761 -0.53029 -0.48899 0.69259 -0.92721 -0.34431 -0.1474 -0.51111 0.1148 -0.85181 -0.4846 0.1314 -0.86481 0.1962 0.4374 -0.8776 0.185 0.43401 -0.88171 0.75908 0.49899 -0.41809 0.77001 0.49691 -0.40021 0.92322 0.31301 0.22291 0.43219 -0.0601 0.89978 0.4869 -0.1906 0.85241 0.84942 0.42951 0.30661 0.76361 0.52921 -0.36991 0.72248 0.63788 -0.26669 0.1017 0.48351 -0.86941 0.0364 0.58332 -0.81143 -0.63332 0.1058 -0.76662 -0.66164 0.22791 -0.71434 -0.90371 -0.4263 0.0397 -0.94105 -0.31392 0.12601 -0.28359 -0.51728 0.80747 -0.33101 -0.39552 0.85674 -0.28361 -0.51732 0.80743 0.91189 0.3588 0.1993 0.79889 -0.0725 0.59709 0.71472 0.67232 -0.1928 0.134 0.80702 -0.57512 -0.7246 0.3738 -0.579 -0.96282 -0.24471 -0.1144 -0.71478 -0.59228 0.37189 -0.71479 -0.59219 0.372 0.1153 -0.5789 0.8072 0.0175 0.77729 -0.62889 -0.82765 0.23961 -0.50753 0.37559 0.79647 -0.47388 0.80709 0.58509 -0.0792 0.8729 0.0357 0.4866 0.54738 -0.35879 0.75607 -0.45079 -0.67929 0.57909 -0.45082 -0.67933 0.57903 -0.96816 -0.16929 -0.18439 0.83519 -0.0171 0.54969 0.23 -0.53539 0.81269 0.3076 -0.497 0.8114 0.81409 -0.0533 0.57829 -0.64888 -0.62338 0.43629 -0.66781 -0.61601 0.41781 -0.66789 -0.61599 0.4177 -0.96127 -0.25629 -0.1014 -0.9652 -0.1201 -0.2323 -0.75682 0.33641 -0.56041 -0.60659 0.48829 -0.62739 0.1062 0.80162 -0.58832 0.141 0.80562 -0.57541 0.59838 0.73998 -0.30719 0.66073 0.70734 -0.25121 0.88058 0.46779 0.0758 0.90591 0.3892 0.1669 0.77792 -0.24691 0.57782 0.61983 -0.76724 0.16481 0.4956 0.5201 0.69561 -0.14821 0.94254 0.29941 -0.57108 0.80868 -0.1411 -0.77292 0.29181 -0.56342 -0.4612 -0.5376 -0.7059 0.2195 -0.9321 -0.2881 0.2196 -0.93211 -0.288 -0.1658 0.57481 0.80131 0.99664 0.075 -0.0329 0.9891 0.1393 -0.0478 -0.1947 0.68218 0.70478 0.98209 -0.0287 0.1862 -0.2188 0.79802 0.56151 -0.2139 0.80082 0.55941 0.99866 0.0241 0.0457 0.98566 0.13779 -0.0974 -0.067 0.2712 0.96019 -0.1319 0.45109 0.88268 0.97877 0.17019 -0.1142 0.2066 -0.7592 -0.6172 0.17461 -0.63262 -0.75452 0.2581 -0.9647 -0.0523 0.2368 -0.89159 -0.386 0.1305 -0.46221 -0.87712 0.1245 -0.27231 -0.95412 -0.92635 -0.37548 -0.0299 -0.90117 -0.43329 -0.0122 -0.87521 -0.47861 0.0703 -0.8283 -0.5178 0.214 0.2143 -0.0263 -0.97641 0.126 -0.1062 -0.98633 -0.93232 -0.29311 -0.21181 -0.95191 -0.3034 -0.0426 -0.92588 -0.37029 -0.075 -0.93474 -0.34172 -0.0974 -0.19461 0.68214 0.70484 -0.2187 0.79799 0.56159 -0.2139 0.8009 0.5593 -0.0669 0.27111 0.96022 -0.13179 0.45117 0.88265 0.95271 0.2188 -0.2109 0.97471 0.213 -0.0676 0.0888 0.0414 0.99519 0.0041 0.0986 0.99512 0.0888 0.0413 0.99519 0.0041 0.0985 0.99513 0.50691 -0.73472 0.45081 0.16919 -0.88766 0.42828 0.30009 -0.89427 0.33199 0.3446 -0.71939 0.6031 -0.165 -0.65101 0.74092 0.0124 -0.89071 0.4544 0.1134 -0.6948 0.7102 -0.0627 -0.8549 0.515 0.28921 -0.69703 -0.65613 0.23489 -0.92277 -0.30549 0.0946 -0.91751 -0.3863 0.46922 -0.72484 -0.50442 0.6616 -0.7467 -0.0688 0.36601 -0.91803 -0.1525 0.6149 -0.7436 -0.2626 0.40421 -0.91441 -0.0216 0.36481 -0.90333 0.22561 0.6552 -0.7478 0.1073 0.60761 -0.74291 0.2809 0.41648 -0.90315 0.10419 0.62368 -0.56308 0.54218 0.43821 -0.52641 0.72861 -0.1906 -0.4393 0.87789 0.1575 -0.48501 0.86021 0.38091 -0.46232 -0.80073 0.58328 -0.52538 -0.61948 0.79832 -0.59392 -0.0997 0.74896 -0.57557 -0.32828 0.79228 -0.59928 0.1147 0.7389 -0.5881 0.3289 0.4899 -0.2654 0.8304 0.70779 -0.3182 0.6307 -0.20499 -0.18159 0.96177 0.1755 -0.2169 0.96029 0.40792 -0.23621 -0.88194 0.64747 -0.29479 -0.70277 0.91522 -0.38201 -0.1282 0.85035 -0.35428 -0.38908 0.91389 -0.38519 0.1282 0.84924 -0.36282 0.38362 0.49538 0.0511 0.86717 0.73546 0.0042 0.67756 -0.21189 0.1057 0.97156 0.1714 0.0877 0.98129 0.39471 -0.0262 -0.91843 0.67141 -0.0202 -0.74081 0.89988 -0.0506 -0.43319 0.98548 -0.0742 -0.1527 0.68468 0.33999 0.64468 0.45388 0.36569 0.81257 -0.20929 0.39009 0.89668 0.1531 0.3846 0.9103 0.42559 0.25419 -0.86848 0.65467 0.27359 -0.70467 0.85449 0.2867 -0.43319 0.94634 0.27911 -0.16291 0.8607 0.3102 0.4037 0.90657 -0.0428 0.41989 0.98793 -0.0711 0.1376 0.94895 0.28819 0.12819 0.57 0.6218 0.5371 0.37709 0.63269 0.67639 -0.20659 0.64937 0.73187 0.1263 0.64012 0.75782 0.56551 0.57801 -0.58831 0.36409 0.57739 -0.73079 0.71803 0.58022 -0.38442 0.79656 0.58487 -0.15299 0.72051 0.60781 0.33381 0.79747 0.59518 0.099 0.2743 0.83171 0.48271 0.41549 0.82587 0.38119 0.0909 0.8331 0.5456 -0.1885 0.82978 0.52529 0.2667 0.78829 -0.5545 0.41251 0.79351 -0.44741 0.58057 0.80426 -0.12689 0.524 0.798 -0.2977 0.52508 0.81897 0.23149 0.58121 0.81161 0.0591 0.23499 0.95176 0.19729 0.1525 0.95481 0.2551 0.0525 0.95522 0.29121 -0.1029 0.94919 0.2974 0.1517 0.93029 -0.334 0.2317 0.93381 -0.2726 0.29651 0.93632 -0.1881 0.32561 0.94122 -0.0899 0.32871 0.94432 0.0145 0.29441 0.94923 0.1108 0 0.99921 -0.0397 -0.22539 0.94498 0.23709 -0.29731 0.95314 0.056 -0.2535 0.94238 -0.2183 -0.1271 0.9205 -0.3695 0.0054 0.92101 -0.3895 -0.1424 0.3917 -0.90901 0.15339 0.28469 -0.94627 0.252 0.0045 -0.96772 0.0548 0.59118 -0.80467 -0.13469 0.63106 -0.76395 0.0029 0.7861 -0.6181 -0.1137 0.82237 -0.55748 -0.32509 0.89416 -0.30789 -0.39789 0.90888 0.125 -0.27389 0.86158 0.42739 -0.36459 0.67497 0.64147 -0.4227 0.3972 0.81459 -0.45342 0.1104 0.88443 -0.4491 -0.1682 0.87751 -0.42162 -0.40832 0.80964 -0.38088 -0.59758 0.70557 0.055 -0.9951 0.0822 0.081 -0.89803 -0.43241 0.2348 -0.68729 -0.68739 0.31401 -0.43901 -0.84182 0.30209 -0.21389 -0.92897 -0.1594 -0.88561 0.43621 -0.50568 -0.73638 0.44948 -0.298 -0.89619 0.3287 -0.3241 -0.7179 0.6161 -0.1136 -0.69322 0.71172 -0.0126 -0.89014 0.45552 0.1569 -0.6512 0.74251 0.0533 -0.85462 0.51651 -0.28921 -0.69703 -0.65613 -0.23491 -0.92273 -0.30561 -0.46902 -0.72483 -0.50462 -0.0947 -0.9175 -0.3863 -0.66179 -0.74668 -0.0671 -0.6149 -0.7436 -0.2626 -0.36589 -0.91808 -0.1525 -0.4043 -0.91439 -0.0207 -0.36699 -0.90357 0.22109 -0.6554 -0.7476 0.1074 -0.4172 -0.9028 0.1044 -0.61109 -0.74329 0.2722 -0.41352 -0.52352 0.74493 -0.62296 -0.56437 0.54167 -0.1575 -0.4827 0.86151 0.1809 -0.4394 0.87989 -0.38091 -0.46232 -0.80073 -0.58311 -0.52531 -0.61971 -0.7985 -0.594 -0.0978 -0.74892 -0.57562 -0.32831 -0.7924 -0.5991 0.1148 -0.7432 -0.5884 0.3185 -0.70765 -0.31898 0.63046 -0.46172 -0.26201 0.84744 0.19359 -0.18149 0.96415 -0.175 -0.2151 0.96079 -0.40792 -0.23621 -0.88194 -0.64721 -0.2948 -0.70301 -0.91547 -0.38209 -0.1262 -0.85035 -0.35428 -0.38908 -0.91389 -0.38519 0.1282 -0.85416 -0.36338 0.37198 -0.7357 0.0046 0.6773 -0.46531 0.0537 0.88352 0.19959 0.1057 0.97416 -0.17099 0.0878 0.98135 -0.39471 -0.0262 -0.91843 -0.6712 -0.0202 -0.741 -0.89992 -0.0506 -0.43311 -0.98581 -0.0742 -0.1506 -0.68443 0.34172 0.64403 -0.42532 0.36712 0.82724 0.19809 0.38998 0.89926 -0.15291 0.38292 0.91104 -0.42559 0.25419 -0.86848 -0.65451 0.2736 -0.70481 -0.85452 0.28671 -0.43311 -0.94667 0.27909 -0.161 -0.86618 0.31009 0.39189 -0.98793 -0.0713 0.1375 -0.9121 -0.0431 0.4077 -0.94905 0.28788 0.12819 -0.56901 0.62381 0.53581 -0.3528 0.63331 0.68881 0.1985 0.6495 0.734 -0.1264 0.6381 0.7595 -0.56531 0.57801 -0.58851 -0.36409 0.57739 -0.73079 -0.71799 0.58029 -0.38439 -0.79691 0.58481 -0.1514 -0.72502 0.60792 0.32371 -0.79768 0.59488 0.0991 -0.41439 0.82698 0.37999 -0.25619 0.83217 0.49178 -0.0914 0.83188 0.54738 0.18381 0.82974 0.52702 -0.2667 0.78829 -0.5545 -0.41241 0.79351 -0.44751 -0.5809 0.8042 -0.1258 -0.524 0.798 -0.2977 -0.52801 0.81922 0.2238 -0.58139 0.81148 0.0591 -0.23449 0.95197 0.19689 -0.14379 0.95495 0.25959 -0.0527 0.95493 0.29211 0.1005 0.9491 0.2985 -0.15169 0.93026 -0.33408 -0.23161 0.93383 -0.27261 -0.29639 0.93636 -0.18809 -0.3257 0.94119 -0.0899 -0.32871 0.94432 0.0146 -0.2958 0.9492 0.1073 0.0001 0.99921 -0.0397 0.22539 0.94498 0.23709 0.2974 0.95311 0.056 0.2535 0.94238 -0.2183 0.1271 0.9205 -0.3695 -0.0054 0.92101 -0.3895 0.1424 0.3917 -0.90901 -0.2521 0.0045 -0.96769 -0.15339 0.28469 -0.94627 -0.0549 0.59123 -0.80464 0.13469 0.63106 -0.76395 -0.0029 0.7861 -0.6181 0.1137 0.82237 -0.55748 0.32509 0.89416 -0.30789 0.39789 0.90888 0.125 0.27389 0.86158 0.42739 0.36459 0.67497 0.64147 0.4227 0.3972 0.81459 0.45342 0.1104 0.88443 0.4491 -0.1682 0.87751 0.42162 -0.40832 0.80964 0.38091 -0.59751 0.70561 -0.0544 -0.99517 0.0817 -0.0811 -0.89802 -0.43241 -0.30219 -0.21379 -0.92896 -0.3141 -0.439 -0.8418 -0.23481 -0.68724 -0.68744 -0.99809 -0.0305 -0.0538 0.1602 0.57099 -0.80518 0.19351 0.70283 -0.68453 -0.99237 0.1233 -0.0002 -0.982 0.1646 0.0926 -0.97334 0.19901 0.11401 0.0448 0.1268 -0.99092 0.0956 0.32221 -0.94183 -0.2866 -0.1508 -0.94611 -0.96589 0.2383 0.1013 -0.89791 0.3089 0.3136 -0.0769 -0.0788 -0.99392 -0.22839 -0.83847 0.49478 -0.17989 -0.65167 0.73686 -0.0967 -0.32609 0.94038 -0.0387 -0.1063 0.99358 -0.0352 0.1497 0.9881 -0.19271 0.26981 0.94343 0.85039 -0.525 -0.0348 0.92108 -0.38889 0.0195 0.94012 -0.31311 0.1347 0.93055 -0.34812 0.11351 0.93513 -0.17911 0.30571 0.9521 -0.2684 0.1465 0.1601 0.57099 -0.80519 0.0447 0.1267 -0.99093 0.0955 0.32209 -0.94188 -0.077 -0.0789 -0.9939 -0.98891 -0.1065 -0.1035 0.20571 0.74824 -0.63073 0.2007 0.73081 -0.65241 -0.98538 0.0714 -0.1547 0.89225 -0.43092 -0.13491 0.80524 -0.58693 -0.0843 0.20059 0.73087 -0.65237 -0.24999 -0.92106 0.29859 -0.25321 -0.93292 0.25601 -0.14331 -0.50683 0.85005 -0.98725 0.14789 0.0588 0.1321 0.46381 -0.87603 0.92758 -0.36519 0.079 0.13199 0.46378 -0.87606 -0.99664 0.075 -0.033 0.1658 0.57481 0.80131 -0.9891 0.1393 -0.0477 0.19469 0.68208 0.70488 -0.99231 0.0705 0.1017 0.21321 0.78182 0.58592 -0.9954 0.0782 0.0553 0.2282 0.85221 0.47081 0.067 0.2711 0.96022 -0.98567 0.1377 -0.0974 0.1319 0.45109 0.88268 -0.97876 0.17019 -0.1143 -0.17461 -0.63262 -0.75452 -0.2066 -0.7592 -0.6172 -0.25001 -0.95224 -0.17531 -0.2358 -0.87831 -0.4159 -0.1305 -0.46221 -0.87712 -0.1246 -0.2723 -0.95411 0.92635 -0.37548 -0.0299 0.90116 -0.43333 -0.0121 0.89901 -0.43071 0.0792 0.88898 -0.43879 0.1311 -0.2143 -0.0263 -0.97641 0.93234 -0.29311 -0.21171 -0.126 -0.1062 -0.98633 0.95191 -0.3034 -0.0426 0.93471 -0.3418 -0.0974 0.92588 -0.37029 -0.075 0.1946 0.6822 0.7048 0.22811 0.85223 0.47082 0.067 0.2712 0.96019 0.1318 0.45121 0.88263 -0.2551 -0.96 0.1154 0.1913 0.72959 0.65659 -0.94376 -0.0357 0.32869 0.78891 -0.5011 0.3557 -0.97471 0.213 -0.0676 -0.95268 0.2188 -0.211 -0.0888 0.0413 0.99519 -0.0041 0.0985 0.99513 -0.0041 0.0986 0.99512 0.40508 -0.85015 -0.33638 0.0695 -0.65319 -0.75399 0.46202 -0.82153 -0.33411 0.62831 -0.66981 -0.39571 0.52579 -0.27779 0.80398 0.2527 -0.37021 0.89392 0.50951 -0.37051 0.77661 0.24261 -0.47421 0.84632 0.26471 -0.2156 0.93992 0.54959 -0.1488 0.82208 0.5728 0.3201 0.75461 0.27069 0.38399 0.88277 0.27261 0.0496 0.96084 0.57268 0.0627 0.81738 0.54191 0.59051 0.59802 0.2619 0.7958 0.546 0.2628 0.6847 0.6798 0.5364 0.6961 0.4772 0.25991 0.91593 0.30581 0.54321 0.80471 0.2395 0.32421 0.92613 -0.19281 0.2476 0.96811 0.0381 0.50712 0.86054 -0.0479 0.0798 0.99673 0.013 -0.64678 -0.19969 0.73607 -0.6646 -0.0836 0.7425 -0.77222 -0.1309 0.62172 -0.77069 -0.0508 0.63519 -0.96381 -0.2627 -0.0454 -0.99364 0.0637 -0.0928 -0.95874 -0.27701 -0.0639 -0.99676 0.057 -0.0568 -0.81229 -0.57819 -0.0767 -0.79376 -0.60607 -0.0513 -0.63521 -0.76271 -0.1216 -0.60811 -0.79222 -0.0509 -0.60368 0.76208 0.23409 -0.84945 0.44063 0.29032 -0.82091 0.5563 0.129 -0.62719 0.65909 0.415 -0.654 0.7545 0.0548 -0.86101 0.50811 -0.0221 -0.83712 0.53801 -0.0989 -0.68162 0.73102 0.0315 -0.78151 0.51741 0.34861 -0.67 0.7192 0.184 -0.78144 0.60803 0.14021 -0.6655 0.6206 0.4147 0.5909 -0.1943 -0.783 0.30671 -0.0384 -0.95103 0.3068 -0.0384 -0.951 0.78597 0.47688 -0.39349 0.59089 -0.1944 -0.78298 0.38861 0.69442 -0.60561 0.71989 -0.3805 -0.5805 0.97355 0.17481 -0.14711 0.4621 -0.385 -0.7989 0.67429 0.147 -0.72369 0.35661 -0.28371 -0.89013 0.84923 -0.0761 -0.52252 0.23591 -0.94113 -0.24211 0.57098 -0.78418 0.24299 0.51642 -0.80153 -0.30141 0.28461 -0.90492 0.31641 0.24099 -0.95346 -0.18119 0.1566 -0.35519 -0.92158 0.57363 -0.79914 -0.17981 0.001 -0.45209 -0.89197 0.69528 -0.67858 -0.23689 0.51339 -0.81468 -0.26969 0.49192 -0.83243 0.25511 0.67732 -0.68442 0.26981 -0.62016 0.78246 -0.0562 -0.72612 0.66362 -0.1799 -0.73582 0.67362 -0.0693 -0.50369 0.84499 -0.1797 0.63339 -0.70209 -0.3254 0.1684 -0.2967 -0.94 0.23169 -0.23459 -0.94408 0.44001 -0.86281 -0.2489 0.74206 -0.60066 -0.29758 0.6797 -0.5082 -0.5289 0.6249 -0.6632 -0.4119 0.57459 -0.56909 -0.58819 0.36369 -0.91107 -0.19409 0.63616 -0.76526 -0.09839 0.62822 -0.75763 -0.17701 0.37722 -0.91945 -0.11101 0.34391 -0.90272 -0.25851 0.6116 -0.7538 -0.2403 0.317 -0.94741 -0.0439 0.59279 -0.79989 -0.0937 0.58719 -0.80808 -0.0471 0.3191 -0.9431 -0.0935 -0.97897 0.20329 -0.0171 -0.86755 -0.14991 0.47423 -0.88162 0.2458 0.40291 -0.97969 -0.1807 0.0869 0.35761 -0.91671 -0.1782 0.59851 -0.79951 -0.0506 0.62661 -0.76971 -0.1221 0.3309 -0.94199 -0.0562 0.44768 -0.85946 -0.24679 0.67189 -0.71869 -0.179 0.70919 -0.68939 -0.1476 0.40411 -0.86872 -0.28641 -0.79437 0.20169 0.57298 -0.68593 0.0747 0.72383 -0.69168 0.26309 0.67258 -0.78453 0.0645 0.61672 0.72154 -0.69054 -0.0504 0.4549 -0.8905 0.0088 0.4715 -0.87499 -0.1099 0.72881 -0.68041 -0.0767 -0.53149 -0.1788 -0.82798 -0.65733 -0.34591 -0.66953 -0.67723 -0.49832 -0.54132 0.64079 -0.75829 0.1199 0.3242 -0.89369 0.3102 0.39331 -0.90571 0.1581 0.69139 -0.72249 -0.0008 0.49181 -0.74162 0.45621 0.2589 -0.78089 0.56849 0.2894 -0.8523 0.4357 0.58719 -0.76679 0.2593 0.36832 -0.67193 0.64253 0.2073 -0.6912 0.6923 0.29469 -0.61657 0.73007 0.1665 -0.6503 0.7412 0.53782 -0.83004 -0.14761 0.30132 -0.92235 -0.24181 0.2809 -0.95551 0.09 0.48601 -0.84712 0.2149 0.3167 -0.86939 -0.3793 0.54071 -0.76411 -0.35181 0.27251 -0.94343 0.18891 0.3263 -0.914 -0.2411 0.59801 -0.77441 0.2066 0.58928 -0.77327 -0.23409 0.5753 -0.5728 0.5839 0.23801 -0.67732 0.69612 0.23961 -0.55322 0.79783 0.51218 -0.46209 0.72398 0.67899 -0.51399 0.52419 0.60543 -0.41122 0.68143 0.60634 -0.30172 0.73575 0.63148 -0.21119 0.74608 0.65482 -0.0978 0.74943 0.67879 0.2873 0.67579 0.6778 0.0711 0.7318 0.64697 0.53978 0.53858 0.64299 0.63539 0.42759 0.6471 0.73731 0.194 0.5925 0.7826 -0.191 0.6071 0.7911 -0.0747 0.57219 0.80258 -0.1687 0.36059 0.86129 -0.35799 0.58531 0.75271 -0.3014 0.34881 0.89363 -0.28241 0.4798 0.8665 0.1377 0.26039 0.96528 -0.0209 0.14219 0.77877 0.61098 0.32069 0.73569 0.59659 0.21829 0.78845 0.57506 0.42947 0.76085 0.48647 0.30419 0.85266 0.42478 0.55351 0.78401 0.281 0.33899 0.90016 0.27349 0.61721 0.77871 0.1125 0.35229 0.91867 0.17869 0.64738 0.75987 0.0591 0.37069 0.92548 0.0779 0.67462 0.73742 0.0332 0.3746 0.9263 -0.0406 0.6691 0.7383 -0.085 0.3652 0.92039 -0.1397 0.67838 0.73438 -0.0221 -0.78502 0.41711 0.45801 -0.67023 0.51392 0.53542 0.34951 0.90884 -0.22771 0.62667 0.75187 -0.20489 0.336 0.90431 -0.2633 0.64971 0.74321 -0.1597 0.32319 0.90467 -0.27769 0.57938 0.78137 -0.23189 0.31319 0.91177 -0.26569 0.5999 0.7654 -0.233 -0.69502 -0.65631 0.29361 -0.5969 -0.76031 0.2562 -0.50173 -0.73604 0.45443 -0.79428 -0.60678 0.0306 -0.94023 0.0901 -0.32841 -0.94935 -0.19389 -0.24729 0.2854 0.95239 -0.1072 0.53368 0.84567 -0.005 0.285 0.9585 0.0076 0.52998 0.84187 -0.1019 -0.88461 -0.3293 -0.3302 -0.9359 -0.1624 -0.3126 -0.99188 -0.113 0.0584 -0.94352 -0.30631 0.1263 0.30589 0.90237 0.30359 0.5948 0.7683 0.2365 0.31161 0.81121 0.49481 0.61789 0.66589 0.41809 0.30952 0.75064 0.58373 0.61778 0.59888 0.50959 -0.98834 0.0336 -0.14851 -0.96245 -0.23141 -0.14191 -0.94554 0.0289 -0.32421 -0.93373 -0.26721 -0.23821 0.65718 0.65198 0.37819 0.35271 0.87703 0.32621 0.3334 0.8311 0.4451 0.6826 0.6867 0.25 0.41238 0.90836 -0.0695 0.73849 0.6658 -0.1065 0.70342 0.70502 -0.0903 0.3835 0.91559 -0.1209 -0.56741 0.77732 0.27171 -0.81305 0.57447 -0.09449 -0.7657 0.6314 0.1226 -0.62469 0.77378 0.105 0.67079 0.73239 0.1168 0.36399 0.92408 0.1166 0.43389 0.0955 -0.89589 0.43901 0.83733 -0.32581 0.7524 0.5562 -0.3529 0.27631 0.32591 -0.90412 0.47268 0.80096 -0.36748 0.78468 0.51769 -0.34099 0.76112 0.64752 -0.0376 0.43929 0.89507 -0.0766 0.46349 0.70629 -0.53509 0.80106 0.44478 -0.40058 0.1302 -0.2514 -0.95909 0.30909 -0.27109 -0.91158 0.47471 0.75551 -0.45151 0.73771 0.2756 -0.61631 0.82091 0.5007 -0.2746 0.4083 0.4402 -0.7997 0.35589 0.31099 -0.88127 0.19469 -0.19949 -0.96036 0.91377 0.0497 -0.40319 0.97662 0.1942 -0.0922 0.87901 -0.3844 -0.2821 0.98695 -0.15609 0.0395 0.93449 -0.2247 -0.2761 0.93366 -0.34678 0.0896 0.9426 -0.3047 -0.1366 0.62018 -0.29819 -0.72558 0.97665 -0.14989 -0.15389 0.5401 -0.3133 -0.78111 0.81483 -0.56132 -0.14481 0.3598 -0.3072 -0.881 0.80191 -0.5449 0.245 0.79211 -0.5483 -0.2682 0.73283 -0.56332 -0.38162 0.2804 -0.2074 -0.93721 -0.4594 0.7475 0.4798 -0.6314 0.6492 0.4241 0.9403 -0.3028 0.1554 0.99862 0.0056 0.0522 0.94987 -0.30989 -0.0415 0.98958 0.0365 0.1393 0.98426 -0.0811 -0.15699 0.89447 -0.30409 -0.32779 -0.58801 0.77531 -0.2305 -0.81287 0.55738 -0.16899 -0.60879 0.75889 -0.2312 -0.7929 0.5806 -0.185 0.63999 -0.76449 -0.0773 0.79523 -0.60212 -0.0711 0.7997 -0.599 -0.041 0.64427 -0.75947 -0.0901 -0.75091 0.65181 -0.1062 -0.90903 0.40991 0.0751 -0.91589 0.37809 -0.1349 -0.7284 0.6796 0.0871 -0.5274 -0.6101 0.5913 -0.37851 -0.66501 0.64381 -0.83248 -0.54998 -0.0671 -0.69881 -0.71531 -0.0016 -0.65049 -0.75048 0.1168 -0.85352 -0.51341 -0.0889 -0.69954 -0.11281 0.70564 -0.71341 0.2415 0.65781 -0.7975 -0.5641 -0.214 -0.63582 -0.75202 -0.1738 -0.6212 -0.7466 -0.2381 -0.80598 -0.57478 -0.1415 0.74458 -0.64478 0.1728 0.7944 0.5509 -0.2558 0.75721 0.65301 -0.0143 0.62813 0.70273 0.33411 0.4956 0.62521 0.60291 0.63641 0.64891 0.41701 0.76734 0.63033 0.11781 0.81309 0.57439 -0.0947 0.86094 0.50822 -0.0222 0.83707 0.53808 -0.0989 -0.2938 -0.0491 -0.9546 -0.79312 0.43481 -0.42651 -0.47239 0.63448 -0.61178 -0.5315 -0.1787 -0.828 0.8652 0.5013 -0.0114 0.86301 0.50421 -0.0314 -0.59061 -0.35 0.72711 -0.7303 -0.4263 0.5338 0.8543 0.5139 -0.078 0.83751 0.53201 -0.1247 -0.96077 -0.26819 -0.0706 -0.99143 0.1045 -0.0784 -0.96115 -0.25999 -0.0927 -0.99132 0.1024 -0.0825 0.81292 0.55731 -0.169 0.7929 0.5806 -0.185 -0.97169 -0.2362 0.0058 -0.99904 0.0369 0.0236 -0.9693 -0.2455 -0.0137 -0.99893 0.046 -0.0038 -0.805 -0.5899 -0.0631 -0.64268 -0.75978 -0.0985 0.74902 0.66192 -0.029 0.74321 0.66191 -0.0975 -0.7502 0.6546 -0.0932 -0.90969 0.3834 -0.1596 0.84911 0.4407 0.2912 0.8209 0.5562 0.1295 0.84704 0.36562 0.38582 -0.84706 0.36518 0.38618 -0.62678 0.59188 0.50678 -0.41609 -0.54139 0.73059 -0.30258 -0.60747 0.73446 0.90541 0.39711 0.1501 0.8829 0.3782 0.2783 0.89877 0.43539 -0.0515 0.92377 0.35889 -0.1336 0.8713 0.4764 0.1178 0.50069 -0.0593 -0.86359 0.89631 0.2424 -0.3713 0.93844 0.34541 0.0045 0.92464 0.22161 -0.30971 0.51837 -0.28389 -0.80666 0.95389 0.1626 -0.2523 0.90002 -0.32311 -0.29251 0.99143 -0.0933 0.0914 0.94289 -0.147 -0.2989 0.94168 -0.294 0.1637 0.88375 -0.10299 -0.45648 0.3681 -0.1701 -0.9141 0.44582 -0.13201 -0.88534 0.83598 -0.30799 -0.45419 0.99815 -0.0607 0.0033 0.94826 -0.31609 0.0299 0.9483 -0.3149 -0.0396 0.99239 -0.0576 0.1088 0.8066 -0.5879 -0.0615 0.8067 -0.5734 -0.143 0.79687 -0.56468 -0.21479 -0.95943 0.1605 -0.23181 -0.81931 0.4199 -0.3904 -0.38459 -0.22249 -0.89587 -0.6268 -0.2223 -0.7468 0.79158 -0.60348 -0.096 0.78774 -0.61343 -0.0563 -0.67077 0.33799 -0.66017 -0.91243 0.31071 -0.26631 -0.77378 0.58008 -0.25449 -0.733 0.1067 -0.6718 -0.91677 0.32689 0.22949 -0.77583 0.27301 0.56882 -0.96792 -0.0336 0.249 -0.79501 -0.0527 0.60431 -0.97637 -0.0462 -0.21109 -0.92279 0.3283 -0.2017 0.7938 -0.606 -0.0515 0.81236 -0.57807 -0.0769 0.85391 -0.516 -0.0677 0.83759 -0.53899 -0.0891 -0.85028 -0.48899 0.1947 0.85802 -0.50861 -0.0716 0.86136 -0.50588 -0.0463 -0.57463 -0.72583 -0.37812 -0.98182 -0.1173 0.1492 -0.64178 -0.62458 -0.44499 -0.92329 -0.261 0.2818 0.0296 -0.95008 -0.31059 -0.25559 -0.91226 -0.32009 -0.38389 -0.85598 -0.34629 0.8324 -0.5501 -0.0671 0.85331 -0.5137 -0.0893 0.69487 -0.65567 0.29539 0.79479 -0.60609 0.031 0.52542 -0.61082 0.59232 0.4161 -0.5438 0.7288 0.7283 -0.6849 -0.0224 0.63327 -0.68267 0.36459 0.72325 -0.61945 -0.30528 0.96697 -0.0295 0.25319 0.92714 -0.33691 0.16401 0.79519 -0.0512 0.60419 0.77452 -0.32141 0.54481 0.9169 0.3249 0.2318 0.77551 0.2731 0.56921 0.6996 -0.1126 0.7056 0.88134 0.24581 0.40352 0.71271 0.2414 0.65861 0.86762 -0.1495 0.47421 0.97895 0.20341 -0.0168 0.97972 -0.1805 0.087 0.94012 0.0901 -0.32871 0.94934 -0.19361 -0.24751 0.94544 0.029 -0.32451 0.9342 -0.2654 -0.2384 0.96284 -0.22961 -0.14221 0.98833 0.0336 -0.1486 0.007 -0.67937 -0.73376 -0.3823 -0.9234 -0.0344 0.016 -0.99967 -0.0202 -0.1947 -0.66579 -0.72029 -0.4715 -0.52469 -0.70879 -0.91109 -0.335 -0.2402 -0.86892 -0.46191 -0.1778 -0.50181 -0.48751 -0.71451 0.99858 0.0326 -0.0421 0.97153 -0.22801 -0.0644 0.97374 -0.22751 -0.0086 0.99939 0.0335 0.0094 -0.88141 -0.46101 -0.1029 0.97212 -0.2344 0.006 0.96976 -0.24369 -0.0135 0.99904 0.0369 0.0237 0.99893 0.046 -0.0038 0.96435 -0.26071 -0.0454 0.99365 0.0637 -0.09279 0.99676 0.057 -0.0568 0.95931 -0.275 -0.064 -0.90084 -0.35092 -0.25561 -0.91262 -0.37951 0.152 -0.85822 -0.50831 -0.0712 -0.7344 -0.6745 -0.0756 -0.7275 -0.6843 -0.0499 -0.86148 -0.50569 -0.0462 0.96133 -0.26621 -0.0706 0.99143 0.1045 -0.0784 0.99132 0.1024 -0.0824 0.9617 -0.258 -0.0926 0.96118 -0.26899 -0.0615 0.9944 0.0761 -0.0733 0.95723 -0.24381 -0.1558 0.99856 0.0222 0.0489 0.95451 -0.2969 0.0276 0.98909 -0.0265 0.1449 -0.53719 0.83728 -0.1019 -0.74902 0.66192 -0.029 -0.74312 0.66202 -0.0975 -0.54093 0.84105 -0.0054 -0.99098 -0.0585 0.1206 -0.94508 -0.32609 -0.022 -0.9461 -0.3227 0.0276 -0.99704 -0.055 0.0537 -0.76692 -0.34171 0.54321 0.0163 -0.99574 -0.0908 -0.44289 -0.89089 -0.1008 0.0083 -0.99569 -0.0924 -0.40039 -0.91158 -0.0933 0.85086 -0.48768 0.19549 0.88264 -0.45862 -0.103 0.72993 -0.42602 0.53452 0.59091 -0.35031 0.72671 -0.63561 0.74501 -0.2024 -0.8543 0.5139 -0.078 -0.65822 0.73632 -0.1568 -0.83755 0.53197 -0.12459 0.32581 -0.62451 -0.70981 0.74342 -0.64432 -0.1794 0.40461 -0.56901 -0.71591 0.6 -0.792 -0.1129 0.78136 -0.60217 0.16389 0.7286 -0.6066 -0.3181 0.74591 -0.50001 0.44001 0.40511 -0.85013 -0.33641 0.61623 -0.60383 0.50562 0.70151 -0.52921 -0.47731 0.98503 -0.1193 0.1244 0.91887 -0.27959 0.27839 0.88577 -0.35599 -0.29779 0.4502 -0.5207 -0.7254 0.85102 -0.47291 -0.2283 0.47711 -0.48961 -0.72982 0.7198 -0.3805 -0.5806 0.72144 -0.46883 -0.50963 0.3134 -0.8939 -0.3205 0.43013 -0.68214 0.59133 0.1894 -0.66371 -0.72361 0.37549 -0.92417 -0.0702 0.73842 -0.65302 0.16821 0.62848 -0.75628 0.1818 -0.64172 -0.62462 -0.44502 -0.12529 -0.37538 0.91836 -0.1227 -0.477 0.8703 0.0776 -0.38419 0.91999 0.0744 -0.48908 0.86906 0.0837 -0.22681 0.97034 -0.1275 -0.22199 0.96668 -0.137 0.37581 0.91652 0.0843 0.0455 0.9954 0.083 0.38838 0.91775 -0.13571 0.0446 0.98974 -0.1192 0.81552 0.56632 -0.1214 0.69711 0.70661 0.0873 0.70401 0.70481 0.0877 0.81972 0.56601 -0.1221 0.94012 0.31821 0.0788 0.94558 0.31569 -0.17059 0.96805 -0.18379 -0.1575 0.98748 -0.0084 -0.0751 0.9385 -0.337 -0.1159 0.91281 -0.3916 -0.0967 0.99136 -0.0886 -0.0145 0.79019 0.61269 -0.0367 0.78438 0.61919 -0.0037 0.87664 0.48112 -0.0051 0.94387 0.33029 -0.0129 0.99534 0.0956 -0.0114 0.9753 0.2206 -0.013 0.98689 -0.1609 -0.014 0.99878 -0.0474 -0.0115 0.9675 -0.2526 -0.0108 0.95897 -0.28329 -0.0105 0.95602 -0.29311 -0.0099 0.9607 -0.2774 -0.99939 0.0335 0.0094 -0.97337 -0.22909 -0.0088 -0.99858 0.0326 -0.0421 -0.97116 -0.22959 -0.0643 -0.50039 -0.79689 -0.33849 -0.66912 -0.67582 -0.30911 -0.67834 -0.73354 -0.0421 -0.5112 -0.84491 -0.1575 -0.78774 -0.61343 -0.0562 -0.79167 -0.60338 -0.0959 -0.59702 -0.80083 -0.0472 -0.60257 -0.79257 -0.0935 -0.0081 0.99404 -0.1087 -0.0075 0.9999 0.012 -0.0063 0.85729 0.51479 -0.0071 0.94648 0.32269 -0.0057 0.7978 0.6029 -0.013 0.93591 0.352 -0.0068 0.88391 0.46761 -0.0395 0.99818 -0.0456 -0.0383 0.99158 -0.1237 -0.0269 0.99331 0.1123 -0.47948 0.62837 0.61257 -0.3475 0.71419 0.6076 -0.0319 0.95394 -0.29831 -0.0582 0.52179 -0.85109 -0.0197 0.93545 -0.35292 -0.0187 0.99618 -0.0853 -0.0087 -0.2339 -0.97222 -0.0176 0.80653 -0.59093 -0.0255 0.51131 -0.85902 -0.0365 0.85267 -0.52118 -0.0087 -0.1666 -0.98599 -0.0264 0.36501 -0.93063 0.0028 -0.0029 -0.99999 -0.0542 0.73188 -0.67928 -0.95946 0.20079 -0.19779 -0.6874 0.1463 -0.7114 -0.48391 -0.37371 -0.79131 -0.3751 -0.2749 -0.88529 -0.86319 -0.0436 -0.50299 0.0009 -0.98421 -0.177 -0.0523 -0.51281 -0.85691 -0.0139 -0.51568 -0.85667 -0.27089 -0.95085 -0.14999 0.0208 -0.94397 -0.32939 -0.49569 -0.79569 -0.34809 -0.46808 -0.85217 0.23389 0.0425 -0.96982 0.2401 -0.69744 -0.71314 0.0707 -0.82838 -0.37559 0.41559 -0.81501 -0.57891 0.0251 -0.69039 -0.51869 0.50429 0.0298 -0.97518 -0.2194 -0.1346 -0.25179 -0.95838 0.0141 -0.32781 -0.94464 -0.42031 -0.86313 -0.27991 -0.48271 -0.73291 -0.47941 0.0296 -0.98035 0.19501 0.0098 -0.75697 -0.65337 -0.46982 -0.86043 0.19731 -0.5063 -0.6197 -0.5997 -0.0285 -0.74043 -0.67153 0.0188 -0.97956 -0.20029 -0.37489 -0.92038 -0.1112 0.0195 -0.99325 -0.11431 -0.3618 -0.91189 -0.1938 0.0174 -0.96401 -0.2653 -0.34428 -0.90244 -0.25898 0.0169 -0.99892 -0.0433 -0.3189 -0.9431 -0.0941 0.017 -0.99541 -0.0942 -0.31678 -0.94745 -0.0445 -0.63138 -0.39829 0.66538 -0.77477 -0.27669 0.56848 0.0179 -0.97957 -0.20029 -0.3313 -0.94181 -0.0569 0.0172 -0.99823 -0.0569 -0.35839 -0.91627 -0.17889 0.0198 -0.95489 -0.2963 -0.40458 -0.86847 -0.28649 0.0188 -0.94168 -0.33599 -0.44689 -0.86008 -0.24609 -0.6303 -0.2899 0.7202 -0.76782 -0.1914 0.61141 -0.45299 -0.89148 0.0082 0.0206 -0.9919 -0.1253 0.0204 -0.99888 0.0428 -0.46979 -0.87598 -0.1093 -0.3412 -0.6297 -0.6979 -0.76613 -0.63043 -0.12491 -0.62558 -0.77778 -0.0609 -0.42101 -0.57781 -0.69921 -0.25571 -0.91222 -0.32011 0.0296 -0.95005 -0.31068 -0.42139 -0.67978 0.60028 0.0156 -0.74862 0.66282 -0.32351 -0.89452 0.30851 0.0191 -0.97217 0.23349 0.0173 -0.92626 0.37648 -0.3917 -0.9067 0.1564 0.0126 -0.79577 0.60547 -0.2599 -0.77939 0.57009 0.0152 -0.87439 0.48499 -0.28961 -0.85263 0.43491 -0.2091 -0.68681 0.69611 0.0091 -0.69777 0.71627 -0.1689 -0.64381 0.74631 0.0065 -0.66638 0.74558 -0.26561 -0.93272 -0.2439 0.025 -0.99911 0.0339 0.0414 -0.96132 -0.27231 -0.26979 -0.95807 0.0965 -0.2505 -0.89889 -0.3595 0.0633 -0.92608 -0.37199 -0.237 -0.94879 0.2089 0.0495 -0.98071 -0.1891 0.0258 -0.9763 0.2149 -0.26631 -0.94943 -0.16631 -0.1633 -0.7198 0.6747 0.0464 -0.7147 0.6979 -0.1227 -0.57879 0.80619 0.0719 -0.58042 0.81113 -0.54833 -0.61123 0.57073 -0.46452 -0.86624 0.18401 -0.38628 -0.67607 0.62747 -0.59221 -0.78972 0.1601 -0.33609 -0.54039 0.77138 -0.49161 -0.48071 0.72611 -0.35059 -0.33209 0.87567 -0.50733 -0.27062 0.81816 -0.4851 -0.3705 0.79209 -0.33241 -0.43231 0.83822 -0.37272 -0.18831 0.90864 -0.53578 -0.1351 0.83348 -0.55312 0.30961 0.77343 -0.39031 0.048 0.91943 -0.38659 0.34179 0.85658 -0.55669 0.0661 0.82809 -0.35989 0.65249 0.66689 -0.3567 0.77009 0.52889 -0.52529 0.59389 0.60939 -0.52089 0.70779 0.47719 -0.35431 0.89022 0.28631 -0.52078 0.81897 0.24099 -0.50788 0.86127 -0.0161 -0.38559 0.92258 -0.0128 -0.25599 0.78497 0.56418 -0.191 0.75911 0.62231 -0.32231 0.85352 0.40941 -0.35261 0.89732 0.2655 -0.37101 0.91222 0.1738 -0.39141 0.91712 0.0755 -0.39621 0.91732 -0.0393 -0.67691 0.73141 -0.0826 -0.68548 0.72778 -0.0212 -0.38651 0.91213 -0.1365 -0.36981 0.90162 -0.22431 -0.35611 0.89731 -0.2608 -0.34299 0.89788 -0.27599 -0.332 0.90541 -0.2646 -0.4835 -0.84931 0.2119 -0.61367 -0.70446 0.35658 -0.85398 -0.51589 -0.0677 -0.67922 -0.71212 -0.17761 -0.71548 -0.68318 -0.1461 -0.83752 -0.53911 -0.089 -0.86524 0.50122 -0.0114 -0.86308 0.50409 -0.0315 -0.30111 0.94754 -0.1072 -0.3 0.95391 0.0073 -0.73922 -0.64131 -0.2056 -0.5238 -0.8269 -0.2046 -0.66661 0.64221 0.37841 -0.9013 0.3997 0.167 -0.88208 0.37619 0.28359 -0.69237 0.67747 0.24829 -0.32211 0.89713 0.30231 -0.32722 0.80595 0.49333 -0.32431 0.74571 0.58201 -0.3778 0.8689 0.3198 -0.34989 0.82468 0.44439 -0.47069 0.88088 -0.05 -0.45632 0.88334 -0.1072 -0.42369 0.90007 0.1018 -0.47451 0.84912 -0.23201 -0.4183 0.9079 0.0273 -0.67361 0.73361 -0.0898 -0.59452 0.77072 0.22921 -0.44177 0.51957 -0.73136 -0.49251 0.82872 -0.26581 -0.5081 0.8108 -0.2906 -0.78714 0.61643 -0.0207 -0.81071 0.533 -0.2422 -0.4768 0.87691 -0.0608 -0.1623 -0.22869 -0.95987 -0.4988 0.6789 -0.5388 -0.53173 0.73114 -0.42742 -0.7819 0.3096 -0.5411 -0.46621 0.46711 -0.75131 -0.84432 0.47551 -0.24701 -0.3961 0.2977 -0.86861 -0.2132 -0.1948 -0.95739 -0.94206 0.0916 -0.32269 -0.97906 0.18819 -0.0776 -0.46128 -0.81667 -0.34679 -0.79627 -0.44418 0.41068 -0.4613 -0.8167 -0.3467 -0.65239 -0.56939 0.50019 0.0143 -0.98342 -0.1808 -0.24139 -0.94857 -0.20479 0.0149 -0.93786 0.34669 -0.28851 -0.90362 0.31661 -0.98584 -0.16201 0.0433 -0.89763 -0.38341 -0.21741 -0.95562 -0.2097 -0.2069 -0.93354 -0.34811 0.0856 -0.78731 -0.59611 0.1575 -0.5411 -0.80929 -0.2286 -0.7478 -0.6179 -0.2429 -0.58664 -0.77365 0.23942 -0.94849 -0.3035 -0.0909 -0.70848 -0.28029 -0.64768 -0.61123 -0.33972 -0.71484 -0.98381 -0.1398 -0.1121 -0.81879 -0.56609 -0.0955 -0.22549 -0.45578 -0.86106 -0.59328 -0.79488 -0.1272 -0.42392 -0.39312 -0.81594 -0.68129 -0.65899 -0.3187 -0.80901 -0.54961 0.2084 -0.68448 -0.68988 0.23569 -0.77491 -0.53461 -0.3372 -0.63722 -0.67323 -0.37511 -0.75409 -0.51649 -0.40569 -0.20259 -0.18999 -0.96066 -0.2751 -0.1812 -0.94419 -0.93508 -0.29539 -0.1959 -0.99583 -0.0488 0.0771 -0.93825 -0.32932 0.10601 -0.98295 -0.0416 -0.17911 -0.5045 0.80441 -0.3137 -0.69958 0.66408 -0.26379 -0.96423 -0.0213 -0.26421 -0.90765 -0.27101 -0.32052 -0.40332 -0.17571 -0.89803 -0.92825 -0.0909 -0.36068 -0.53261 -0.1381 -0.83502 -0.87239 -0.2818 -0.3994 -0.95017 0.31169 0.0047 -0.94331 0.2301 -0.2392 -0.96035 -0.27159 -0.063 -0.99873 0.0208 0.0458 -0.95322 -0.30111 0.0265 -0.98899 -0.0291 0.1451 -0.95705 -0.24439 -0.15599 -0.9943 0.0768 -0.0739 0.39658 -0.91376 -0.0881 0.42009 -0.90267 -0.0933 -0.95714 -0.28281 -0.0624 -0.99222 0.0881 -0.088 -0.95853 -0.27871 -0.0595 -0.99232 0.0743 -0.0989 -0.56721 0.79501 -0.215 -0.7555 0.6384 -0.1472 -0.77286 0.60867 -0.17949 -0.5493 0.8179 -0.1712 -0.3197 0.9163 -0.2412 -0.3093 0.93191 -0.1894 -0.0092 0.96792 -0.2511 0.30181 0.92214 -0.24201 0.2926 0.93719 -0.1899 -0.0086 0.98064 -0.19561 0.54161 0.82291 -0.1717 0.55892 0.80062 -0.21591 0.75558 0.63828 -0.1473 0.7729 0.6086 -0.1795 0.95772 -0.28081 -0.0626 0.99222 0.0881 -0.088 0.99233 0.0742 -0.0989 0.95911 -0.2767 -0.0596 0.58759 -0.80899 -0.0167 0.78432 -0.61932 -0.0358 0.78497 -0.61867 -0.0327 0.58569 -0.81018 -0.024 0.32191 -0.94673 -0.0081 0.31931 -0.94744 -0.0197 -0.32191 -0.94673 -0.0088 -0.31901 -0.94753 -0.0203 0.0169 -0.99985 -0.0044 0.0168 -0.99969 -0.0185 -0.78497 -0.61868 -0.0325 -0.78441 -0.61921 -0.0357 -0.59738 -0.80177 -0.0173 -0.59561 -0.80291 -0.0244 -0.65253 -0.75243 -0.0897 -0.80262 -0.58902 -0.0941 -0.67238 -0.73147 -0.1134 -0.80067 -0.59638 -0.057 -0.78472 -0.57312 -0.23611 -0.67548 -0.67838 -0.28899 -0.77722 -0.48751 -0.39781 -0.67765 -0.54786 -0.49056 -0.76244 -0.62853 0.15371 -0.64996 -0.73786 0.18199 0.46651 -0.69712 -0.54442 0.41837 -0.65325 -0.63105 0.49888 -0.84566 0.18969 0.87722 -0.30711 0.36901 0.85112 -0.52441 -0.0242 0.77919 -0.58589 -0.2227 0.91748 -0.30819 -0.25149 0.97629 -0.0438 -0.212 0.92207 0.32969 -0.20269 0.79553 0.60392 -0.0491 0.81125 0.56314 -0.15731 0.81859 0.47779 0.31879 0.81549 0.56579 0.1219 0.81846 0.38558 0.42598 0.82394 0.19431 0.53232 0.81683 0.077 0.57172 0.82025 -0.0758 0.56696 0.81242 -0.0137 0.58291 0.8155 -0.1268 0.5647 0.8206 -0.2098 0.5316 0.072 -0.58042 0.81113 0.0259 -0.97629 0.2149 0.0496 -0.9807 -0.1891 0.0634 -0.92606 -0.37202 0.0415 -0.96132 -0.2723 0.0251 -0.99911 0.0339 0.0066 -0.66638 0.74558 0.0092 -0.69777 0.71627 0.0127 -0.79576 0.60547 0.0153 -0.87438 0.48499 0.0174 -0.92626 0.37648 0.0192 -0.97217 0.23349 0.0205 -0.99887 0.0428 0.0207 -0.9919 -0.1253 0.0199 -0.95486 -0.29639 0.018 -0.97955 -0.20039 0.0173 -0.99823 -0.0569 0.017 -0.99985 -0.0044 0.0169 -0.99969 -0.0185 0.0175 -0.96401 -0.2653 0.0189 -0.97955 -0.20029 0.0196 -0.99325 -0.11431 0.0164 -0.99573 -0.0908 0.0084 -0.9957 -0.0923 0.0099 -0.75693 -0.65342 -0.0284 -0.74038 -0.67158 0.0296 -0.98036 0.19499 0.0142 -0.3279 -0.94461 0.0208 -0.944 -0.3293 0.0426 -0.96984 0.24001 0.0144 -0.98341 -0.1808 0.0157 -0.74862 0.66282 -0.61719 0.2302 0.75239 -0.61636 -0.071 0.78425 -0.56662 -0.31151 0.76283 -0.34101 -0.67921 0.64991 -0.43711 -0.56632 0.69872 -0.19819 -0.76628 0.61118 0.0103 -0.82122 0.57052 0.19491 -0.77634 0.59943 0.33221 -0.68752 0.64572 0.4389 -0.56471 0.69891 0.61609 -0.0707 0.78449 0.56881 -0.30801 0.76262 0.61701 0.2303 0.75251 0.31629 0.78397 0.53418 0.4566 0.62939 0.62879 0.1343 0.8861 0.4436 -0.0817 0.9056 0.4162 -0.29049 0.82178 0.49019 -0.4392 0.6656 0.6034 -0.99973 0.0217 -0.0077 -0.51919 -0.44199 -0.73149 -0.92218 -0.1999 -0.33109 -0.97367 -0.068 -0.21759 -0.99999 0.0004 0.0047 -0.98921 -0.0135 -0.1459 -0.73163 -0.23631 -0.63943 -0.99765 0.0646 0.0228 -0.96317 -0.0008 -0.26889 -0.94777 0.0814 -0.30839 -0.66439 -0.061 -0.74489 -0.98386 0.16469 0.07 -0.97598 0.1499 -0.1581 -0.96315 0.15791 -0.21771 -0.98311 0.1509 0.1036 -0.97111 0.1385 0.1943 -0.95379 0.157 0.2562 -0.9625 0.2225 0.1552 -0.95133 0.30791 0.0131 -0.91975 0.38202 -0.0901 -0.92283 0.38081 -0.058 -0.93057 0.34059 -0.1343 -0.92443 0.36371 -0.1146 -0.94929 0.2987 -0.0981 -0.939 0.3182 -0.1305 -0.96732 0.25351 -0.0049 -0.96115 0.27269 -0.0427 -0.97007 0.24279 0.0039 -0.97002 0.2421 -0.0212 -0.96282 0.2519 -0.0976 -0.92415 0.28768 -0.25139 -0.90352 0.34151 -0.2589 -0.90083 0.43411 0.0075 -0.78651 0.4791 0.3897 -0.62672 0.46402 0.62602 -0.72112 0.54162 0.43201 -0.56061 0.45811 0.68982 -0.82381 0.56231 0.0717 -0.82836 0.51197 -0.22739 -0.81684 0.57263 -0.0698 -0.81761 0.5354 -0.2118 -0.81958 0.56139 0.1146 -0.82271 0.4746 0.3129 -0.82541 0.3812 0.4164 -0.82867 0.16939 0.53348 -0.81859 0.0488 0.5723 -0.81374 -0.0458 0.57943 -0.81344 -0.10751 0.57163 -0.80942 -0.1509 0.56751 -0.8168 -0.2318 0.5283 -0.86802 -0.31981 0.37981 -0.88482 -0.46531 0.0239 -0.87313 -0.42301 -0.24231 0.90881 -0.41621 -0.0289 0.89163 -0.37241 -0.25751 0.90592 -0.25321 0.33941 0.8553 -0.164 0.4915 0.85282 -0.0899 0.51441 0.85415 -0.0563 0.51697 0.84558 -0.0082 0.53379 0.84269 0.0656 0.53439 0.8501 0.1718 0.4978 0.85029 0.3553 0.3883 0.8508 0.4385 0.2896 0.84672 0.52211 0.1023 0.86038 0.50849 -0.0343 0.86402 0.46221 -0.1996 0.86878 0.44109 -0.22509 0.86283 0.49382 0.108 0.73534 0.49373 0.46423 0.56998 0.43818 0.69507 0.79033 0.47342 0.38891 0.63408 0.45398 0.62598 0.90204 0.43162 0.006 0.90377 0.34069 -0.25909 0.92437 0.28679 -0.25159 0.96303 0.25101 -0.0978 0.97022 0.2413 -0.0212 0.97027 0.24199 0.0039 0.96759 0.2525 -0.0047 0.96144 0.27168 -0.0426 0.94964 0.29761 -0.098 0.93932 0.31731 -0.1304 0.93094 0.33961 -0.13421 0.92479 0.3628 -0.1146 0.92009 0.3812 -0.0901 0.92317 0.37999 -0.0581 0.96218 0.2224 0.1573 0.95171 0.3067 0.0136 0.95395 0.15761 0.25521 0.9884 0.1391 0.061 0.97352 0.1371 0.1829 0.97717 0.21219 0.0103 0.98586 0.1125 -0.1242 0.96063 0.24911 0.123 0.50309 -0.1109 -0.85709 0.91086 0.0408 -0.41068 0.99469 0.0935 0.043 0.95652 0.0101 -0.2915 0.62491 -0.28501 -0.72681 0.98269 -0.0276 -0.1832 0.95164 -0.0964 -0.29171 0.99998 0.0053 -0.0045 0.49382 -0.44972 -0.74424 0.89598 -0.236 -0.37619 0.72149 -0.46879 -0.50959 0.99998 -0.0067 0.0012 0.2926 0.94539 0.1436 0.55728 0.82397 0.1025 -0.0072 0.98762 0.1567 -0.30789 0.94066 0.14269 -0.56502 0.81883 0.1013 -0.77683 0.62872 0.0354 -0.93284 0.35792 -0.0412 -0.95776 -0.24869 -0.14439 -0.99056 0.0983 -0.0955 -0.79352 -0.58251 -0.1761 -0.61049 -0.76939 -0.188 -0.3283 -0.92311 -0.2002 0.0171 -0.97876 -0.20429 0.3285 -0.92321 -0.1994 0.60059 -0.77699 -0.1886 0.7935 -0.5826 -0.1759 0.95837 -0.24639 -0.1443 0.99053 0.0982 -0.096 0.93325 0.35678 -0.0418 0.77687 0.62868 0.0352 0.38731 0.88732 0.25031 -0.0319 0.98838 0.1486 -0.0221 0.95948 0.2809 0.41739 0.90108 0.1176 -0.4611 0.8793 0.1192 -0.4208 0.8745 0.2412 -0.72141 0.67221 0.1664 -0.74786 0.66157 0.055 -0.92088 0.38959 -0.0138 -0.91288 0.39749 0.093 -0.98482 0.1614 -0.0638 -0.98659 0.1575 0.0428 -0.99897 -0.0452 0.003 -0.93741 -0.3003 -0.1763 -0.94525 -0.31898 -0.069 -0.99375 -0.0328 -0.10671 -0.80521 -0.53951 -0.2461 -0.80752 -0.57352 -0.1378 -0.69871 -0.69971 -0.149 -0.71677 -0.64237 -0.27129 -0.49528 -0.85857 -0.1325 -0.53828 -0.79137 -0.28979 -0.0077 -0.99146 -0.13019 -0.0244 -0.94741 -0.3191 -0.0076 -0.99146 -0.13019 0.45851 -0.83802 -0.29581 0.4411 -0.8881 -0.1293 -0.0243 -0.94741 -0.3191 0.64643 -0.71363 -0.26991 0.64777 -0.75146 -0.12529 0.76093 -0.60443 -0.23591 0.78231 -0.61231 -0.1143 0.92851 -0.3278 -0.1744 0.94035 -0.32448 -0.1022 0.98774 -0.0895 -0.12791 0.99409 -0.079 -0.0744 0.99122 0.1001 -0.0864 0.92554 0.37282 0.0662 0.99296 0.1165 -0.0213 0.9366 0.3491 -0.0302 0.71881 0.67481 0.1672 0.74778 0.66228 0.047 0.89031 0.3557 -0.2843 0.95644 -0.0412 -0.28901 -0.95803 -0.0432 -0.28341 -0.89341 0.3497 -0.282 0.88601 0.4451 0.1299 0.98429 0.1364 -0.1121 0.93028 0.35879 -0.0765 0.97026 0.22079 0.0992 0.69019 0.70809 0.1492 0.75478 0.65338 -0.0584 0.38479 0.90837 0.1637 0.43412 0.89994 -0.0405 -0.0226 0.9993 -0.0298 -0.018 0.98616 0.16479 -0.47027 0.88215 -0.0255 -0.4266 0.8924 0.1471 -0.7642 0.6443 -0.0294 -0.7289 0.6727 0.1272 -0.92561 0.3772 -0.0311 -0.90452 0.40851 0.1223 -0.98988 0.1376 -0.0347 -0.97836 0.16309 0.1273 -0.98835 -0.0519 0.14311 -0.99726 -0.0654 -0.0346 -0.93258 -0.31409 0.1779 -0.9521 -0.3052 -0.0187 -0.76339 -0.59809 0.244 -0.81335 -0.58037 0.0404 -0.638 -0.7131 0.2906 -0.67769 -0.72789 0.1044 -0.4488 -0.87921 0.1599 -0.43699 -0.83878 0.32479 0.0206 -0.98228 0.1863 0.0215 -0.94055 0.33898 0.4581 -0.83231 0.3121 0.0207 -0.98228 0.1863 0.45943 -0.87485 0.15351 0.0215 -0.94054 0.33901 0.61772 -0.73313 0.28451 0.65753 -0.74583 0.1067 0.78432 -0.61941 0.0342 0.7353 -0.6355 0.2355 0.94411 -0.3182 -0.0861 0.93894 -0.31381 0.14111 0.9904 -0.0486 -0.1294 0.99575 0.0078 0.0918 0.72429 0.68269 0.0967 0.94203 0.33441 0.0272 0.7695 0.6357 -0.0612 0.90672 0.39331 0.1522 0.4117 0.91021 0.045 0.44081 0.88612 -0.1431 -0.0111 0.99981 0.0159 -0.01 0.98233 -0.18691 -0.47149 0.86558 -0.1687 -0.4457 0.89491 0.0222 -0.796 0.597 -0.0999 -0.75981 0.64731 0.0606 -0.95327 0.30199 -0.0083 -0.92919 0.3521 0.1124 -0.99537 0.077 0.0576 -0.98144 0.109 0.15781 -0.99072 -0.0804 0.1096 -0.97472 -0.0655 0.2136 -0.92302 -0.25781 0.28561 -0.94842 -0.26921 0.1674 -0.77491 -0.51071 0.37241 -0.80823 -0.53932 0.23641 -0.616 -0.6781 0.4009 -0.61117 -0.74807 0.25859 -0.3147 -0.91491 0.2528 -0.36799 -0.84058 0.39749 0.0217 -0.97051 0.2401 0.0357 -0.92134 0.38712 0.392 -0.82641 0.4042 0.0358 -0.92134 0.38712 0.0218 -0.9705 0.2401 0.32191 -0.91242 0.25271 0.6079 -0.67421 0.4194 0.6044 -0.75261 0.2613 0.80564 -0.53673 0.25071 0.76348 -0.50769 0.39919 0.94712 -0.26061 0.1872 0.9148 -0.2471 0.3195 0.98905 -0.0691 0.13039 0.96708 -0.0471 0.25009 0.97041 0.1402 0.1966 0.99196 0.0959 0.0826 0.79667 0.58408 -0.15549 0.97362 0.191 -0.1248 0.79358 0.52989 -0.29909 0.96687 0.25479 0.0153 0.4476 0.83789 -0.3124 0.4361 0.7782 -0.4519 -0.0273 0.92557 -0.37759 -0.0204 0.85724 -0.51452 -0.47379 0.75489 -0.45349 -0.4951 0.8118 -0.3096 -0.8104 0.4977 -0.3091 -0.81963 0.55082 -0.15751 -0.97402 0.1716 -0.1478 -0.97168 0.2363 0.0007 -0.99733 -0.054 -0.0492 -0.9954 0.0228 0.093 -0.9745 -0.2238 0.0165 -0.97659 -0.1495 0.1547 -0.91824 -0.32942 0.21981 -0.91707 -0.38909 0.0872 -0.77282 -0.55081 0.31521 -0.78359 -0.59189 0.1888 -0.58348 -0.70848 0.39699 -0.60668 -0.74758 0.27029 -0.3265 -0.88361 0.3356 -0.2999 -0.83021 0.46991 0.0123 -0.86891 0.49481 0.0143 -0.93419 0.3565 0.32199 -0.88347 0.34029 0.29311 -0.83082 0.47311 0.0144 -0.93419 0.35649 0.56708 -0.71507 0.40878 0.59219 -0.75409 0.284 0.78161 -0.59001 0.2024 0.76731 -0.55051 0.3289 0.91928 -0.37999 0.1026 0.91768 -0.32109 0.234 0.97723 -0.20921 0.0353 0.97648 -0.1344 0.1686 0.99331 0.0401 0.1083 0.99901 -0.0364 -0.0257 0.40101 0.51261 -0.75922 0.73242 0.28611 -0.61782 -0.0135 0.5821 -0.813 -0.42742 0.49662 -0.75543 -0.74099 0.266 -0.61659 -0.89402 -0.0254 -0.44731 -0.91031 -0.2221 -0.3493 -0.88574 -0.35762 -0.29591 -0.83909 -0.48799 -0.2404 -0.73369 -0.65959 -0.1632 -0.58577 -0.80325 -0.10799 -0.3281 -0.94269 -0.0608 0.0151 -0.99825 -0.0572 0.3257 -0.94351 -0.0609 0.57332 -0.81282 -0.1031 0.73277 -0.66037 -0.16419 0.8401 -0.4852 -0.2425 0.88788 -0.35389 -0.29399 0.91416 -0.21729 -0.34219 0.89824 -0.0187 -0.43912 0.78292 0.48541 -0.38911 0.9695 0.1904 -0.1543 0.99999 -0.0043 0.0016 0.98277 -0.1303 0.1311 0.92306 -0.27109 0.27289 0.7709 -0.4779 0.4211 0.6186 -0.601 0.5061 0.40701 -0.68662 0.60241 0.0153 -0.7383 0.6743 0.0152 -0.7383 0.6743 -0.40612 -0.67543 0.61552 -0.64681 -0.56811 0.50881 -0.80018 -0.43969 0.40789 -0.92537 -0.26089 0.27499 -0.98054 -0.1235 0.15261 -0.99975 0.0206 0.0086 -0.96185 0.20551 -0.18061 -0.79382 0.44481 -0.41471 -0.47088 0.64677 -0.59997 -0.0444 0.74282 -0.66802 0.40289 0.69708 -0.59309 -0.95843 0.28321 0.0346 -0.9595 -0.002 0.2817 -0.8587 -0.0727 0.5073 -0.96812 -0.0488 -0.2457 -0.95412 -0.0178 -0.29891 -0.8016 0.509 -0.3136 -0.78172 0.0255 -0.62311 -0.95421 0.1612 0.252 -0.0209 -0.43141 -0.90192 0.14071 -0.23541 -0.96166 -0.0884 -0.95694 0.27651 0.7694 -0.5697 -0.2889 -0.0209 -0.43149 -0.90188 0.7957 -0.5653 -0.2175 0.92736 -0.26262 -0.26652 0.71832 -0.63082 0.29341 0.79574 -0.56523 -0.21751 0.7183 -0.6308 0.2935 0.64482 -0.52562 0.55492 0.88931 -0.3334 -0.313 0.69597 -0.20839 0.68717 0.14069 -0.23549 -0.96164 -0.97747 0.18119 -0.1083 0.0476 -0.48782 0.87164 0.94607 -0.24209 -0.21529 0.0476 -0.48778 0.87167 0.7995 -0.3078 -0.5158 0.83399 -0.54709 0.0718 0.98693 0.0287 -0.1586 0.86267 -0.1085 0.49399 0.4907 -0.3857 -0.78131 0.51452 -0.42731 0.74342 0.48419 -0.1628 0.85968 -0.5788 -0.2794 0.76611 -0.24249 -0.75506 0.60917 -0.0331 -0.26301 0.96423 -0.66601 0.2599 0.69921 -0.7523 0.5606 -0.3461 0.0507 0.95896 0.27899 -0.63389 0.1091 0.76569 -0.50102 -0.0956 0.86014 0.1461 -0.70381 0.69521 0.29278 -0.48617 0.82335 -0.65189 -0.2645 0.71069 -0.8263 -0.093 0.5555 -0.809 -0.2289 -0.5414 -0.90042 -0.1476 0.40921 -0.93858 0.0159 -0.34469 -0.1815 0.0989 -0.9784 -0.91322 0.1468 -0.38011 -0.1443 0.23701 -0.96073 0.85368 -0.0253 0.52019 0.97914 0.14501 -0.14231 0.451 -0.0937 0.88759 -0.11181 -0.13981 0.98385 -0.17311 -0.0556 0.98333 0.4842 -0.1627 0.8597 -0.87852 0.0517 0.47491 -0.0803 -0.2736 0.95849 -0.31619 -0.22569 -0.92146 0.56621 0.2587 -0.78261 0.58979 0.1436 -0.79469 0.5144 -0.4273 0.74351 -0.8407 0.369 -0.3963 -0.76339 0.1928 0.61649 0.0402 -0.24481 -0.96874 -0.2209 0.1604 -0.96201 0.1712 -0.0074 -0.98521 0.68652 -0.21231 -0.69542 0.91023 -0.33991 0.23651 0.53963 -0.26551 0.79894 -0.0232 -0.12599 0.99176 0.53951 -0.26551 0.79902 -0.59848 0.38769 0.70108 -0.77782 -0.24771 0.57761 0.6427 0.7073 -0.2944 0.09 0.3613 -0.9281 0.76785 0.21478 -0.60356 0.4897 0.1045 -0.8656 0.74709 -0.48739 -0.452 0.46988 -0.56758 -0.67607 0.24981 -0.95075 0.18351 0.85709 -0.4559 0.2399 0.46741 -0.46461 0.75211 -0.62422 -0.74913 0.22171 0.60912 0.76783 -0.19851 0.1282 0.94149 0.3117 0.76201 0.28 -0.5839 0.4084 -0.5111 -0.7563 -0.1568 -0.95232 -0.26171 -0.1568 -0.9523 -0.2618 0.2499 -0.9507 0.1836 -0.53629 -0.80588 0.25089 -0.7425 -0.1951 0.6408 -0.60151 -0.77762 0.183 -0.71518 -0.2105 0.66649 -0.45649 0.51619 0.72468 -0.4439 0.5065 0.7392 0.1452 0.90212 0.40631 0.12661 0.92785 0.35082 0.57603 0.80964 -0.11261 0.61531 0.78372 -0.0847 -0.0763 -0.9631 -0.2581 -0.1413 -0.92869 -0.34289 0.79117 0.19319 -0.58028 0.78761 0.1674 -0.593 0.46411 -0.54672 -0.69692 0.5146 -0.5645 -0.6454 -0.14131 -0.92864 -0.34301 0.75764 0.15531 -0.63393 0.4697 -0.4774 -0.74261 0.72628 0.25339 -0.63899 0.37092 -0.52323 -0.76724 -0.23989 -0.85758 -0.45499 -0.18239 -0.91157 -0.36849 -0.2399 -0.85762 -0.45491 -0.67853 -0.71653 0.16181 -0.1825 -0.91158 -0.36839 -0.67959 -0.73279 0.0343 -0.80326 -0.21029 0.55727 -0.7824 -0.1683 0.5996 -0.36081 0.55891 0.74662 -0.34881 0.59702 0.72242 0.1425 0.9107 0.3877 0.1212 0.85403 0.50592 0.62171 0.78222 -0.0401 0.55222 0.81882 -0.1568 -0.12441 0.98775 0.0942 0.28681 0.86802 -0.40531 0.51803 0.30152 -0.80045 0.47569 -0.37879 -0.79388 -0.12771 -0.95655 -0.26211 -0.12781 -0.95654 -0.26211 -0.71569 -0.63449 0.2919 -0.81393 -0.0693 0.57682 -0.98178 0.1812 0.0572 -0.42909 -0.43489 0.79168 -0.499 0.71689 0.4869 -0.76811 0.3503 -0.536 -0.36081 0.31471 -0.87793 0.1247 0.0754 -0.98932 0.68999 -0.46739 -0.55269 0.33992 -0.74633 0.57223 -0.2158 -0.2588 0.94151 0.54078 -0.55738 0.62998 0.57013 -0.49322 0.65703 -0.2774 -0.3166 0.90709 -0.92356 0.14739 0.35399 -0.89014 0.24231 0.38592 -0.85075 0.40863 -0.33052 -0.81517 0.48458 -0.31729 -0.28099 0.37649 -0.88278 -0.24609 0.45168 -0.85757 0.61798 0.0421 -0.78507 0.59066 -0.0395 -0.80595 0.92636 -0.36339 -0.099 0.89648 -0.42649 -0.1201 0.54081 -0.55731 0.63002 0.5701 -0.4933 0.657 -0.83144 0.43062 -0.35112 -0.15731 0.37192 -0.91484 0.62493 -0.0154 -0.78053 0.89853 -0.43822 -0.0246 0.42682 -0.54782 0.71953 -0.40911 -0.29981 0.86182 -0.92756 0.17189 0.33179 -0.0753 0.53169 -0.84358 -0.7597 0.5869 -0.28 0.66932 0.1488 -0.72792 0.9352 -0.343 0.088 0.37199 -0.43539 0.81979 -0.441 -0.107 0.8911 0.37201 -0.43551 0.81972 -0.87218 0.35249 0.33919 -0.80427 0.32929 -0.49468 -0.99239 0.1231 0.0012 -0.98807 0.1166 0.1006 -0.4294 0.3166 -0.8458 -0.3726 0.68201 -0.62931 0.3704 0.1688 -0.91341 -0.45378 0.53268 -0.71437 0.47352 0.33221 -0.81573 0.69619 -0.61059 -0.37749 0.5666 -0.0801 -0.82009 0.80339 -0.59519 -0.0179 0.33058 -0.0283 -0.94335 0.2033 -0.67411 0.71011 0.20281 -0.80584 0.55632 -0.55642 -0.53382 0.63673 0.2027 -0.80581 0.55641 -0.54351 -0.37811 0.74942 -0.9409 0.338 0.0217 -0.86104 0.47962 0.16901 0.39082 0.09401 -0.91565 -0.42441 0.53362 -0.73152 0.82772 -0.49701 -0.26051 0.64329 -0.72019 -0.2598 0.94469 -0.2918 -0.1497 0.14609 -0.70376 0.69526 0.2928 -0.4861 0.82339 -0.47061 -0.57141 0.67232 -0.94102 0.33751 0.024 -0.78179 0.61649 0.0935 -0.265 0.7958 -0.5445 -0.94667 0.26389 -0.18489 -0.32799 0.61859 -0.71398 -0.24519 0.49318 -0.83466 -0.87553 0.48012 -0.0542 0.6062 0.0047 -0.7953 0.5145 0.2414 -0.82281 0.5507 0.4562 -0.699 0.87891 -0.47451 -0.0485 0.68832 -0.69432 -0.21011 0.95959 -0.2791 0.0359 0.1547 -0.8572 0.4912 0.2652 -0.52919 0.80599 0.2651 -0.52921 0.80601 0.1546 -0.85721 0.49121 -0.47601 -0.1124 0.87223 -0.63487 -0.51608 0.57498 -0.63489 -0.2157 0.74189 -0.22411 0.59604 -0.77105 -0.87827 0.45539 -0.1458 -0.1469 0.80783 -0.57082 -0.81348 0.58148 -0.0116 0.57913 0.14221 -0.80274 0.69497 0.38358 -0.60818 0.94515 -0.32542 0.0282 0.83646 -0.51478 -0.18799 0.17019 -0.66787 0.72456 0.17679 -0.81225 0.55587 -0.76099 -0.2345 0.6049 -0.65991 -0.1572 0.73471 0.1975 -0.75671 0.62321 0.2373 -0.6214 0.7467 -0.84838 0.0002 0.52939 -0.89079 0.44139 0.108 -0.85919 0.51119 0.0219 -0.83608 -0.0238 0.54809 -0.58101 0.74571 -0.3261 -0.5037 0.773 -0.3857 -0.0676 0.79268 -0.60588 -0.0936 0.79639 -0.59749 0.69537 0.40558 -0.59327 0.80142 0.27811 -0.52951 0.9669 -0.1397 -0.2135 0.95874 -0.27151 -0.0842 0.5862 -0.6473 0.4872 0.54339 -0.65769 0.52169 -0.174 -0.57508 0.79938 -0.31208 -0.31718 0.89555 -0.29511 0.0482 0.95425 0.6501 -0.1423 0.7464 0.91267 -0.31409 -0.26149 -0.3658 0.0953 0.9258 0.2054 -0.26549 -0.94198 -0.97972 0.13 0.1525 -0.63791 -0.0643 -0.76742 0.2053 -0.2655 -0.942 0.59788 0.33119 -0.72997 0.1526 0.2277 -0.9617 -0.2951 0.65279 -0.69769 -0.66003 0.26691 -0.70223 0.0868 0.2593 -0.96189 -0.1781 0.2528 -0.95099 -0.95131 0.1396 0.2748 0.91126 -0.22271 -0.34642 0.17459 -0.37808 0.90916 0.17471 -0.37811 0.90913 -0.46348 0.25389 -0.84896 -0.83184 0.0469 0.55303 0.80532 -0.16601 -0.56912 0.39971 -0.38811 0.83042 0.39981 -0.38801 0.83042 -0.1441 0.2798 -0.94918 -0.2859 -0.88411 -0.3696 -0.6991 -0.7057 0.1151 -0.82101 -0.2142 0.52921 -0.52112 0.51982 0.67692 0.17011 -0.66793 0.72453 0.17669 -0.81227 0.55588 -0.5237 0.5837 -0.6205 -0.97226 0.22359 0.0687 0.45081 0.20851 -0.86792 0.78701 -0.56511 -0.2475 0.2148 -0.84589 0.48819 0.21489 -0.84587 0.48818 -0.64559 -0.45099 0.61629 -0.3763 -0.4651 0.8013 -0.41608 -0.44078 0.79536 0.58623 -0.64733 0.48713 0.5434 -0.6576 0.5218 -0.99847 0.0348 0.0429 0.3617 -0.4283 -0.82809 0.91251 -0.4064 0.0465 -0.54808 -0.20159 -0.81177 -0.48672 0.0443 0.87243 0.45339 -0.1793 0.87309 -0.70747 -0.0388 0.70567 0.64817 -0.22279 -0.72817 0.5256 -0.5034 0.6858 -0.65953 0.20021 -0.72453 0.5257 -0.5033 0.6858 0.46729 -0.46459 0.75219 -0.25501 -0.82943 -0.49702 -0.6888 -0.7249 0.0087 -0.24691 -0.83312 -0.49491 -0.69599 -0.71769 0.0225 0.37081 -0.49861 -0.78351 0.3669 -0.4976 -0.78599 -0.255 -0.82938 -0.49709 -0.2468 -0.8331 -0.495 0.77848 0.1433 -0.61109 0.77277 0.15769 -0.61478 0.64143 0.76713 -0.009 0.6621 0.7494 -0.0057 0.13801 0.84563 0.51562 0.1532 0.84528 0.51189 -0.38909 0.52569 0.75648 -0.37041 0.54411 0.75282 -0.80159 -0.1935 0.56569 -0.79616 -0.18669 0.57557 -0.1452 -0.96308 -0.2267 -0.5071 -0.8234 0.2547 -0.0868 -0.97653 -0.19711 -0.54721 -0.80802 0.21831 0.51978 -0.58168 -0.62568 0.49332 -0.57372 -0.65382 -0.1451 -0.96307 -0.22679 0.78274 0.26811 -0.56163 0.78553 0.24851 -0.56673 0.54218 0.83198 -0.1177 0.5551 0.8235 -0.1171 0.132 0.9447 0.3002 0.1508 0.94179 0.3005 -0.4842 0.5098 0.7111 -0.4778 0.5188 0.70891 -0.71651 -0.2537 0.64981 -0.73628 -0.26699 0.62178 -0.67249 -0.73399 0.0949 -0.77393 -0.17701 0.60803 -0.2172 -0.8694 -0.4438 0.41039 -0.50789 -0.75738 -0.2171 -0.86938 -0.44389 0.78479 0.158 -0.59929 0.6516 0.7576 -0.0381 0.16211 0.86834 0.46872 -0.41351 0.51491 0.75092 -0.4671 -0.8333 0.2957 -0.69259 -0.2438 0.67889 -0.0291 -0.98498 -0.1702 0.5435 -0.5935 -0.5936 -0.0291 -0.98496 -0.17029 0.79082 0.218 -0.57191 0.53742 0.83313 -0.1307 0.1102 0.94774 0.29941 -0.47508 0.51958 0.71017 -0.1359 -0.2949 0.94581 -0.89219 0.2466 0.3784 -0.1558 -0.2862 0.94542 -0.89292 0.24821 0.37561 0.5385 -0.49 0.6855 0.54661 -0.4909 0.67841 0.92708 -0.35499 -0.1204 0.92719 -0.3518 -0.1287 0.5586 0.0837 -0.8252 0.53569 0.099 -0.83859 -0.2173 0.44359 -0.86949 -0.207 0.4406 -0.87351 -0.78032 0.49461 -0.38271 -0.78992 0.49221 -0.36571 -0.1757 -0.2773 0.94458 -0.89081 0.2437 0.3835 -0.1957 -0.26819 0.94328 -0.89146 0.24509 0.38108 0.5624 -0.4925 0.6642 0.55457 -0.49178 0.67127 0.92668 -0.36069 -0.1057 0.92689 -0.35799 -0.1128 0.56243 -0.49253 0.66414 0.59959 0.0553 -0.79839 0.57992 0.0692 -0.81173 -0.2369 0.4491 -0.8615 -0.2273 0.44639 -0.86549 -0.79889 0.4898 -0.3491 -0.80733 0.48722 -0.33291 -0.09661 -0.31172 0.94525 -0.89371 0.2499 0.3726 -0.1161 -0.30351 0.94573 -0.89456 0.25172 0.36932 0.52191 -0.48801 0.69961 0.53029 -0.48899 0.69259 0.92727 -0.34819 -0.1376 0.52198 -0.48798 0.69958 0.53033 -0.48903 0.69254 0.92721 -0.34431 -0.1474 0.5111 0.1149 -0.8518 0.4846 0.1315 -0.8648 -0.1962 0.4374 -0.8776 -0.185 0.43401 -0.88171 -0.75908 0.49899 -0.41809 -0.77008 0.49689 -0.40009 -0.43219 -0.0601 0.89978 -0.92322 0.31301 0.22291 -0.4869 -0.1906 0.85241 -0.84942 0.42951 0.30661 -0.72248 0.63788 -0.26669 -0.76361 0.52921 -0.36991 -0.1017 0.48351 -0.86941 -0.0364 0.58332 -0.81143 0.63332 0.1058 -0.76662 0.66164 0.22791 -0.71434 0.94105 -0.31392 0.12601 0.90371 -0.4263 0.0397 0.28361 -0.51732 0.80743 0.33101 -0.39552 0.85674 -0.91189 0.3588 0.1993 -0.79889 -0.0725 0.59709 -0.71472 0.67232 -0.1928 -0.134 0.80702 -0.57512 0.7246 0.3738 -0.579 0.96282 -0.24471 -0.1144 0.71478 -0.59228 0.37189 -0.1153 -0.5789 0.8072 0.71479 -0.59219 0.372 0.82765 0.23961 -0.50753 -0.0175 0.77729 -0.62889 -0.37559 0.79647 -0.47388 -0.80709 0.58509 -0.0792 -0.8729 0.0357 0.4866 -0.54719 -0.3584 0.75639 0.4509 -0.6793 0.579 0.45087 -0.67926 0.57907 0.96816 -0.16929 -0.18439 -0.83519 -0.0171 0.54969 -0.23 -0.53539 0.81269 -0.81409 -0.0533 0.57829 -0.3076 -0.497 0.8114 0.66785 -0.61595 0.41783 0.64888 -0.62338 0.43629 0.96127 -0.25629 -0.1014 0.66791 -0.61591 0.4178 0.9652 -0.1201 -0.2323 0.75677 0.33639 -0.56048 0.60659 0.48829 -0.62739 -0.1062 0.80162 -0.58832 -0.141 0.80562 -0.57541 -0.59838 0.73998 -0.30719 -0.66072 0.70732 -0.25131 -0.88058 0.46779 0.0758 -0.90591 0.3892 0.1669 -0.77792 -0.24691 0.57782 -0.61978 -0.76728 0.1648 -0.4956 0.5201 0.69561 0.1481 0.94253 0.29951 0.57102 0.80872 -0.1411 0.7729 0.2919 -0.5634 0.4612 -0.5376 -0.7059 -0.2194 -0.9321 -0.2882 -0.2195 -0.9321 -0.2881 -0.95949 -0.0232 -0.2808 -0.95843 0.27981 -0.0558 -0.85869 -0.1107 -0.50039 -0.96811 -0.0302 0.2487 -0.95411 0.0047 0.2994 -0.80159 0.53119 0.2744 -0.78172 0.0723 0.61942 -0.95421 0.1418 -0.2634 -0.0209 -0.3624 0.93179 0.1407 -0.1625 0.97662 -0.0884 -0.97501 -0.2038 0.76939 -0.54639 0.3309 0.79571 -0.54731 0.2594 0.92734 -0.24191 0.28551 0.7183 -0.6511 -0.2452 0.6448 -0.5659 -0.5138 0.88934 -0.30891 0.33712 0.69598 -0.25939 -0.66958 -0.021 -0.3624 0.93179 0.14071 -0.16241 0.97664 -0.97747 0.18879 0.0944 0.0476 -0.55199 -0.83249 0.79951 -0.2681 0.5375 0.94607 -0.22519 0.23289 0.98693 0.0405 0.156 0.83397 -0.55098 -0.0304 0.86266 -0.14529 -0.48447 0.49069 -0.3259 0.80809 0.5145 -0.482 -0.7092 0.48421 -0.2269 -0.84502 -0.57882 -0.33621 -0.74292 -0.0331 -0.3348 -0.94171 -0.2425 -0.7987 -0.5507 -0.66599 0.2066 -0.71679 -0.75233 0.58502 0.30291 -0.63391 0.0513 -0.77171 0.0508 0.93526 -0.35029 -0.50101 -0.16 -0.85052 0.1461 -0.7541 -0.6403 -0.65189 -0.31719 -0.68879 0.29279 -0.54669 -0.78448 -0.93859 0.0418 0.3425 -0.82628 -0.1344 -0.54699 -0.809 -0.1875 0.5571 -0.90043 -0.17801 -0.39691 -0.91321 0.175 0.368 -0.1815 0.1722 0.9682 -0.1443 0.3086 0.94018 0.85369 -0.0644 -0.51679 0.97913 0.1553 0.1311 0.45109 -0.1602 -0.87798 -0.11181 -0.21341 -0.97054 0.45102 -0.16011 -0.87804 -0.1731 -0.1293 -0.97638 -0.87853 0.0159 -0.47742 -0.0803 -0.3449 -0.9352 -0.3162 -0.1558 0.93581 0.56618 0.31679 0.76098 0.58981 0.203 0.78161 0.51439 -0.48199 -0.70929 -0.8407 0.3977 0.3675 -0.76342 0.1459 -0.62921 0.0402 -0.1712 0.98442 -0.22091 0.23221 0.94725 0.1712 0.0667 0.98298 0.68651 -0.1595 0.70941 0.91022 -0.35681 -0.2102 0.53962 -0.32481 -0.77673 -0.0232 -0.2002 -0.97948 0.53958 -0.32479 -0.77677 -0.7778 -0.2904 -0.5574 -0.59847 0.33388 -0.72826 0.09 0.43009 0.89829 0.64271 0.72741 0.2404 0.76788 0.25949 0.58568 0.48971 0.1692 0.85531 0.46992 -0.51512 0.71682 0.74713 -0.45202 0.48732 0.8571 -0.4726 -0.205 0.24991 -0.96183 -0.1115 0.46739 -0.51979 -0.71509 -0.62419 -0.76369 -0.1648 0.61551 0.78051 0.1093 0.1482 0.90669 -0.3949 0.76961 0.3223 0.5512 0.3561 -0.4642 0.811 -0.15681 -0.92994 0.33261 0.24981 -0.96185 -0.11151 -0.6611 -0.74709 -0.0693 -0.76416 -0.21549 -0.60797 -0.75291 -0.2276 -0.61751 -0.68351 -0.72872 -0.0422 -0.37189 0.41949 -0.82808 -0.36998 0.41308 -0.83215 0.24809 0.78068 -0.57358 0.26939 0.77866 -0.56667 0.71099 0.69819 -0.0838 0.70411 0.70671 -0.0692 -0.2159 -0.857 0.4679 -0.23499 -0.83058 0.50489 0.8341 0.1904 0.5177 0.8131 0.1916 0.5497 0.4149 -0.4521 0.7896 0.44802 -0.47062 0.76013 -0.23489 -0.83056 0.50497 0.76208 0.1916 0.61848 0.4773 -0.4299 0.7664 0.36661 -0.46951 0.80322 0.73653 0.28951 0.61132 -0.24609 -0.81726 0.52108 -0.1824 -0.88118 0.43619 -0.2462 -0.81729 0.52099 -0.68807 -0.71897 -0.0982 -0.68699 -0.72619 0.0263 -0.1825 -0.8812 0.4361 -0.80843 -0.24271 -0.53622 -0.79341 -0.2017 -0.5743 -0.34769 0.55119 -0.75849 -0.35469 0.51009 -0.78358 0.14601 0.87843 -0.45502 0.1239 0.8119 -0.5705 0.62468 0.78028 -0.0307 0.55832 0.82493 0.0882 0.28899 0.89568 0.33799 -0.12691 0.97715 -0.17051 0.52449 0.35389 0.77438 0.48459 -0.32509 0.81209 -0.1211 -0.93558 0.33169 -0.1211 -0.93561 0.3316 -0.7237 -0.6488 -0.2352 -0.82249 -0.1045 -0.55909 -0.98352 0.1715 -0.0573 -0.43361 -0.48771 -0.75771 -0.77121 0.378 0.5122 -0.49718 0.68418 -0.53358 -0.3664 0.3698 0.85381 0.12381 0.14441 0.98174 0.70628 -0.41999 0.56989 0.3503 -0.7724 -0.5298 -0.22011 -0.33941 -0.91452 0.53899 -0.60748 -0.58349 -0.2793 -0.3867 -0.8789 0.5643 -0.5563 -0.61 -0.92332 0.1233 -0.36371 -0.88838 0.21959 -0.40319 -0.84876 0.43758 0.29688 -0.80853 0.52172 0.27221 -0.27959 0.44748 0.84946 -0.23981 0.53053 0.81304 0.61729 0.1065 0.77949 0.5898 0.0236 0.8072 0.92201 -0.3643 0.1311 0.89491 -0.41901 0.1535 -0.1573 0.4396 0.88431 -0.83141 0.45581 0.3178 0.6249 0.0434 0.7795 0.8985 -0.4352 0.0575 0.42682 -0.60033 -0.67633 0.4268 -0.60039 -0.67629 -0.40909 -0.36369 -0.83688 -0.92757 0.14639 -0.34379 -0.0753 0.59361 0.80122 -0.75969 0.6063 0.2351 0.6693 0.2031 0.7147 0.93519 -0.3487 -0.0619 0.37201 -0.49581 -0.78472 -0.44101 -0.17371 -0.88053 -0.87219 0.326 -0.3647 -0.99239 0.1227 -0.0104 -0.80431 0.3655 0.4685 -0.98807 0.1087 -0.1091 -0.4294 0.3793 0.8196 -0.37259 0.72738 0.57628 0.37038 0.23689 0.89816 0.47352 0.39262 0.78843 -0.45379 0.58489 0.67229 0.6962 -0.5805 0.4223 0.5666 -0.0182 0.82379 0.3306 0.0428 0.9428 0.80337 -0.59218 0.0626 0.2033 -0.7256 -0.6574 0.2027 -0.84539 -0.49419 -0.5564 -0.5802 -0.5948 -0.54358 -0.43329 -0.71888 -0.86101 0.46561 -0.2046 -0.9409 0.3354 -0.047 0.39089 0.1625 0.90598 -0.42441 0.58712 0.68932 0.64326 -0.69866 0.31318 0.82773 -0.47602 0.29711 0.9447 -0.2797 0.1712 0.1461 -0.75401 -0.64041 -0.47068 -0.62027 -0.62747 -0.94103 0.33471 -0.0493 -0.78175 0.60776 -0.13959 -0.26509 0.83448 0.48309 -0.32801 0.67053 0.66543 -0.94666 0.27709 0.16449 -0.24521 0.55452 0.79523 -0.87554 0.48282 0.0179 0.51451 0.30261 0.80232 0.6062 0.0645 0.7927 0.5508 0.5074 0.6627 0.68829 -0.67659 0.2617 0.87892 -0.46951 0.084 0.95957 -0.28109 -0.0149 0.26519 -0.58837 -0.76387 0.1547 -0.89169 -0.42539 0.26511 -0.58832 -0.76393 -0.476 -0.1777 -0.8613 0.1546 -0.8917 -0.4254 -0.63492 -0.55782 -0.53452 -0.63492 -0.27091 -0.72352 -0.87826 0.46508 0.11119 -0.1469 0.84843 0.50852 -0.81349 0.58069 -0.0321 -0.22411 0.65234 0.72404 0.57917 0.20209 0.78976 0.695 0.4282 0.5776 0.94515 -0.32662 -0.0037 0.8365 -0.4991 0.2262 0.17019 -0.72047 -0.67227 0.17679 -0.85177 -0.49318 -0.76098 -0.27929 -0.58558 -0.65991 -0.212 -0.72081 0.1975 -0.80139 -0.56459 0.23729 -0.67577 -0.69787 -0.84839 -0.0396 -0.52789 -0.8908 0.432 -0.1409 -0.83604 -0.0649 -0.54482 -0.85919 0.50809 -0.0603 -0.58101 0.76812 0.26911 -0.5037 0.7998 0.3265 -0.0936 0.83908 0.53589 -0.0676 0.83598 0.54459 0.69539 0.449 0.5611 0.8014 0.3172 0.5071 0.9669 -0.1233 0.2234 0.95875 -0.26441 0.10431 0.58624 -0.68215 -0.43703 0.54341 -0.69501 -0.47081 -0.31209 -0.38359 -0.86917 -0.174 -0.63351 -0.75391 -0.29509 -0.0237 -0.95517 0.65009 -0.1981 -0.73358 0.91268 -0.29359 0.28429 -0.3657 0.0254 -0.93039 0.2054 -0.1939 0.95928 -0.97973 0.1181 -0.1618 -0.6379 -0.0064 0.7701 0.5979 0.3851 0.703 0.15259 0.29938 0.94185 -0.29509 0.70337 0.64668 -0.65999 0.31899 0.68019 0.0868 0.33089 0.93967 -0.1781 0.32359 0.92928 -0.95131 0.1186 -0.2845 0.91123 -0.19611 0.36221 0.1747 -0.44541 -0.87812 -0.4634 0.317 0.82751 -0.83185 0.0052 -0.55497 0.80531 -0.1227 0.58001 0.39971 -0.44941 -0.79892 -0.144 0.35039 0.92547 -0.3211 -0.82491 0.46521 -0.71188 -0.70228 -0.0063 -0.83273 -0.26671 -0.48522 -0.5113 0.4663 -0.7219 0.1767 -0.85179 -0.49319 0.1701 -0.72049 -0.67229 -0.52352 0.62862 0.57512 -0.97226 0.21779 -0.0853 0.4508 0.2732 0.84979 0.78701 -0.54491 0.2893 0.2149 -0.88019 -0.42319 0.2148 -0.8802 -0.4232 -0.6456 -0.4961 -0.5806 -0.37632 -0.52403 -0.76405 -0.41609 -0.49929 -0.75998 0.58622 -0.68212 -0.43711 -0.99847 0.0315 -0.0454 0.36169 -0.36479 0.85797 -0.54811 -0.14 0.82461 0.91253 -0.40871 -0.0158 -0.4867 -0.0214 -0.87331 0.45338 -0.24439 -0.85716 -0.70752 -0.0917 -0.70072 0.64822 -0.16741 0.74282 -0.65953 0.25411 0.70743 0.52569 -0.55349 -0.64599 0.46732 -0.51982 -0.71513 -0.25721 -0.78654 0.56143 -0.69131 -0.72101 0.0473 -0.69568 -0.71758 0.0334 -0.25361 -0.78793 0.56112 0.3618 -0.4345 0.82481 0.3607 -0.4362 0.8244 -0.2571 -0.78651 0.56151 -0.2535 -0.7879 0.5612 0.77549 0.1878 0.60279 0.76958 0.2004 0.60629 0.66259 0.74719 -0.0517 0.64216 0.76466 -0.0541 0.1423 0.80121 -0.58121 0.1561 0.80278 -0.57548 -0.3839 0.4666 -0.79681 -0.361 0.4867 -0.79549 -0.79861 -0.2356 -0.55381 -0.79378 -0.23159 -0.56239 -0.22961 -0.89893 0.37311 -0.58499 -0.80639 -0.0867 -0.58328 -0.81107 -0.0441 -0.1973 -0.90768 0.37039 0.40381 -0.52471 0.74941 0.4383 -0.52399 0.73029 -0.2295 -0.89891 0.37321 -0.19719 -0.90766 0.37049 0.7947 0.3374 0.5046 0.81363 0.27541 0.51202 0.59617 0.80086 -0.0565 0.63212 0.77163 -0.0708 0.251 0.83179 -0.4951 0.24221 0.85654 -0.45572 -0.40079 0.45309 -0.79629 -0.3968 0.4269 -0.81259 -0.74484 -0.31102 -0.59033 -0.75752 -0.33581 -0.55982 -0.71389 -0.70019 -0.0091 -0.77743 -0.20121 -0.59592 -0.26039 -0.79068 0.55409 0.396 -0.4166 0.81831 -0.26029 -0.79066 0.55417 0.79698 0.2071 0.56739 0.682 0.7284 -0.0657 0.2059 0.79248 -0.57409 -0.37219 0.44728 -0.81327 -0.639 -0.7661 -0.069 -0.74732 -0.27141 -0.60651 -0.22381 -0.87236 0.43463 -0.22369 -0.87236 0.43468 0.44309 -0.50119 0.74329 0.84638 0.1983 0.49429 0.70883 0.69693 -0.10881 0.2921 0.77121 -0.56561 -0.37411 0.38861 -0.84203 -0.1303 -0.36351 -0.92243 -0.89131 0.2186 -0.39721 -0.89394 0.21431 -0.39362 -0.15531 -0.36152 -0.91934 0.54042 -0.53532 -0.64913 0.54338 -0.54738 -0.63648 0.92958 -0.33779 0.1476 0.92532 -0.34991 0.1461 0.53909 0.1607 0.82678 0.55987 0.14639 0.81555 -0.2134 0.51049 0.83298 -0.20591 0.49842 0.84213 -0.7844 0.5133 0.3482 -0.78901 0.52131 0.32511 -0.88688 0.22069 -0.40589 -0.1731 -0.35881 -0.91722 -0.1945 -0.355 -0.91441 -0.88926 0.21899 -0.40158 0.5543 -0.56149 -0.61439 0.54932 -0.55392 -0.62563 0.5544 -0.5615 -0.6143 0.54939 -0.55389 -0.62559 0.92321 -0.35881 0.1376 0.92075 -0.36672 0.13321 0.58214 0.13231 0.80225 0.60322 0.1191 0.78863 -0.22669 0.53118 0.81637 -0.2213 0.5197 0.82519 -0.79531 0.52371 0.3053 -0.80012 0.52851 0.28371 -0.09519 -0.37958 -0.92025 -0.90063 0.21051 -0.38021 -0.90201 0.2139 -0.375 -0.11089 -0.37058 -0.92216 0.52703 -0.52633 -0.66724 0.53671 -0.52581 -0.65991 0.527 -0.5264 -0.66721 0.93364 -0.32441 0.15191 0.93452 -0.31951 0.1568 0.49131 0.19651 0.84853 0.5148 0.1805 0.8381 -0.1973 0.49291 0.84742 -0.18799 0.49027 0.85105 -0.76562 0.51401 0.38681 -0.77621 0.51041 0.37011 -0.4322 -0.1276 -0.8927 -0.92324 0.29531 -0.24581 -0.84944 0.40522 -0.33801 -0.48689 -0.2541 -0.83569 -0.72245 0.65616 0.21799 -0.76361 0.55551 0.3291 -0.1017 0.5475 0.8306 -0.0364 0.64268 0.76527 0.63331 0.1631 0.75651 0.66161 0.281 0.69521 0.94104 -0.32251 -0.1021 0.9037 -0.4281 -0.0075 0.2836 -0.5765 -0.7663 0.331 -0.45879 -0.82459 0.28358 -0.57657 -0.76626 -0.91186 0.34289 -0.22569 -0.79888 -0.1171 -0.58998 -0.71471 0.68491 0.1417 -0.134 0.84799 0.51279 0.72457 0.41628 0.54928 0.96282 -0.23541 0.1325 0.71479 -0.61849 -0.3264 -0.1153 -0.63792 -0.76142 -0.0175 0.82237 0.56868 0.82772 0.27701 0.48801 -0.37558 0.82985 0.41267 -0.80709 0.58939 0.0349 -0.8729 -0.001 -0.4879 -0.54738 -0.41459 -0.72697 0.4508 -0.72089 -0.5264 0.45082 -0.72093 -0.52632 0.96816 -0.15499 0.19659 -0.23 -0.59501 -0.77011 -0.83517 -0.0584 -0.54688 -0.81412 -0.0966 -0.57261 -0.30759 -0.55657 -0.77176 0.6678 -0.6457 -0.3703 0.6489 -0.6544 -0.3882 0.96128 -0.24789 0.1204 0.66788 -0.64568 -0.37019 0.96519 -0.1023 0.2407 0.75681 0.3775 0.5336 0.60659 0.53409 0.58889 -0.1062 0.84358 0.52639 -0.141 0.84661 0.5132 -0.59838 0.76098 0.25069 -0.66071 0.72422 0.1974 -0.90592 0.37551 -0.1957 -0.88057 0.46078 -0.1108 -0.79833 -0.32881 -0.50452 -0.6447 -0.7641 0.0227 -0.42899 0.46539 -0.77419 0.2204 0.8759 -0.4292 0.59779 0.80149 -0.0163 0.78837 0.34879 0.50678 0.35961 -0.49701 0.78972 -0.3025 -0.8484 0.4344 -0.30261 -0.84841 0.43431 0.85869 -0.1107 -0.50039 0.95843 0.27981 -0.0558 0.95949 -0.0232 -0.2808 0.96811 -0.0302 0.2487 0.95411 0.0047 0.2994 0.80159 0.53119 0.2744 0.78172 0.0723 0.61942 0.95421 0.1418 -0.2634 0.0209 -0.3624 0.93179 -0.1407 -0.1625 0.97662 0.0884 -0.97501 -0.2038 -0.76939 -0.54639 0.3309 -0.79571 -0.54731 0.2594 -0.92734 -0.24191 0.28551 -0.7183 -0.6511 -0.2452 -0.79579 -0.5472 0.2594 -0.6448 -0.5659 -0.5138 -0.88934 -0.30891 0.33712 -0.69598 -0.25939 -0.66958 -0.14071 -0.16241 0.97664 0.97747 0.18879 0.0944 -0.0476 -0.55199 -0.83249 -0.79951 -0.2681 0.5375 -0.94607 -0.22519 0.23289 -0.0476 -0.55192 -0.83254 -0.98693 0.0405 0.156 -0.83397 -0.55098 -0.0304 -0.49069 -0.3259 0.80809 -0.86266 -0.14529 -0.48447 -0.5145 -0.482 -0.7092 -0.48421 -0.2269 -0.84502 0.57882 -0.33621 -0.74292 0.2425 -0.7987 -0.5507 0.0331 -0.3348 -0.94171 0.75228 0.58509 0.30289 0.666 0.2065 -0.7168 0.63391 0.0513 -0.77171 -0.0507 0.93527 -0.35029 -0.1461 -0.75401 -0.64041 0.50101 -0.16 -0.85052 0.65189 -0.31719 -0.68879 -0.29279 -0.54669 -0.78448 0.82633 -0.1344 -0.54692 0.93859 0.0418 0.3425 0.809 -0.1875 0.5571 0.90043 -0.17801 -0.39691 0.91321 0.175 0.368 0.1815 0.1722 0.9682 0.1443 0.3086 0.94018 -0.97913 0.1553 0.1311 -0.85369 -0.0644 -0.51679 -0.45109 -0.1602 -0.87798 -0.45101 -0.1602 -0.87802 0.11181 -0.21341 -0.97054 0.1731 -0.1293 -0.97638 0.87853 0.0159 -0.47742 0.0803 -0.3449 -0.9352 0.3162 -0.1558 0.93581 -0.56618 0.31679 0.76098 -0.58981 0.203 0.78161 -0.51439 -0.48199 -0.70929 0.8407 0.3977 0.3675 0.76342 0.1459 -0.62921 -0.0402 -0.1712 0.98442 0.22091 0.23221 0.94725 -0.1712 0.0667 0.98298 -0.68651 -0.1595 0.70941 -0.91022 -0.35681 -0.2102 -0.53962 -0.32481 -0.77673 -0.53951 -0.3248 -0.77681 0.0232 -0.2002 -0.97948 0.7778 -0.2904 -0.5574 0.59847 0.33388 -0.72826 -0.09 0.43009 0.89829 -0.64271 0.72741 0.2404 -0.48978 0.16919 0.85527 -0.76788 0.25949 0.58568 -0.46992 -0.51512 0.71682 -0.74713 -0.45202 0.48732 -0.24991 -0.96183 -0.1115 -0.85706 -0.47268 -0.20499 -0.46743 -0.51983 -0.71504 0.62419 -0.76369 -0.1648 -0.61546 0.78055 0.10929 -0.1482 0.90669 -0.3949 -0.76961 0.3223 0.5512 -0.3561 -0.4642 0.811 0.15681 -0.92994 0.33261 -0.2499 -0.96182 -0.1116 0.76416 -0.21549 -0.60797 0.6611 -0.74709 -0.0693 0.75291 -0.2276 -0.61751 0.68351 -0.72872 -0.0422 0.36998 0.41308 -0.83215 0.37189 0.41949 -0.82808 -0.24809 0.78068 -0.57358 -0.26939 0.77866 -0.56667 -0.71099 0.69819 -0.0838 -0.70411 0.70671 -0.0692 0.2159 -0.857 0.4679 0.23499 -0.83058 0.50489 -0.8341 0.1904 0.5177 -0.8131 0.1916 0.5497 -0.4149 -0.4521 0.7896 -0.44802 -0.47062 0.76013 0.23489 -0.83056 0.50497 -0.4773 -0.4299 0.7664 -0.76208 0.1916 0.61848 -0.36661 -0.46951 0.80322 -0.73653 0.28951 0.61132 0.24609 -0.81726 0.52108 0.1824 -0.88118 0.43619 0.68812 -0.71892 -0.0982 0.2462 -0.81729 0.52099 0.68689 -0.72629 0.0262 0.1825 -0.8812 0.4361 0.80843 -0.24271 -0.53622 0.79341 -0.2017 -0.5743 0.35469 0.51009 -0.78358 0.34769 0.55119 -0.75849 -0.14601 0.87843 -0.45502 -0.1239 0.8119 -0.5705 -0.62468 0.78028 -0.0307 -0.55832 0.82493 0.0882 -0.28899 0.89568 0.33799 0.1255 0.97758 -0.1691 -0.52451 0.35381 0.77441 -0.48459 -0.32509 0.81209 0.1211 -0.93558 0.33169 0.7237 -0.6488 -0.2352 0.82249 -0.1045 -0.55909 0.98352 0.1715 -0.0573 0.43361 -0.48771 -0.75771 0.77121 0.378 0.5122 0.49721 0.68421 -0.53351 0.3664 0.3698 0.85381 -0.12381 0.14441 0.98174 -0.70623 -0.42002 0.56993 -0.3503 -0.7724 -0.5298 0.22011 -0.33941 -0.91452 0.2793 -0.3867 -0.8789 -0.53899 -0.60748 -0.58349 -0.5643 -0.5563 -0.61 0.92332 0.1233 -0.36371 0.88838 0.21959 -0.40319 0.84876 0.43758 0.29688 0.80853 0.52172 0.27221 0.27799 0.44749 0.84998 0.23991 0.53051 0.81302 -0.61729 0.1065 0.77949 -0.5898 0.0235 0.8072 -0.92201 -0.3643 0.1311 -0.89495 -0.41892 0.15351 0.1573 0.4396 0.88431 0.83141 0.45581 0.3178 -0.6249 0.0434 0.7795 -0.89854 -0.43512 0.0575 -0.4268 -0.60039 -0.67629 0.40909 -0.36369 -0.83688 0.92755 0.14649 -0.34378 0.0753 0.59361 0.80122 0.75974 0.60623 0.23511 -0.6693 0.2031 0.7147 -0.93519 -0.3487 -0.0619 -0.37201 -0.49581 -0.78472 -0.37199 -0.49589 -0.78468 0.44101 -0.17371 -0.88053 0.87219 0.326 -0.3647 0.4294 0.3793 0.8196 0.99239 0.1227 -0.0104 0.80431 0.3655 0.4685 0.98807 0.1087 -0.1091 -0.37038 0.23689 0.89816 0.37259 0.72738 0.57628 -0.47352 0.39262 0.78843 0.45379 0.58489 0.67229 -0.5666 -0.0182 0.82379 -0.6962 -0.5805 0.4223 -0.3306 0.0428 0.9428 -0.80337 -0.59218 0.0626 -0.2033 -0.7256 -0.6574 -0.20279 -0.84537 -0.49418 0.5564 -0.5802 -0.5948 -0.2027 -0.84539 -0.49419 0.54349 -0.43339 -0.71888 0.86101 0.46561 -0.2046 0.9409 0.3354 -0.047 -0.39089 0.1625 0.90598 0.42441 0.58712 0.68932 -0.64326 -0.69866 0.31318 -0.82773 -0.47602 0.29711 -0.9447 -0.2797 0.1712 0.4706 -0.6203 -0.6275 0.94103 0.33471 -0.0493 0.78175 0.60776 -0.13959 0.26509 0.83448 0.48309 0.32801 0.67053 0.66543 0.94664 0.27708 0.16459 0.87554 0.48282 0.0179 0.24521 0.55452 0.79523 -0.6062 0.0645 0.7927 -0.51451 0.30261 0.80232 -0.5508 0.5074 0.6627 -0.68829 -0.67659 0.2617 -0.87892 -0.46951 0.084 -0.95957 -0.28109 -0.0149 -0.26519 -0.58837 -0.76387 -0.1547 -0.89169 -0.42539 -0.26511 -0.58832 -0.76393 0.476 -0.1777 -0.8613 -0.1546 -0.8917 -0.4254 0.63492 -0.55782 -0.53452 0.63492 -0.27091 -0.72352 0.87826 0.46508 0.11119 0.81349 0.58069 -0.0321 0.1469 0.84843 0.50852 0.2241 0.65229 0.72409 -0.5791 0.2021 0.78981 -0.695 0.4282 0.5776 -0.94515 -0.32662 -0.0037 -0.83646 -0.49918 0.22619 -0.1701 -0.72049 -0.67229 -0.17679 -0.85177 -0.49318 0.76098 -0.27929 -0.58558 0.65991 -0.212 -0.72081 -0.23729 -0.67577 -0.69787 -0.1975 -0.80139 -0.56459 0.84839 -0.0396 -0.52789 0.83604 -0.0649 -0.54482 0.8908 0.432 -0.1409 0.85919 0.50809 -0.0603 0.58101 0.76812 0.26911 0.5037 0.7998 0.3265 0.0676 0.83598 0.54459 0.0936 0.83908 0.53589 -0.69539 0.449 0.5611 -0.80142 0.31711 0.50711 -0.9669 -0.1233 0.2234 -0.95875 -0.26441 0.10431 -0.58622 -0.68212 -0.43711 -0.54341 -0.69501 -0.47081 0.312 -0.3836 -0.8692 0.174 -0.63351 -0.75391 0.29509 -0.0237 -0.95517 -0.6501 -0.198 -0.7336 -0.91268 -0.29359 0.28429 0.3657 0.0254 -0.93039 -0.2054 -0.1939 0.95928 0.97973 0.1181 -0.1618 0.6379 -0.0064 0.7701 -0.5979 0.3851 0.703 -0.15259 0.29938 0.94185 0.29509 0.70337 0.64668 0.66003 0.31902 0.68014 -0.0868 0.33089 0.93967 0.1781 0.32359 0.92928 0.95132 0.1185 -0.28451 -0.91125 -0.19601 0.36222 -0.17459 -0.44538 -0.87816 -0.1747 -0.44541 -0.87812 0.4634 0.317 0.82751 0.83185 0.0052 -0.55497 -0.80531 -0.1227 0.58001 -0.39971 -0.44941 -0.79892 -0.39981 -0.44931 -0.79892 0.14409 0.35038 0.92546 0.3211 -0.82491 0.46521 0.71188 -0.70228 -0.0063 0.83273 -0.26671 -0.48522 0.5113 0.4663 -0.7219 -0.1767 -0.85172 -0.49331 0.52369 0.62869 0.57489 0.97226 0.21779 -0.0853 -0.4508 0.2732 0.84979 -0.78701 -0.54491 0.2893 -0.2148 -0.8802 -0.4232 -0.2149 -0.88019 -0.42319 0.6456 -0.4961 -0.5806 0.37632 -0.52403 -0.76405 0.41609 -0.49929 -0.75998 -0.36172 -0.36482 0.85794 0.99847 0.0315 -0.0454 0.54804 -0.14001 0.82465 -0.91249 -0.4088 -0.0158 0.4867 -0.0213 -0.87331 -0.45338 -0.24439 -0.85716 -0.36169 -0.36479 0.85797 0.65953 0.25411 0.70743 -0.64822 -0.16741 0.74282 0.70747 -0.0917 -0.70077 -0.52559 -0.55359 -0.64599 -0.52569 -0.55349 -0.64599 -0.46732 -0.51982 -0.71513 0.69131 -0.72101 0.0473 0.2571 -0.7866 0.5614 0.69568 -0.71758 0.0334 0.25361 -0.78793 0.56112 0.2571 -0.78651 0.56151 0.2535 -0.7879 0.5612 -0.3607 -0.4362 0.8244 -0.3618 -0.4345 0.82481 -0.77549 0.1878 0.60279 -0.76958 0.2004 0.60629 -0.64216 0.76466 -0.0541 -0.66259 0.74719 -0.0517 -0.1423 0.80121 -0.58121 -0.1561 0.80278 -0.57548 0.3839 0.4666 -0.79681 0.361 0.4867 -0.79549 0.79857 -0.23559 -0.55388 0.79378 -0.23159 -0.56239 0.58499 -0.80639 -0.0867 0.22961 -0.89893 0.37311 0.58328 -0.81107 -0.0441 0.1973 -0.90768 0.37039 0.2295 -0.89891 0.37321 0.19719 -0.90766 0.37049 -0.4383 -0.52399 0.73029 -0.40381 -0.52471 0.74941 -0.7947 0.3374 0.5046 -0.81363 0.27541 0.51202 -0.63212 0.77163 -0.0708 -0.59617 0.80086 -0.0565 -0.251 0.83179 -0.4951 -0.24221 0.85654 -0.45572 0.40079 0.45309 -0.79629 0.3968 0.4269 -0.81259 0.74488 -0.31099 -0.59028 0.75752 -0.33581 -0.55982 0.71389 -0.70019 -0.0091 0.77743 -0.20121 -0.59592 0.26039 -0.79068 0.55409 0.2603 -0.7907 0.5541 -0.396 -0.4166 0.81831 -0.79698 0.2071 0.56739 -0.682 0.7284 -0.0657 -0.2059 0.79248 -0.57409 0.37219 0.44728 -0.81327 0.639 -0.7661 -0.069 0.7473 -0.2715 -0.6065 0.22379 -0.87238 0.43459 0.2238 -0.87232 0.43471 -0.44309 -0.50119 0.74329 -0.84638 0.1983 0.49429 -0.70888 0.69688 -0.1088 -0.2921 0.77121 -0.56561 0.37411 0.38861 -0.84203 0.89131 0.2186 -0.39721 0.1303 -0.36351 -0.92243 0.89394 0.21431 -0.39362 0.15531 -0.36152 -0.91934 -0.54039 -0.53529 -0.64919 -0.54338 -0.54738 -0.63648 -0.54042 -0.53532 -0.64913 -0.92958 -0.33779 0.1476 -0.92532 -0.34991 0.1461 -0.55987 0.14639 0.81555 -0.53909 0.1607 0.82678 0.2134 0.51049 0.83298 0.20591 0.49842 0.84213 0.7844 0.5133 0.3482 0.78901 0.52131 0.32511 0.88688 0.22069 -0.40589 0.1731 -0.35881 -0.91722 0.88924 0.21901 -0.40162 0.1945 -0.355 -0.91441 -0.5543 -0.56149 -0.61439 -0.54939 -0.55389 -0.62559 -0.5544 -0.5615 -0.6143 -0.92321 -0.35881 0.1376 -0.92075 -0.36672 0.13321 -0.60322 0.1191 0.78863 -0.58214 0.13231 0.80225 0.22669 0.53118 0.81637 0.2213 0.5197 0.82519 0.79531 0.52371 0.3053 0.80012 0.52851 0.28371 0.90064 0.21041 -0.38022 0.09519 -0.37958 -0.92025 0.90201 0.2139 -0.375 0.11089 -0.37058 -0.92216 -0.527 -0.5264 -0.66721 -0.53671 -0.52581 -0.65991 -0.93364 -0.32441 0.15191 -0.93452 -0.31951 0.1568 -0.5148 0.1805 0.8381 -0.49131 0.19651 0.84853 0.1973 0.49291 0.84742 0.18799 0.49027 0.85105 0.76562 0.51401 0.38681 0.77621 0.51041 0.37011 0.4322 -0.1276 -0.8927 0.92324 0.29531 -0.24581 0.48689 -0.2541 -0.83569 0.84944 0.40522 -0.33801 0.72245 0.65616 0.21799 0.76361 0.55551 0.3291 0.1017 0.5475 0.8306 0.0364 0.64268 0.76527 -0.6333 0.1632 0.7565 -0.66161 0.281 0.69521 -0.94104 -0.32251 -0.1021 -0.9037 -0.4281 -0.0075 -0.28358 -0.57657 -0.76626 -0.331 -0.45879 -0.82459 -0.2836 -0.5765 -0.7663 0.79888 -0.1171 -0.58998 0.91189 0.3428 -0.2257 0.71471 0.68491 0.1417 0.134 0.84799 0.51279 -0.7246 0.4162 0.5493 -0.96282 -0.23541 0.1325 -0.71479 -0.61849 -0.3264 0.1153 -0.63792 -0.76142 -0.82762 0.27711 0.48811 0.0175 0.82237 0.56868 0.37561 0.82981 0.41271 0.80709 0.58939 0.035 0.8729 -0.001 -0.4879 0.54721 -0.41421 -0.72732 -0.4508 -0.72089 -0.5264 -0.45088 -0.72086 -0.52637 -0.96816 -0.15499 0.19659 0.23 -0.59501 -0.77011 0.83517 -0.0584 -0.54688 0.30759 -0.55657 -0.77176 0.81412 -0.0966 -0.57261 -0.6678 -0.6457 -0.3703 -0.6489 -0.6544 -0.3882 -0.6679 -0.6456 -0.3703 -0.96128 -0.24789 0.1204 -0.96519 -0.1023 0.2407 -0.75681 0.3775 0.5336 -0.60659 0.53409 0.58889 0.1062 0.84358 0.52639 0.141 0.84661 0.5132 0.59838 0.76098 0.25069 0.66071 0.72422 0.1974 0.88057 0.46078 -0.1108 0.90592 0.37551 -0.1957 0.79833 -0.32881 -0.50452 0.6447 -0.7641 0.0227 0.42899 0.46539 -0.77419 -0.2204 0.8759 -0.4292 -0.59779 0.80149 -0.0163 -0.78837 0.34879 0.50678 -0.35961 -0.49701 0.78972 0.3025 -0.8484 0.4344 0.30261 -0.84841 0.43431 0.41351 -0.91032 -0.0183 0.5016 -0.86399 0.0438 0.5062 -0.8613 0.0439 0.47637 -0.87835 0.0397 -0.90677 -0.41899 0.047 -0.90193 -0.43051 0.0344 -0.54199 0.83958 -0.0368 -0.54051 0.84051 -0.0373 -0.5576 0.8291 -0.0409 -0.85626 -0.50228 0.12059 -0.53811 0.84202 -0.0378 -0.85882 -0.51041 0.0437 -0.76632 -0.39651 -0.50551 -0.57462 0.79433 -0.19711 -0.4441 -0.3537 -0.82321 -0.54949 0.83148 -0.0819 -0.50501 0.85892 -0.085 -0.0956 -0.26299 -0.96005 -0.50849 0.85548 -0.098 -0.0783 -0.2347 -0.96891 -0.51111 0.85422 -0.0953 -0.1911 -0.0134 -0.98148 -0.50152 0.86333 -0.056 -0.0951 0.35941 -0.92832 -0.16541 0.40542 -0.89904 -0.4997 0.86469 -0.0511 -0.4974 0.8656 -0.0577 -0.0542 0.29979 -0.95246 -0.48819 0.86919 -0.0786 0.40819 0.26069 -0.87488 0.22401 0.24751 -0.94263 -0.48641 0.87062 -0.0736 -0.46532 0.87774 -0.11421 0.32739 0.1165 -0.93768 -0.46551 0.87392 -0.1399 0.42912 0.19591 -0.88174 -0.45239 0.88569 -0.1044 0.58861 0.32431 -0.74051 0.36902 0.39812 -0.83984 -0.4563 0.8858 -0.0846 0.5525 0.4984 -0.66809 -0.42719 0.88647 -0.17799 0.82877 0.51788 0.21199 0.71551 0.69841 0.0161 -0.2319 0.9723 0.0291 -0.42151 0.90592 -0.0406 -0.46519 0.88517 0.0085 0.59742 0.48371 0.63962 -0.41032 0.91064 0.0487 0.59161 0.3216 0.73931 0.58463 -0.17661 0.79184 -0.46609 0.88428 0.0283 -0.44188 0.89326 0.0826 0.59949 -0.1386 0.78829 0.5441 -0.4724 0.6934 -0.4631 0.88449 0.0567 -0.45781 0.88401 0.0945 0.57782 -0.38431 0.72002 0.047 0.30891 -0.94993 -0.497 0.86541 -0.0637 0.64471 0.52011 0.56021 -0.38772 0.92044 0.0496 0.584 0.3583 -0.7284 -0.42101 0.89602 -0.1411 0.55917 0.59007 -0.58237 -0.4404 0.8932 -0.0908 -0.43219 0.89897 -0.0712 0.71571 0.56661 -0.40831 0.7164 0.6502 -0.253 -0.3759 0.925 -0.0554 0.726 0.6802 -0.1012 -0.4452 0.89389 -0.0525 0.75183 0.46212 0.47032 -0.43352 0.90114 0.004 -0.54059 0.84048 -0.0368 -0.90412 -0.42171 0.0687 -0.5459 0.835 -0.069 -0.81917 -0.42259 -0.38779 0.51918 -0.44088 0.73217 -0.4535 0.88391 0.1142 -0.53542 0.84203 -0.0656 -0.51298 0.85756 -0.0379 -0.84823 -0.17201 -0.50092 -0.9184 -0.392 -0.0537 0.54399 -0.47239 0.69349 0.49548 -0.86837 0.0206 0.49712 -0.86724 0.0277 0.51913 -0.44083 0.73224 0.4992 -0.86581 0.0343 0.57778 -0.38428 0.72007 0.50272 -0.86323 0.046 0.50388 -0.86246 0.0477 0.59943 -0.13861 0.78834 0.52238 -0.84977 0.0707 0.53204 -0.84346 0.0743 0.62677 -0.76457 0.15029 0.64467 0.52008 0.56028 0.82872 0.51791 0.21211 0.57191 -0.81561 0.0877 0.7778 -0.6193 0.1072 0.75179 0.4622 0.4703 0.64912 -0.75963 0.0401 0.72759 -0.68599 0.0043 0.72596 0.68026 -0.10109 0.60412 -0.79683 0.0104 0.60588 -0.79538 -0.0166 0.71567 0.56668 -0.40828 0.5591 0.5901 -0.5824 0.60749 -0.79229 -0.0569 0.56737 -0.82265 -0.0366 0.59249 -0.79119 -0.1516 0.5466 -0.83711 -0.0219 0.58356 -0.80895 -0.0711 0.52879 -0.84829 -0.028 0.4292 0.1959 -0.88171 0.52751 -0.84732 -0.0615 0.40812 0.26061 -0.87494 0.5144 -0.85719 -0.0249 0.2241 0.2475 -0.94261 0.51361 -0.85802 0.0025 0.0469 0.30879 -0.94997 0.5086 -0.8608 -0.019 -0.054 0.29979 -0.95248 0.50659 -0.86069 -0.0508 -0.1655 0.40541 -0.89903 0.50401 -0.86172 -0.0585 -0.095 0.35929 -0.92838 0.51152 -0.85673 -0.0661 0.49151 -0.86843 -0.0652 -0.191 -0.0134 -0.9815 0.49428 -0.86927 0.0075 -0.0783 -0.2348 -0.96889 -0.0954 -0.26299 -0.96007 0.49381 -0.86952 0.0087 -0.44402 -0.35372 -0.82324 0.42201 -0.90363 -0.0732 0.44589 -0.89508 -0.0026 -0.76629 -0.39659 -0.50549 -0.8192 -0.4226 -0.3877 0.45271 -0.89162 0.0084 0.4482 -0.8931 0.0385 0.46218 -0.88586 0.0406 -0.85877 -0.51048 0.0438 -0.90413 -0.42171 0.0686 0.44938 -0.89227 0.0437 0.44152 -0.89624 0.0426 0.4419 -0.89609 0.0418 -0.90199 -0.43039 0.0344 -0.90678 -0.41899 0.0469 -0.91839 -0.392 -0.0538 -0.48918 0.87157 -0.0327 -0.49771 0.86672 -0.0327 0.4429 -0.8956 0.0417 0.4445 -0.8948 0.0418 -0.90109 -0.4325 0.0313 -0.90362 -0.42721 0.031 -0.9011 -0.4325 0.0312 -0.53819 0.84199 -0.0375 -0.90358 -0.42729 0.031 -0.53698 0.84276 -0.0375 0.44818 -0.89296 0.0418 -0.91168 -0.40979 0.0302 -0.91163 -0.40991 0.0302 -0.53189 0.84599 -0.0374 0.6531 0.5041 0.5651 0.54901 -0.83161 0.0837 -0.45989 0.88797 -0.0033 0.65319 0.50399 0.56509 0.50178 -0.86407 0.0399 0.50252 -0.86363 0.0403 0.50201 -0.86382 0.0425 0.49982 -0.86523 0.0395 0.50032 -0.86493 0.0396 0.45177 -0.89105 0.044 -0.45851 0.88812 0.0317 0.62328 -0.0223 0.78168 0.5094 -0.8587 0.0561 0.51889 -0.85198 0.0699 0.60907 0.14109 0.78046 0.60912 0.1411 0.78042 -0.45382 0.89053 0.0317 0.49869 -0.86598 0.0372 0.49669 -0.86719 0.0357 0.49739 -0.86649 0.0424 0.49941 -0.86572 0.0335 0.49933 -0.86575 0.0338 0.49992 -0.86543 0.0335 -0.49721 0.86692 -0.035 -0.49932 0.86564 -0.0366 -0.49899 0.86579 -0.0377 -0.49781 0.86651 -0.0367 -0.49817 0.86625 -0.0379 -0.4965 0.8672 -0.038 -0.49919 0.86569 -0.0372 -0.49939 0.86558 -0.0373 -0.4997 0.86541 -0.037 -0.50021 0.86511 -0.037 -0.50072 0.86483 -0.0367 -0.5006 0.86489 -0.0369 -0.50102 0.86464 -0.0372 -0.50089 0.86469 -0.0376 -0.50022 0.86493 -0.041 -0.50061 0.86471 -0.0408 -0.50078 0.86457 -0.0416 -0.5003 0.86489 -0.0408 -0.50061 0.86452 -0.0447 -0.50099 0.86428 -0.0451 -0.50079 0.86438 -0.0453 -0.50009 0.86499 -0.0412 -0.50019 0.86489 -0.0421 -0.50078 0.86477 -0.0372 -0.50098 0.86466 -0.0372 -0.5008 0.86439 -0.045 -0.5001 0.865 -0.0409 -0.49999 0.86498 -0.0426 -0.5004 0.86499 -0.0373 -0.50083 0.86474 -0.0373 -0.50039 0.86499 -0.0375 -0.5007 0.86479 -0.0379 -0.50001 0.86522 -0.0372 -0.49981 0.86532 -0.0374 -0.50129 0.86449 -0.0369 -0.4659 0.88479 -0.0092 -0.50093 0.86435 -0.0443 -0.501 0.8643 -0.0446 -0.49982 0.86513 -0.0417 -0.49981 0.86512 -0.0419 -0.49962 0.86513 -0.044 -0.49941 0.86522 -0.0446 -0.49972 0.86533 -0.0385 -0.50042 0.86493 -0.0385 -0.50022 0.86503 -0.0389 -0.49999 0.86519 -0.0381 -0.49941 0.86553 -0.0381 -0.49917 0.86565 -0.0384 -0.49858 0.86567 -0.045 -0.50001 0.86512 -0.0393 -0.53591 0.84352 -0.0358 -0.49952 0.86543 -0.039 -0.49882 0.86583 -0.0389 -0.49742 0.86664 -0.0387 -0.50081 0.86442 -0.0444 -0.50002 0.86503 -0.0413 -0.49983 0.86504 -0.0433 -0.50019 0.86509 -0.0378 -0.5005 0.8649 -0.0382 -0.49961 0.86542 -0.0378 -0.50042 0.86484 -0.0404 -0.50131 0.86432 -0.0406 -0.50109 0.86448 -0.0399 -0.5009 0.8646 -0.0397 -0.49953 0.86525 -0.0426 -0.50357 0.86295 -0.0417 0.49901 -0.86591 0.0345 0.49932 -0.86563 0.037 0.54181 -0.83701 0.0765 0.49869 -0.86578 0.0416 0.49881 -0.86591 0.0372 0.49861 -0.86602 0.0373 0.49822 -0.86614 0.0398 0.49809 -0.86618 0.0405 0.49958 -0.86526 0.0418 0.4992 -0.86549 0.0415 0.5 -0.865 0.0421 0.49901 -0.86562 0.0411 0.49831 -0.86612 0.039 0.4984 -0.86621 0.0358 0.49939 -0.86539 0.0414 0.49928 -0.86547 0.0411 0.499 -0.8659 0.0348 0.49839 -0.86609 0.0386 0.4994 -0.86539 0.0412 0.49909 -0.86558 0.0409 0.4986 -0.86599 0.0382 0.4994 -0.8654 0.0409 0.49917 -0.86555 0.0406 0.49952 -0.86534 0.0407 0.49929 -0.86549 0.0405 0.4988 -0.8659 0.0377 0.4996 -0.8653 0.0406 0.4993 -0.86549 0.0403 0.49893 -0.86585 0.0371 0.49968 -0.86526 0.0405 0.49941 -0.86543 0.0403 0.49968 -0.86527 0.0403 0.5004 -0.86481 0.0413 0.5 -0.8651 0.04 0.49981 -0.86522 0.0399 0.49962 -0.86533 0.0398 0.50131 -0.86432 0.0405 0.50161 -0.86411 0.0413 -0.50141 0.86422 -0.0413 0.49819 -0.86608 0.0413 0.65172 0.51682 0.55512 0.65169 0.51689 0.55509 0.50072 -0.86463 0.0412 0.50052 -0.86473 0.0416 0.4998 -0.8652 0.0403 0.49961 -0.86532 0.0402 0.49993 -0.86514 0.04 0.4995 -0.86539 0.04 0.49928 -0.86566 0.0367 -0.50289 0.86358 -0.0364 -0.50229 0.86388 -0.0375 -0.50182 0.86403 -0.0403 -0.5021 0.86391 -0.0395 -0.50138 0.86427 -0.0407 -0.50128 0.86427 -0.0419 -0.50099 0.86439 -0.0428 -0.5007 0.86451 -0.0439 -0.50022 0.86474 -0.0447 -0.49928 0.86527 -0.0451 0.49917 -0.86566 0.0383 -0.49991 0.86492 -0.0448 0.5008 -0.86491 0.0337 0.5006 -0.865 0.0344 0.50039 -0.86509 0.035 0.50019 -0.86518 0.0356 0.50003 -0.86525 0.0362 0.4999 -0.8653 0.0367 0.4997 -0.8654 0.0373 0.4995 -0.86549 0.0378 0.49941 -0.86552 0.0383 0.49897 -0.86575 0.0389 0.49971 -0.86542 0.0364 0.49981 -0.86532 0.0374 0.49981 -0.86532 0.0376 0.49989 -0.86528 0.0375 0.50002 -0.86523 0.0369 0.50001 -0.86522 0.0372 0.50009 -0.86519 0.0369 0.50022 -0.86513 0.0364 0.50021 -0.86512 0.0367 0.50042 -0.86503 0.036 -0.9094 -0.4073 0.0842 -0.9094 -0.4073 0.0843 -0.5006 0.86491 -0.0365 -0.4993 0.86561 -0.0377 -0.49899 0.86578 -0.0379 -0.49859 0.86599 -0.0383 -0.49812 0.86623 -0.0389 0.50022 -0.86493 0.0409 0.50037 -0.86486 0.0406 0.50041 -0.86482 0.041 0.501 -0.8645 0.0405 0.50089 -0.86458 0.0401 0.50057 -0.86475 0.0404 0.50121 -0.86442 0.0397 0.49978 -0.86517 0.0412 0.4994 -0.8654 0.041 0.49979 -0.86518 0.041 0.49952 -0.86533 0.041 0.49948 -0.86536 0.0408 0.49999 -0.86508 0.0407 0.50003 -0.86505 0.0406 0.50019 -0.86498 0.0403 0.49992 -0.86514 0.0402 0.50051 -0.86481 0.04 0.5002 -0.86499 0.0399 0.5 -0.8651 0.0401 0.50082 -0.86464 0.0396 0.5001 -0.865 0.041 0.50021 -0.86491 0.0414 0.49983 -0.86515 0.041 0.49991 -0.86512 0.0408 0.5001 -0.865 0.0408 0.5003 -0.8649 0.0407 0.5003 -0.86489 0.0408 -0.50091 0.86471 -0.0369 -0.50037 0.86486 -0.0406 -0.50069 0.86469 -0.0402 -0.50212 0.86394 -0.0384 -0.45709 0.88757 0.0573 0.60278 -0.30919 0.73557 0.50008 -0.86506 0.0398 0.49959 -0.86528 0.0412 0.50069 -0.86468 0.0406 0.50049 -0.86478 0.0409 0.5005 -0.86479 0.0405 -0.5062 0.8624 -0.0054 -0.4978 0.8665 -0.0372 -0.49911 0.86651 -0.0068 -0.49662 0.86724 -0.0356 -0.50481 0.86321 -0.0064 -0.49859 0.86598 -0.0385 -0.49898 0.86576 -0.0384 -0.50971 0.85811 0.062 -0.50328 0.86396 0.0168 -0.50172 0.86503 0.0022 -0.49932 0.86553 -0.0393 -0.5002 0.86589 -0.006 -0.49978 0.86527 -0.0391 -0.4985 0.8668 -0.0126 -0.49892 0.86573 -0.0398 -0.49812 0.86693 -0.0176 -0.49968 0.86527 -0.0402 -0.49563 0.86835 -0.0182 -0.49999 0.86509 -0.0403 -0.4974 0.8673 -0.0195 -0.50001 0.86511 -0.0396 -0.49107 0.87035 -0.0365 -0.47971 0.87743 -0.0004 0.49829 -0.86608 0.0402 0.47577 -0.87955 0.0059 0.48072 -0.87683 0.0086 0.49952 -0.86523 0.0431 0.50179 -0.86408 0.0396 0.5021 -0.8639 0.0396 0.50179 -0.86408 0.0397 0.50152 -0.86423 0.0397 0.49872 -0.86584 0.0399 0.49931 -0.86551 0.0398 0.49979 -0.86528 0.0389 0.46378 -0.88577 -0.0178 0.47492 -0.88003 0.0002 0.50001 -0.86512 0.0394 0.49943 -0.86545 0.0397 0.49899 -0.86569 0.0399 0.50051 -0.86482 0.0398 0.50058 -0.86477 0.0399 0.5014 -0.86431 0.0396 0.50172 -0.86413 0.0396 0.49863 -0.86665 0.0168 0.49888 -0.86576 0.0398 0.4955 -0.8686 -0.003 0.5 -0.8613 0.0904 -0.103 -0.0212 0.99446 0.0663 0.1768 0.98201 0.49061 -0.86842 0.0718 -0.1777 -0.122 0.97649 0.49163 -0.86804 0.0693 -0.13949 -0.1329 0.98126 0.4965 -0.8654 0.0676 -0.0935 -0.0934 0.99123 0.4881 -0.8637 0.1256 -0.0722 -0.0404 0.99657 0.49232 -0.86583 0.0892 -0.0291 -0.0422 0.99869 0.49742 -0.86423 0.0754 0.50082 -0.86293 0.0674 0.0281 -0.055 0.99809 0.50072 -0.86314 0.0653 0.0418 0.0259 0.99879 0.50181 -0.86251 0.0653 0.0317 0.15339 0.98766 0.50252 -0.86203 0.0662 0.0435 0.2396 0.9699 0.50372 -0.86134 0.066 0.1215 0.2304 0.96548 0.26329 0.17799 0.94816 0.50952 -0.85743 0.0721 0.29499 0.21029 0.93207 0.50677 -0.85935 0.0685 0.53669 -0.83618 0.113 0.38592 0.29871 0.87283 0.52262 -0.84764 0.0915 0.44149 0.3004 0.84549 0.62821 0.35011 0.69482 0.52662 0.31311 0.79033 0.51609 -0.85369 0.0698 0.52161 -0.85051 0.0675 0.52751 -0.84942 0.0144 0.68502 -0.70472 -0.18471 0.68288 0.35749 -0.63708 0.63981 0.32461 -0.69661 0.4177 0.2833 -0.86329 0.54078 -0.83887 -0.062 0.50919 -0.86058 -0.0111 0.0824 0.32761 -0.94121 0.34831 0.32341 -0.87982 0.51178 -0.85907 -0.0082 0.51752 -0.85564 -0.0074 0.51109 -0.85939 0.0153 0.53239 -0.0436 -0.84538 0.66138 -0.0158 -0.74988 0.5589 -0.826 -0.0731 0.2517 0.5473 -0.79819 0.48211 0.27441 -0.83203 0.52541 -0.85082 -0.0073 0.54799 -0.83538 -0.0429 0.37101 0.27901 -0.88572 0.35241 0.48211 -0.80211 0.5282 -0.849 -0.014 0.58768 -0.29379 -0.75387 0.50172 -0.86473 0.0229 0.39491 -0.32421 -0.85962 0.0527 -0.2697 -0.9615 0.48201 -0.87612 -0.0085 -0.25312 -0.63284 -0.73174 -0.19119 -0.54557 -0.81596 0.48498 -0.87446 0.0103 -0.3562 -0.5327 -0.7677 0.48643 -0.87356 0.0169 0.4731 -0.881 -0.0028 -0.52422 -0.26371 -0.80973 -0.57739 -0.1411 -0.80418 -0.63279 -0.0381 -0.77339 0.46831 -0.88351 -0.0096 -0.61673 -0.0997 -0.78084 0.46628 -0.88446 -0.0177 -0.49781 -0.31151 -0.80941 -0.46622 -0.33171 -0.82013 -0.57732 -0.23041 -0.78333 0.48969 -0.87188 0.0045 -0.69748 -0.0927 -0.71058 0.5424 -0.83681 0.0745 0.91601 0.39251 0.0828 0.76383 0.38472 0.51822 0.58808 -0.80687 0.0558 0.87077 0.35259 -0.34269 0.55881 -0.82871 -0.0313 0.73932 0.32701 -0.58862 0.58578 -0.81047 -0.002 0.62469 -0.1079 -0.77338 0.5812 -0.8052 -0.1177 0.44462 0.53922 -0.71523 0.51892 -0.85464 0.0176 0.52809 -0.84219 -0.1088 0.2821 0.1051 -0.95361 0.0137 0.29829 -0.95438 0.5263 -0.8496 -0.0344 0.5013 0.3559 -0.78869 0.54879 -0.83458 -0.0481 0.50909 -0.85938 0.0478 -0.69738 -0.0927 -0.71068 -0.5164 0.8538 -0.066 -0.57731 -0.2305 -0.78331 -0.51779 0.85339 -0.0601 -0.51371 0.85522 -0.0685 -0.53047 0.84295 -0.0896 -0.49772 -0.31161 -0.80943 -0.51981 0.85132 -0.0711 -0.51552 0.85383 -0.0722 -0.63273 -0.0382 -0.77343 -0.51561 0.85431 -0.0656 -0.51979 0.85059 -0.0795 -0.5242 -0.2638 -0.8097 -0.35629 -0.53279 -0.76759 -0.5193 0.85111 -0.0771 -0.53472 0.83863 -0.1038 -0.2531 -0.6329 -0.7317 -0.19109 -0.54559 -0.81598 -0.5482 0.82119 -0.1585 0.39489 -0.3243 -0.85959 -0.50742 0.84813 -0.15231 -0.49032 0.86543 -0.103 0.0527 -0.26979 -0.96148 0.58771 -0.2939 -0.75381 -0.48319 0.87097 -0.0891 -0.3372 0.89481 -0.2926 -0.47622 0.87483 -0.0888 -0.47101 0.87781 -0.0872 0.3711 0.279 -0.88569 0.35239 0.48199 -0.80219 0.4447 0.5392 -0.7152 -0.49059 0.86979 -0.0528 0.25179 0.54728 -0.79817 -0.48918 0.86976 -0.0649 0.4822 0.2743 -0.83201 -0.4262 0.89231 -0.1488 -0.47661 0.87642 -0.0688 0.66149 -0.0158 -0.74979 -0.479 0.87319 -0.09 0.0138 0.29829 -0.95437 0.28211 0.105 -0.95362 -0.47998 0.86546 -0.14349 -0.47831 0.87042 -0.1166 -0.48368 0.87197 -0.0757 -0.49272 0.86743 -0.0692 0.34832 0.32332 -0.87985 -0.45009 0.88639 -0.1083 0.50139 0.35579 -0.78868 0.41779 0.28319 -0.86328 -0.25809 0.92867 -0.26639 -0.44652 0.88525 -0.13021 0.68291 0.3574 -0.63711 -0.47401 0.87852 -0.0593 -0.42451 0.89902 -0.1075 0.7393 0.3269 -0.5887 -0.38418 0.91966 -0.0814 0.8708 0.3525 -0.3427 0.91607 0.39239 0.0828 -0.3808 0.92449 -0.0174 0.7639 0.3846 0.5182 -0.44369 0.89618 0.0021 -0.47148 0.88186 -0.0065 -0.47621 0.87932 -0.0052 0.5267 0.3131 0.79029 0.62828 0.35009 0.69477 -0.4555 0.88951 0.036 -0.47532 0.87973 0.0119 0.44161 0.30041 0.84542 -0.49089 0.87119 -0.0076 0.26341 0.17791 0.94814 0.295 0.2102 0.93209 -0.49279 0.87007 -0.0115 0.1215 0.2303 0.9655 0.0318 0.1533 0.98767 0.0419 0.0259 0.99879 0.0281 -0.0551 0.99809 -0.029 -0.0423 0.99868 -0.0721 -0.0404 0.99658 -0.0935 -0.0935 0.99122 -0.13949 -0.13299 0.98125 -0.1776 -0.1221 0.9765 -0.10301 -0.0213 0.99445 0.0664 0.1768 0.982 0.50508 -0.86057 0.0657 0.21529 0.1865 0.95858 0.21539 0.18639 0.95857 -0.4942 0.8692 -0.016 0.31722 0.25562 0.91325 0.5129 -0.8549 0.078 0.31729 0.25549 0.91327 -0.48739 0.87318 -0.0023 -0.50009 0.86509 -0.0392 -0.5006 0.8648 -0.039 -0.50091 0.86461 -0.0393 -0.50141 0.86432 -0.0392 -0.4986 0.86609 -0.0358 -0.4994 0.86559 -0.0368 -0.50189 0.86428 -0.0336 0.4972 -0.8667 0.0402 0.49772 -0.86643 0.0397 0.50052 -0.86484 0.0391 0.4973 -0.86669 0.0392 0.50021 -0.86501 0.0394 0.49668 -0.86697 0.0409 0.49981 -0.86531 0.0378 0.49008 -0.87077 0.0398 0.49578 -0.86747 0.0413 -0.49981 0.86541 -0.0355 -0.50161 0.86431 -0.0368 -0.49999 0.86518 -0.0383 -0.50001 0.86512 -0.0395 -0.50231 0.86382 -0.0388 -0.50033 0.86495 -0.0392 -0.50191 0.86402 -0.0393 -0.50149 0.86428 -0.0391 -0.5004 0.8649 -0.0393 -0.5016 0.86419 -0.0396 -0.50081 0.86462 -0.0403 -0.50089 0.86458 -0.0401 -0.5021 0.8639 -0.0396 -0.49841 0.86601 -0.0402 -0.49872 0.86583 -0.0402 -0.4967 0.867 -0.0399 -0.49701 0.86682 -0.0399 -0.4985 0.866 -0.0393 -0.49919 0.86559 -0.0395 -0.49869 0.86589 -0.0392 -0.49649 0.86718 -0.0388 -0.4996 0.8654 -0.0384 -0.4989 0.8658 -0.0386 0.49781 -0.86632 0.0408 0.49679 -0.86688 0.0414 0.49942 -0.86553 0.038 0.49418 -0.86846 0.0395 0.49908 -0.86566 0.0393 0.49888 -0.86577 0.0394 0.49931 -0.86552 0.0395 0.49873 -0.86585 0.0396 0.49939 -0.86548 0.0393 0.49932 -0.86553 0.0393 0.49963 -0.86535 0.0393 0.50059 -0.86478 0.0396 0.5002 -0.86501 0.0395 0.50039 -0.86488 0.0398 0.50031 -0.86492 0.0399 0.50141 -0.86431 0.0395 0.50071 -0.86471 0.0396 0.50032 -0.86493 0.0398 0.49959 -0.86538 0.039 0.49822 -0.86613 0.0399 0.5021 -0.8639 0.0397 0.49862 -0.86593 0.0394 0.4981 -0.86619 0.0401 0.49963 -0.86534 0.0394 0.50121 -0.86442 0.0395 0.50001 -0.86511 0.0397 0.49951 -0.86542 0.0392 -0.50241 0.86372 -0.0397 -0.5033 0.8632 -0.0396 -0.50139 0.86428 -0.0404 -0.49817 0.86615 -0.0402 0.49939 -0.86548 0.0394 0.4997 -0.8653 0.0393 -0.501 0.86451 -0.0403 0.4997 -0.86531 0.0392 0.49869 -0.86589 0.0393 0.50058 -0.86477 0.0398 0.50082 -0.86463 0.0399 0.50102 -0.86453 0.0396 -0.5001 0.86511 -0.0386 0.50549 -0.86199 0.0381 0.50773 -0.86065 0.0386 0.5029 -0.86349 0.0384 0.50079 -0.86468 0.0392 0.49942 -0.86543 0.0401 0.49959 -0.86529 0.0411 0.4988 -0.8658 0.0399 0.4993 -0.8655 0.04 -0.49828 0.86616 -0.0385 -0.4975 0.8666 -0.0386 -0.499 0.86571 -0.0393 -0.49881 0.86583 -0.0391 -0.49939 0.86548 -0.0394 -0.4994 0.86549 -0.0391 -0.49822 0.86614 -0.0398 -0.49752 0.86653 -0.0399 -0.4993 0.8655 -0.0402 -0.49899 0.86568 -0.0402 -0.50019 0.86498 -0.0404 -0.50042 0.86484 -0.0403 -0.50051 0.86482 -0.0397 -0.50102 0.86453 -0.0396 -0.50067 0.86476 -0.039 -0.50098 0.86457 -0.0392 -0.50048 0.86486 -0.0393 -0.50079 0.86469 -0.039 -0.5004 0.8649 -0.0392 -0.50021 0.86501 -0.0393 -0.50118 0.86446 -0.0392 -0.4999 0.8652 -0.0391 -0.50041 0.86492 -0.0389 -0.5008 0.86469 -0.0389 -0.5006 0.8648 -0.0391 0.49912 -0.86563 0.0396 0.49911 -0.86563 0.0397 0.499 -0.86569 0.0397 -0.50171 -0.86392 0.0438 -0.41351 -0.91032 -0.0183 -0.5062 -0.8613 0.0439 -0.47637 -0.87835 0.0397 0.90193 -0.43051 0.0344 0.54199 0.83958 -0.0368 0.54051 0.84051 -0.0374 0.90677 -0.41899 0.047 0.5576 0.8291 -0.0409 0.53811 0.84202 -0.0378 0.85623 -0.50232 0.1206 0.85877 -0.51048 0.0438 0.7664 -0.3965 -0.5054 0.57462 0.79433 -0.19711 0.54948 0.83147 -0.082 0.44399 -0.35369 -0.82327 0.50501 0.85892 -0.085 0.50849 0.85548 -0.098 0.0955 -0.26299 -0.96006 0.0783 -0.2347 -0.96891 0.51111 0.85422 -0.0953 0.1911 -0.0133 -0.98148 0.50152 0.86333 -0.056 0.0951 0.35941 -0.92832 0.1655 0.40541 -0.89903 0.4997 0.86469 -0.0511 0.4974 0.8656 -0.0577 0.0541 0.29979 -0.95247 0.48819 0.86919 -0.0786 -0.40811 0.26071 -0.87492 0.48641 0.87062 -0.0736 -0.2241 0.2475 -0.94261 0.46532 0.87774 -0.11421 0.46551 0.87392 -0.1399 -0.32739 0.1165 -0.93768 -0.4292 0.1959 -0.88171 0.45239 0.88569 -0.1044 -0.58861 0.32431 -0.74051 -0.36902 0.39812 -0.83984 0.4563 0.8858 -0.0846 0.42719 0.88647 -0.17799 -0.5525 0.4984 -0.66809 0.2319 0.9723 0.0291 -0.71551 0.69841 0.0161 -0.82872 0.51791 0.21211 0.42151 0.90592 -0.0406 0.46519 0.88517 0.0084 0.41032 0.91064 0.0487 -0.59738 0.48368 0.63968 -0.59161 0.3216 0.73931 -0.58463 -0.17661 0.79184 0.46609 0.88428 0.0283 -0.59949 -0.1386 0.78829 0.44188 0.89326 0.0826 -0.5441 -0.4724 0.6934 0.4631 0.88449 0.0567 -0.57782 -0.38431 0.72002 0.45781 0.88401 0.0945 -0.047 0.30879 -0.94997 0.497 0.86541 -0.0637 0.38772 0.92044 0.0496 -0.64471 0.52011 0.56021 -0.584 0.3583 -0.7284 0.42101 0.89602 -0.1411 -0.5591 0.5901 -0.5824 0.4404 0.8932 -0.0908 -0.71571 0.56661 -0.40831 0.43219 0.89897 -0.0712 0.3759 0.925 -0.0554 -0.7164 0.6502 -0.253 -0.726 0.6802 -0.1012 0.4452 0.89389 -0.0525 -0.75179 0.4621 0.4704 0.43352 0.90114 0.004 0.54059 0.84048 -0.0368 0.90413 -0.42171 0.0686 0.5459 0.835 -0.069 0.81917 -0.42259 -0.38779 -0.5192 -0.4408 0.7322 0.45338 0.88397 0.1142 0.84823 -0.17201 -0.50092 0.9184 -0.392 -0.0537 0.51298 0.85756 -0.0379 0.53542 0.84203 -0.0656 -0.54406 -0.47236 0.69345 -0.49548 -0.86837 0.0206 -0.49712 -0.86724 0.0277 -0.4992 -0.86581 0.0343 -0.50388 -0.86246 0.0476 -0.50272 -0.86323 0.046 -0.52238 -0.84977 0.0707 -0.59742 0.48371 0.63962 -0.53199 -0.84348 0.0744 -0.62677 -0.76457 0.15029 -0.64467 0.52008 0.56028 -0.57191 -0.81561 0.0877 -0.82874 0.51792 0.21201 -0.7778 -0.6193 0.1072 -0.75179 0.4622 0.4703 -0.64912 -0.75963 0.0401 -0.60412 -0.79683 0.0104 -0.72759 -0.68599 0.0043 -0.72595 0.68026 -0.10119 -0.71567 0.56668 -0.40828 -0.60588 -0.79538 -0.0166 -0.60749 -0.79229 -0.0569 -0.56741 -0.82262 -0.0366 -0.36899 0.39808 -0.83987 -0.59249 -0.79119 -0.1516 -0.5466 -0.83711 -0.0219 -0.5835 -0.809 -0.0711 -0.52879 -0.84829 -0.028 -0.42908 0.19589 -0.88177 -0.52751 -0.84732 -0.0615 -0.4082 0.2606 -0.8749 -0.22401 0.24751 -0.94263 -0.5144 -0.85719 -0.0249 -0.51361 -0.85802 0.0025 -0.5086 -0.8608 -0.019 -0.50652 -0.86074 -0.0507 -0.50408 -0.86167 -0.0585 0.0951 0.35929 -0.92837 -0.5114 -0.8568 -0.0661 -0.49147 -0.86845 -0.0652 0.1911 -0.0134 -0.98148 -0.49428 -0.86927 0.0075 -0.49381 -0.86952 0.0087 0.44409 -0.35379 -0.82318 -0.42201 -0.90363 -0.0732 -0.44589 -0.89508 -0.0026 0.76629 -0.39659 -0.50549 -0.45271 -0.89162 0.0084 0.85627 -0.50228 0.1205 -0.4482 -0.89311 0.0384 -0.46218 -0.88586 0.0406 0.90412 -0.42171 0.0687 -0.44942 -0.89225 0.0437 -0.44189 -0.89609 0.0419 -0.44148 -0.89626 0.0427 0.90199 -0.43039 0.0344 0.90678 -0.41899 0.0469 0.84826 -0.17199 -0.50088 0.48918 0.87157 -0.0327 0.49771 0.86672 -0.0327 -0.4445 -0.89481 0.0417 -0.4429 -0.8956 0.0417 0.90109 -0.4325 0.0313 0.90362 -0.42721 0.031 0.9011 -0.4325 0.0312 0.53819 0.84199 -0.0375 0.53698 0.84276 -0.0375 0.90358 -0.42729 0.031 0.91168 -0.40979 0.0302 -0.44818 -0.89296 0.0418 0.91163 -0.40991 0.0302 0.53189 0.84599 -0.0374 -0.6531 0.5041 0.5651 -0.549 -0.83161 0.0838 -0.65319 0.50399 0.56509 0.45989 0.88797 -0.0033 -0.50178 -0.86407 0.0399 -0.50252 -0.86363 0.0403 -0.50208 -0.86377 0.0425 -0.49982 -0.86523 0.0395 -0.45177 -0.89105 0.044 -0.50032 -0.86493 0.0396 0.45851 0.88812 0.0317 -0.62328 -0.0223 0.78168 -0.5094 -0.8587 0.0561 -0.51889 -0.85198 0.0699 -0.60918 0.1411 0.78038 -0.60912 0.1411 0.78042 0.45378 0.89055 0.0317 -0.49881 -0.86592 0.0371 -0.49677 -0.86715 0.0357 -0.49739 -0.86649 0.0424 -0.49941 -0.86572 0.0335 -0.49933 -0.86575 0.0338 -0.49992 -0.86543 0.0335 0.49729 0.86689 -0.0347 0.4992 0.8657 -0.0369 0.49781 0.86651 -0.0367 0.49881 0.86591 -0.0373 0.49817 0.86625 -0.0379 0.4965 0.8672 -0.038 0.49923 0.86565 -0.0376 0.49939 0.86558 -0.0373 0.4997 0.86541 -0.037 0.50021 0.86512 -0.0369 0.5006 0.8649 -0.0367 0.50059 0.86489 -0.037 0.50079 0.86479 -0.0368 0.50102 0.86464 -0.0372 0.50091 0.86472 -0.0367 0.50089 0.86469 -0.0376 0.50022 0.86493 -0.041 0.50061 0.86471 -0.0408 0.5003 0.86489 -0.0408 0.5004 0.8648 -0.0414 0.50061 0.86451 -0.0448 0.50099 0.86428 -0.0451 0.50079 0.86438 -0.0453 0.50009 0.86499 -0.0412 0.50019 0.86489 -0.0421 0.5006 0.86489 -0.0369 0.50098 0.86466 -0.0372 0.5008 0.86439 -0.045 0.50002 0.86503 -0.0414 0.49999 0.86498 -0.0426 0.50077 0.86475 -0.0378 0.5004 0.865 -0.0372 0.50032 0.86503 -0.0375 0.5007 0.86479 -0.0379 0.49981 0.86532 -0.0374 0.50001 0.86522 -0.0372 0.50039 0.86499 -0.0374 0.4659 0.88479 -0.0092 0.50149 0.86438 -0.0368 0.50093 0.86435 -0.0443 0.501 0.8643 -0.0446 0.49977 0.86515 -0.0419 0.49962 0.86513 -0.044 0.4999 0.86509 -0.0414 0.49941 0.86522 -0.0446 0.49972 0.86533 -0.0385 0.50042 0.86493 -0.0385 0.49992 0.86523 -0.0382 0.50022 0.86503 -0.0389 0.49917 0.86565 -0.0384 0.49941 0.86553 -0.0381 0.49858 0.86567 -0.045 0.50001 0.86512 -0.0393 0.49952 0.86543 -0.039 0.53591 0.84352 -0.0358 0.49882 0.86583 -0.0389 0.49742 0.86664 -0.0387 0.50081 0.86442 -0.0444 0.50002 0.86503 -0.0412 0.49983 0.86504 -0.0433 0.50019 0.86509 -0.0378 0.50062 0.86483 -0.0382 0.49969 0.86538 -0.0377 0.50042 0.86484 -0.0404 0.50109 0.86448 -0.0399 0.50131 0.86432 -0.0406 0.5009 0.8646 -0.0397 0.49953 0.86525 -0.0426 0.50361 0.86292 -0.0417 -0.49901 -0.86591 0.0345 -0.49932 -0.86563 0.037 -0.49869 -0.86578 0.0416 -0.54181 -0.83701 0.0765 -0.49893 -0.86585 0.037 -0.49831 -0.86622 0.0368 -0.49822 -0.86614 0.0398 -0.49809 -0.86618 0.0404 -0.49958 -0.86526 0.0417 -0.4992 -0.86549 0.0415 -0.49901 -0.86562 0.0411 -0.5 -0.865 0.0421 -0.49831 -0.86612 0.039 -0.4984 -0.86621 0.0358 -0.49939 -0.86539 0.0413 -0.49909 -0.86558 0.0409 -0.499 -0.8659 0.0348 -0.49851 -0.86601 0.0389 -0.49928 -0.86547 0.0411 -0.49909 -0.86559 0.0407 -0.4986 -0.86599 0.0382 -0.49921 -0.86552 0.0408 -0.49921 -0.86552 0.0407 -0.4994 -0.8654 0.0409 -0.4988 -0.8659 0.0377 -0.49968 -0.86526 0.0406 -0.49929 -0.86549 0.0405 -0.4993 -0.86549 0.0403 -0.49952 -0.86534 0.0408 -0.49893 -0.86585 0.0371 -0.4998 -0.8652 0.0403 -0.49942 -0.86543 0.0401 -0.49941 -0.86542 0.0404 -0.49968 -0.86526 0.0405 -0.5004 -0.86481 0.0413 -0.49962 -0.86533 0.0398 -0.49981 -0.86522 0.0399 -0.5 -0.8651 0.04 -0.50119 -0.86439 0.0405 -0.50161 -0.86411 0.0413 0.50141 0.86422 -0.0413 -0.49819 -0.86608 0.0413 -0.65169 0.51689 0.55509 0.50012 0.86513 -0.0378 0.50038 0.86497 -0.038 -0.50079 -0.86459 0.0411 -0.50052 -0.86473 0.0416 -0.4995 -0.86539 0.04 -0.49961 -0.86532 0.0402 -0.49928 -0.86566 0.0367 0.50289 0.86358 -0.0364 0.50229 0.86388 -0.0375 0.50182 0.86403 -0.0403 0.5021 0.86391 -0.0395 0.50161 0.86411 -0.0412 0.50128 0.86427 -0.0419 0.50099 0.86439 -0.0428 0.5007 0.86451 -0.0439 0.50022 0.86474 -0.0447 0.49921 0.86531 -0.0451 -0.49917 -0.86566 0.0383 0.49991 0.86492 -0.0448 -0.50092 -0.86483 0.0338 -0.5006 -0.865 0.0344 -0.50039 -0.86509 0.035 -0.50019 -0.86518 0.0356 -0.50003 -0.86525 0.0362 -0.4999 -0.8653 0.0367 -0.4997 -0.8654 0.0373 -0.4995 -0.86549 0.0378 -0.49911 -0.86571 0.0379 -0.49921 -0.86561 0.0388 -0.49971 -0.86542 0.0364 -0.49981 -0.86532 0.0374 -0.49989 -0.86529 0.0371 -0.49989 -0.86528 0.0373 -0.49989 -0.86528 0.0375 -0.50002 -0.86523 0.0369 -0.50001 -0.86522 0.0372 -0.50017 -0.86515 0.0366 -0.50022 -0.86513 0.0364 -0.50021 -0.86512 0.0367 -0.50068 -0.86487 0.0363 0.9094 -0.4073 0.0843 0.9094 -0.4073 0.0842 0.50053 0.86495 -0.0365 0.4993 0.86561 -0.0377 0.49938 0.86556 -0.0377 0.49918 0.86567 -0.0378 0.49899 0.86579 -0.0376 0.49899 0.86578 -0.038 0.49859 0.86599 -0.0383 0.49812 0.86623 -0.0389 0.49938 0.86557 -0.0376 -0.50041 -0.86482 0.041 -0.50037 -0.86486 0.0406 -0.50029 -0.86489 0.0409 -0.50081 -0.86462 0.0403 -0.50089 -0.86458 0.0401 -0.50121 -0.86442 0.0397 -0.49971 -0.86521 0.0412 -0.4994 -0.8654 0.041 -0.49979 -0.86518 0.0409 -0.4996 -0.86529 0.0409 -0.4996 -0.8653 0.0408 -0.49979 -0.86518 0.041 -0.49991 -0.86512 0.0406 -0.4996 -0.8653 0.0406 -0.49991 -0.86512 0.0408 -0.49999 -0.86509 0.0403 -0.49973 -0.86525 0.0403 -0.50011 -0.86501 0.0406 -0.50051 -0.86481 0.04 -0.50012 -0.86504 0.0399 -0.50038 -0.86487 0.0402 -0.50078 -0.86466 0.0397 -0.49983 -0.86515 0.041 -0.4999 -0.8651 0.0413 -0.50009 -0.86498 0.0414 -0.5001 -0.865 0.041 -0.5003 -0.8649 0.0406 -0.49999 -0.86508 0.0406 -0.49998 -0.86507 0.0408 -0.5003 -0.86489 0.0408 0.50087 0.86475 -0.0365 0.50091 0.86472 -0.0368 0.50091 0.86471 -0.0369 0.50037 0.86486 -0.0406 0.50069 0.86469 -0.0402 0.50212 0.86394 -0.0384 0.45713 0.88755 0.0573 -0.60278 -0.30919 0.73557 -0.50008 -0.86506 0.0398 0.5004 0.865 -0.0371 0.5004 0.865 -0.037 0.50009 0.86518 -0.0372 -0.5005 -0.86479 0.0405 -0.50069 -0.86468 0.0406 -0.50019 -0.86498 0.0403 -0.50049 -0.86479 0.0406 -0.50003 -0.86505 0.0406 0.4978 0.8665 -0.0371 0.5062 0.8624 -0.0054 0.49911 0.86651 -0.0068 0.49658 0.86726 -0.0356 0.4989 0.8658 -0.0386 0.50481 0.86321 -0.0064 0.49898 0.86576 -0.0384 0.50978 0.85807 0.062 0.50332 0.86394 0.0168 0.50172 0.86503 0.0022 0.49932 0.86553 -0.0393 0.50012 0.86594 -0.006 0.49978 0.86527 -0.0391 0.4985 0.8668 -0.0126 0.49892 0.86573 -0.0398 0.49812 0.86693 -0.0176 0.49968 0.86527 -0.0402 0.49563 0.86835 -0.0182 0.4974 0.8673 -0.0195 0.49999 0.86509 -0.0403 0.50001 0.86511 -0.0396 0.491 0.8704 -0.0365 0.47971 0.87743 -0.0004 -0.49821 -0.86612 0.0403 -0.47581 -0.87953 0.0059 -0.49952 -0.86523 0.0431 -0.48072 -0.87683 0.0086 -0.50179 -0.86408 0.0396 -0.50179 -0.86408 0.0397 -0.50152 -0.86423 0.0397 -0.49872 -0.86584 0.0399 -0.49931 -0.86551 0.0398 -0.49979 -0.86528 0.0389 -0.46378 -0.88577 -0.0179 -0.47492 -0.88003 0.0002 -0.49943 -0.86545 0.0397 -0.49899 -0.86569 0.0399 -0.50051 -0.86482 0.0398 -0.50051 -0.86481 0.0399 -0.5007 -0.8647 0.0398 -0.50128 -0.86437 0.0397 -0.50101 -0.86452 0.0399 -0.50141 -0.86431 0.0395 -0.50172 -0.86413 0.0396 -0.49863 -0.86665 0.0168 -0.4955 -0.8686 -0.003 -0.49888 -0.86576 0.0398 0.1031 -0.0212 0.99444 -0.5 -0.8613 0.0904 -0.0663 0.1768 0.98201 -0.49061 -0.86842 0.0718 0.1777 -0.122 0.97649 -0.49158 -0.86807 0.0693 0.13949 -0.1329 0.98126 -0.49658 -0.86536 0.0676 0.0935 -0.0934 0.99123 -0.4881 -0.8637 0.1256 0.0721 -0.0403 0.99658 -0.49232 -0.86583 0.0892 0.029 -0.0422 0.99869 -0.49742 -0.86423 0.0754 -0.50089 -0.86288 0.0674 -0.0281 -0.055 0.99809 -0.50072 -0.86314 0.0653 -0.0419 0.026 0.99878 -0.50181 -0.86251 0.0653 -0.0317 0.15339 0.98766 -0.50259 -0.86199 0.0662 -0.0435 0.23969 0.96987 -0.5038 -0.8613 0.066 -0.1215 0.2304 0.96548 -0.26331 0.17801 0.94815 -0.50952 -0.85743 0.0721 -0.50682 -0.85933 0.0684 -0.29498 0.21039 0.93205 -0.38592 0.29871 0.87283 -0.53669 -0.83618 0.113 -0.5227 -0.84759 0.0915 -0.44149 0.3004 0.84549 -0.52661 0.3132 0.79031 -0.62828 0.35009 0.69477 -0.51609 -0.85369 0.0698 -0.52161 -0.85051 0.0675 -0.68288 0.35749 -0.63708 -0.63977 0.32458 -0.69667 -0.68497 -0.70477 -0.18469 -0.52751 -0.84942 0.0144 -0.4177 0.2833 -0.86329 -0.54078 -0.83887 -0.062 -0.50919 -0.86058 -0.0112 -0.0824 0.32761 -0.94121 -0.51178 -0.85907 -0.0082 -0.34828 0.32338 -0.87985 -0.51109 -0.85939 0.0153 -0.53239 -0.0436 -0.84538 -0.66143 -0.0158 -0.74984 -0.51752 -0.85564 -0.0074 -0.5589 -0.826 -0.0731 -0.2517 0.5473 -0.79819 -0.52541 -0.85082 -0.0072 -0.48207 0.27439 -0.83206 -0.54799 -0.83538 -0.0429 -0.37101 0.27901 -0.88572 -0.5282 -0.849 -0.0139 -0.35231 0.48201 -0.80221 -0.50172 -0.86473 0.0229 -0.5876 -0.2939 -0.75389 -0.39491 -0.32421 -0.85962 -0.0528 -0.2697 -0.9615 -0.48201 -0.87612 -0.0085 0.25312 -0.63284 -0.73174 -0.4849 -0.87451 0.0103 0.1912 -0.5455 -0.81601 0.3562 -0.5327 -0.7677 -0.48651 -0.87351 0.0169 -0.4731 -0.881 -0.0027 0.52422 -0.26371 -0.80973 0.57739 -0.1411 -0.80418 0.63279 -0.0381 -0.77339 -0.46831 -0.88351 -0.0095 0.61673 -0.0997 -0.78084 -0.46628 -0.88446 -0.0177 0.49781 -0.31151 -0.80941 0.46629 -0.3317 -0.82009 0.57732 -0.23041 -0.78333 -0.48969 -0.87188 0.0045 0.69748 -0.0927 -0.71058 -0.5424 -0.83681 0.0745 -0.91601 0.39251 0.0828 -0.58808 -0.80687 0.0558 -0.76383 0.38472 0.51822 -0.87075 0.35262 -0.34272 -0.55873 -0.82875 -0.0314 -0.58578 -0.81047 -0.0021 -0.73928 0.32699 -0.58868 -0.62469 -0.1079 -0.77338 -0.5812 -0.8052 -0.1177 -0.44471 0.53931 -0.71511 -0.519 -0.85459 0.0176 -0.2821 0.1051 -0.95361 -0.52809 -0.84219 -0.1088 -0.0137 0.29829 -0.95438 -0.5263 -0.8496 -0.0344 -0.5013 0.3559 -0.78869 -0.54879 -0.83458 -0.0481 -0.50909 -0.85938 0.0478 0.69743 -0.0927 -0.71063 0.57731 -0.2305 -0.78331 0.5164 0.8538 -0.066 0.51779 0.85339 -0.0601 0.51371 0.85522 -0.0685 0.46622 -0.33171 -0.82013 0.53047 0.84295 -0.0896 0.49772 -0.31161 -0.80943 0.51981 0.85132 -0.0711 0.51552 0.85383 -0.0722 0.63273 -0.0382 -0.77343 0.51561 0.85431 -0.0656 0.5242 -0.2638 -0.8097 0.51991 0.85051 -0.0795 0.51938 0.85107 -0.077 0.35629 -0.53279 -0.76759 0.53479 0.83859 -0.1038 0.2531 -0.6329 -0.7317 0.19119 -0.54557 -0.81596 0.5482 0.82119 -0.1585 -0.39481 -0.32431 -0.85962 0.50742 0.84813 -0.15231 -0.0528 -0.26979 -0.96147 0.49032 0.86543 -0.103 -0.58766 -0.29388 -0.75385 0.48311 0.87102 -0.089 0.3372 0.89481 -0.2926 0.47101 0.87781 -0.0872 0.47629 0.87479 -0.0888 -0.35239 0.48199 -0.80219 -0.4447 0.5392 -0.7152 0.49059 0.86979 -0.0528 -0.25179 0.54728 -0.79817 0.48918 0.86976 -0.065 0.4262 0.89231 -0.1488 -0.48209 0.27429 -0.83208 -0.66149 -0.0158 -0.74979 0.47661 0.87642 -0.0688 -0.53243 -0.0436 -0.84535 0.479 0.87319 -0.09 -0.28211 0.105 -0.95362 -0.0138 0.29829 -0.95437 0.47998 0.86546 -0.14349 0.47831 0.87042 -0.1166 -0.0825 0.3276 -0.94121 0.48368 0.87197 -0.0757 0.49272 0.86743 -0.0692 -0.34832 0.32332 -0.87985 0.45001 0.88643 -0.1083 -0.50139 0.35579 -0.78868 -0.41771 0.28321 -0.86332 -0.63981 0.32461 -0.69661 0.25809 0.92867 -0.26639 0.4466 0.88521 -0.1302 -0.68291 0.3574 -0.63711 0.47401 0.87852 -0.0593 -0.7393 0.3269 -0.5887 0.42451 0.89902 -0.1075 0.3841 0.9197 -0.0813 -0.8708 0.3525 -0.3427 -0.91607 0.39239 0.0828 0.3808 0.92449 -0.0175 -0.76386 0.38458 0.51828 0.44361 0.89622 0.0021 0.47148 0.88186 -0.0064 -0.5267 0.3131 0.79029 0.47621 0.87932 -0.0052 -0.44157 0.30038 0.84545 0.4555 0.88951 0.036 0.47528 0.87976 0.0119 0.49279 0.87007 -0.0115 0.49089 0.87119 -0.0076 -0.26341 0.17791 0.94814 -0.295 0.2102 0.93209 -0.1215 0.2303 0.9655 -0.0435 0.2395 0.96992 -0.0318 0.1533 0.98767 -0.0418 0.0259 0.99879 -0.0281 -0.0551 0.99809 0.029 -0.0423 0.99868 0.0721 -0.0404 0.99658 0.0935 -0.0935 0.99122 0.13949 -0.13299 0.98125 0.1776 -0.1221 0.9765 0.103 -0.0213 0.99445 -0.0663 0.17671 0.98203 -0.5052 -0.8605 0.0657 -0.21529 0.1865 0.95858 -0.2153 0.1864 0.95859 0.4942 0.8692 -0.016 -0.31731 0.25561 0.91323 -0.5129 -0.8549 0.078 -0.31729 0.25549 0.91327 0.48739 0.87318 -0.0023 0.50009 0.86509 -0.0392 0.5006 0.8648 -0.039 0.50091 0.86461 -0.0393 0.50109 0.86449 -0.0395 0.4994 0.86559 -0.0368 0.4986 0.86609 -0.0358 0.4973 0.86671 -0.0388 0.50181 0.86432 -0.0336 -0.4972 -0.8667 0.0402 -0.49772 -0.86643 0.0397 -0.50052 -0.86484 0.0391 -0.49978 -0.86526 0.0394 -0.4973 -0.86669 0.0392 -0.49648 -0.86707 0.0411 -0.49988 -0.86527 0.0378 -0.49008 -0.87077 0.0398 -0.49578 -0.86747 0.0413 0.50153 0.86436 -0.0368 0.49988 0.86537 -0.0355 0.49999 0.86518 -0.0383 0.50001 0.86512 -0.0395 0.50231 0.86382 -0.0388 0.50033 0.86495 -0.0392 0.50149 0.86428 -0.0391 0.5016 0.8642 -0.0394 0.50048 0.86486 -0.0393 0.5016 0.86419 -0.0396 0.50062 0.86473 -0.0403 0.50081 0.86462 -0.0403 0.5021 0.8639 -0.0396 0.49872 0.86583 -0.0402 0.49841 0.86601 -0.0402 0.49701 0.86682 -0.0399 0.49639 0.86718 -0.04 0.49928 0.86556 -0.0391 0.4985 0.866 -0.0393 0.49857 0.86596 -0.0393 0.49688 0.86696 -0.0386 0.4996 0.8654 -0.0384 0.49898 0.86576 -0.0385 -0.49679 -0.86688 0.0414 -0.49781 -0.86632 0.0408 -0.49941 -0.86553 0.0381 -0.49981 -0.86531 0.0378 -0.4943 -0.86839 0.0396 -0.49912 -0.86564 0.0393 -0.49931 -0.86552 0.0395 -0.49888 -0.86577 0.0394 -0.49873 -0.86585 0.0396 -0.49939 -0.86548 0.0393 -0.49932 -0.86553 0.0393 -0.49963 -0.86535 0.0393 -0.50059 -0.86478 0.0395 -0.5002 -0.86501 0.0395 -0.50031 -0.86492 0.0399 -0.50051 -0.86482 0.0396 -0.50032 -0.86493 0.0398 -0.50071 -0.86471 0.0396 -0.49959 -0.86538 0.039 -0.49842 -0.86603 0.0397 -0.5021 -0.8639 0.0397 -0.49862 -0.86593 0.0394 -0.4981 -0.86619 0.0401 -0.49963 -0.86534 0.0394 -0.50121 -0.86442 0.0395 -0.49939 -0.86548 0.0394 -0.50058 -0.86477 0.0399 -0.50082 -0.86464 0.0396 -0.5002 -0.86499 0.0399 0.5023 0.86379 -0.0395 0.50319 0.86328 -0.0395 0.50139 0.86428 -0.0404 0.49817 0.86615 -0.0402 0.501 0.86451 -0.0403 -0.5021 -0.8639 0.0396 -0.49951 -0.86541 0.0394 -0.49877 -0.86584 0.0393 -0.50082 -0.86463 0.0399 -0.50058 -0.86477 0.0398 0.5001 0.86511 -0.0386 -0.5078 -0.86061 0.0386 -0.50549 -0.86199 0.0381 -0.50278 -0.86356 0.0385 -0.50079 -0.86468 0.0392 -0.49971 -0.86522 0.041 -0.4988 -0.8658 0.0399 -0.4993 -0.8655 0.04 0.49828 0.86616 -0.0385 0.4975 0.8666 -0.0386 0.499 0.86571 -0.0393 0.49862 0.86593 -0.0393 0.49939 0.86548 -0.0394 0.4994 0.86549 -0.0391 0.49822 0.86614 -0.0398 0.49752 0.86653 -0.0399 0.4993 0.8655 -0.0402 0.49899 0.86568 -0.0402 0.50019 0.86498 -0.0404 0.50042 0.86484 -0.0403 0.50051 0.86482 -0.0397 0.50102 0.86453 -0.0396 0.50072 0.86473 -0.039 0.50103 0.86454 -0.0392 0.50079 0.86469 -0.039 0.50091 0.86461 -0.0392 0.5004 0.8649 -0.0393 0.49989 0.86519 -0.0395 0.50041 0.86492 -0.0389 0.50118 0.86446 -0.0392 0.4999 0.8652 -0.0391 0.5004 0.8649 -0.0392 0.5008 0.86469 -0.0389 -0.49912 -0.86563 0.0396 -0.49911 -0.86563 0.0397 -0.499 -0.86569 0.0397</float_array>
          <technique_common>
            <accessor source="#norm_0-array" count="16089" stride="3">
              <param name="X" type="float"/>
              <param name="Y" type="float"/>
              <param name="Z" type="float"/>
            </accessor>
          </technique_common>
        </source>
        <source id="uvs_0">
          <float_array id="uvs_0-array" count="8730">0.19995 0.63296 0.20119 0.63779 0.19526 0.63569 0.19335 0.63276 0.19515 0.62329 0.19774 0.62763 0.1946 0.63704 0.19405 0.63472 0.2016 0.64114 0.20333 0.6312 0.20487 0.63647 0.20219 0.62842 0.19882 0.63033 0.21475 0.6179 0.21229 0.62271 0.2111 0.61965 0.21589 0.62088 0.21247 0.61138 0.20858 0.61271 0.24171 0.61408 0.23688 0.62129 0.2357 0.61866 0.24269 0.6164 0.24913 0.60665 0.25685 0.59992 0.25758 0.60205 0.24837 0.60444 0.36597 0.54673 0.37673 0.54098 0.36726 0.55032 0.37805 0.54469 0.37582 0.53788 0.38075 0.53873 0.37983 0.53566 0.37879 0.53266 0.37478 0.53485 0.39413 0.52424 0.39627 0.51939 0.39744 0.52238 0.39296 0.52131 0.40163 0.51241 0.40582 0.51386 0.40288 0.51555 0.40454 0.51069 0.41818 0.51876 0.42646 0.5186 0.41975 0.52304 0.425 0.51483 0.42413 0.51169 0.41712 0.51538 0.41597 0.51205 0.42308 0.50845 0.42188 0.50537 0.41466 0.5088 0.41326 0.5055 0.4206 0.50237 0.40407 0.51866 0.40705 0.517 0.39855 0.52541 0.3952 0.52721 0.38208 0.54243 0.37354 0.53191 0.36159 0.53509 0.37222 0.52904 0.36286 0.5379 0.36406 0.54077 0.25844 0.60422 0.25008 0.60915 0.23805 0.60385 0.23239 0.6097 0.23109 0.60563 0.23906 0.60673 0.2055 0.63994 0.20108 0.62563 0.19851 0.62064 0.21933 0.63019 0.21721 0.63637 0.21588 0.6325 0.22067 0.63382 0.21348 0.62591 0.21704 0.624 0.2342 0.61476 0.24069 0.61125 0.2333 0.61219 0.23988 0.60897 0.24668 0.59972 0.25531 0.59559 0.25611 0.59779 0.24758 0.60226 0.36507 0.54371 0.37757 0.52974 0.37628 0.52687 0.40098 0.5323 0.39622 0.53023 0.3996 0.52847 0.39757 0.53397 0.40932 0.52339 0.40524 0.52179 0.40821 0.52019 0.40637 0.52494 0.25106 0.61152 0.25942 0.60664 0.41078 0.52748 0.40779 0.52896 0.39175 0.51839 0.39504 0.5164 0.40745 0.50896 0.41171 0.51049 0.40877 0.51218 0.41036 0.50723 0.41523 0.52031 0.41676 0.52452 0.41227 0.52185 0.41377 0.526 0.41118 0.51858 0.41415 0.51698 0.41002 0.51535 0.41299 0.5137 0.39957 0.51747 0.39834 0.51441 0.40298 0.5267 0.40438 0.53063 0.40189 0.5236 0.40076 0.52052 0.38563 0.52541 0.38034 0.52471 0.38439 0.52254 0.3816 0.52757 0.38881 0.53424 0.3861 0.54016 0.38478 0.53649 0.39013 0.5379 0.38384 0.53345 0.38785 0.53123 0.3868 0.52829 0.3828 0.53047 0.22024 0.60874 0.21841 0.61616 0.21636 0.61006 0.22206 0.61441 0.22624 0.62556 0.22414 0.63127 0.22278 0.62787 0.2276 0.62873 0.2206 0.62209 0.22416 0.62018 0.22311 0.61723 0.2195 0.61906 0.20776 0.62164 0.20555 0.62652 0.20442 0.62364 0.20892 0.62461 0.20523 0.61535 0.20187 0.618 0.21221 0.63382 0.20941 0.63875 0.20854 0.63514 0.21331 0.63756 0.2101 0.62767 0.20672 0.62944 0.39081 0.5261 0.39186 0.52902 0.38966 0.52324 0.38845 0.52038 0.39284 0.532 0.39416 0.53564 0.22672 0.61541 0.22572 0.61267 0.22771 0.61826 0.22969 0.62325 0.23107 0.62618 0.22413 0.60742 0.26757 0.594 0.26678 0.5918 0.26833 0.59621 0.2692 0.59847 0.2702 0.60101 0.26594 0.58954 0.27829 0.58809 0.27746 0.58581 0.27908 0.59038 0.27995 0.59272 0.28099 0.59538 0.27657 0.58349 0.28901 0.58217 0.28813 0.57982 0.28983 0.58455 0.2907 0.58697 0.29177 0.58974 0.2872 0.57744 0.29973 0.57626 0.29881 0.57383 0.30058 0.57871 0.30146 0.58122 0.30256 0.58411 0.29782 0.57139 0.31046 0.57034 0.30949 0.56784 0.31133 0.57288 0.31221 0.57547 0.31334 0.57848 0.30845 0.56534 0.32118 0.56443 0.32016 0.56186 0.32207 0.56705 0.32296 0.56972 0.32413 0.57285 0.31908 0.55929 0.3319 0.55851 0.33084 0.55587 0.33282 0.56121 0.33371 0.56397 0.33491 0.56721 0.32971 0.55324 0.34262 0.5526 0.34151 0.54988 0.34357 0.55538 0.34447 0.55823 0.3457 0.56158 0.34034 0.54719 0.35334 0.54668 0.35219 0.54389 0.35432 0.54955 0.35522 0.55248 0.35648 0.55595 0.35096 0.54114 0.53978 0.57969 0.56764 0.62292 0.56805 0.56888 0.60337 0.60458 0.67118 0.67162 0.63868 0.64028 0.62245 0.69964 0.59551 0.66614 0.66147 0.7514 0.72351 0.72666 0.70368 0.70296 0.64939 0.73314 0.59093 0.54755 0.63291 0.57822 0.6749 0.60889 0.7115 0.63806 0.74809 0.66722 0.768 0.68527 0.63916 0.53482 0.5959 0.5135 0.72002 0.58009 0.68243 0.55614 0.77517 0.61208 0.75761 0.60404 0.63578 0.48963 0.58924 0.48082 0.71939 0.51499 0.68231 0.49843 0.77517 0.53711 0.75647 0.53155 0.53007 0.51064 0.5263 0.50738 0.53038 0.50229 0.53266 0.49639 0.53205 0.50631 0.74333 0.75037 0.78791 0.70332 0.79273 0.62012 0.79387 0.54267 0.67354 0.76966 0.26406 0.20478 0.26211 0.20776 0.25999 0.20326 0.26149 0.20115 0.26379 0.19984 0.26579 0.2022 0.25643 0.19751 0.25555 0.19863 0.26117 0.198 0.25741 0.19599 0.26254 0.19592 0.27133 0.19012 0.27111 0.19456 0.26984 0.19097 0.27311 0.19203 0.27295 0.19862 0.27689 0.19656 0.25314 0.21033 0.25543 0.20814 0.25829 0.21436 0.25123 0.20198 0.25268 0.20107 0.25004 0.21018 0.24963 0.2025 0.2646 0.19419 0.26273 0.19487 0.2674 0.19234 0.26891 0.19065 0.26918 0.19641 0.45635 0.42842 0.4569 0.42441 0.45816 0.42508 0.45468 0.42747 0.4606 0.4199 0.46198 0.42015 0.42943 0.44369 0.42983 0.448 0.42612 0.44758 0.439 0.43367 0.43421 0.43854 0.43775 0.43275 0.43472 0.44017 0.28564 0.25043 0.29023 0.25013 0.28717 0.25345 0.28885 0.24624 0.44746 0.44218 0.44252 0.44536 0.44535 0.43904 0.44091 0.44418 0.45108 0.4378 0.45388 0.44764 0.4582 0.44448 0.4675 0.43864 0.47026 0.43568 0.47297 0.43141 0.43993 0.44927 0.4495 0.45629 0.44819 0.46161 0.43686 0.45538 0.45187 0.45283 0.43797 0.44963 0.44835 0.43516 0.46336 0.44152 0.45479 0.43273 0.43552 0.45528 0.44218 0.43635 0.43782 0.44218 0.44482 0.4327 0.45208 0.43057 0.44837 0.42779 0.45147 0.42272 0.45417 0.42006 0.45703 0.41609 0.4339 0.44882 0.43136 0.45394 0.42939 0.43961 0.43339 0.43698 0.44 0.42891 0.44129 0.43023 0.44466 0.42502 0.4421 0.42365 0.44443 0.41796 0.44826 0.41797 0.44964 0.41134 0.45143 0.41571 0.45345 0.41228 0.42549 0.44297 0.43462 0.42371 0.43229 0.42743 0.43651 0.41939 0.4387 0.41455 0.44564 0.4116 0.42089 0.44717 0.42307 0.45186 0.38162 0.38339 0.38758 0.39825 0.3773 0.388 0.39151 0.39426 0.39563 0.38983 0.38615 0.37832 0.39099 0.37308 0.39995 0.38534 0.39576 0.36804 0.40413 0.38065 0.38308 0.4031 0.37236 0.39347 0.4077 0.37611 0.39996 0.3631 0.4048 0.35722 0.41185 0.3707 0.4162 0.36552 0.40968 0.35163 0.37601 0.32549 0.38086 0.3396 0.3745 0.33176 0.38321 0.33342 0.38531 0.32723 0.37719 0.3191 0.35383 0.34982 0.35455 0.36207 0.34862 0.35161 0.3597 0.35936 0.36412 0.35758 0.35828 0.34898 0.36817 0.35537 0.36217 0.34772 0.36858 0.3435 0.37419 0.3509 0.37235 0.33744 0.3782 0.34509 0.36536 0.33199 0.36378 0.33597 0.36678 0.32764 0.36941 0.32322 0.37225 0.31797 0.34819 0.34566 0.35324 0.34216 0.35741 0.3398 0.3557 0.33533 0.35299 0.33819 0.35963 0.33144 0.36088 0.33834 0.36208 0.32823 0.36443 0.32476 0.36697 0.32088 0.36945 0.31729 0.34893 0.34178 0.31362 0.28425 0.31854 0.29099 0.31058 0.28656 0.31537 0.29346 0.31575 0.28158 0.32074 0.28829 0.31837 0.27897 0.32353 0.28553 0.32094 0.27654 0.32608 0.283 0.32296 0.27401 0.32814 0.28035 0.32522 0.27079 0.33044 0.27705 0.3274 0.2672 0.33266 0.27346 0.31826 0.27339 0.31646 0.27576 0.3199 0.27149 0.32189 0.26907 0.32365 0.2665 0.3103 0.28184 0.31238 0.28016 0.31439 0.27795 0.30924 0.26121 0.30698 0.26323 0.31116 0.25893 0.3134 0.25577 0.31566 0.2523 0.30251 0.26768 0.2997 0.27016 0.30465 0.26543 0.2975 0.25071 0.29492 0.25291 0.29442 0.25145 0.29732 0.24893 0.29575 0.23996 0.29522 0.24556 0.29313 0.24219 0.29844 0.24278 0.30242 0.24637 0.30396 0.24165 0.30491 0.24247 0.30113 0.24559 0.30768 0.2381 0.30576 0.23842 0.2891 0.25848 0.29161 0.25401 0.29265 0.25521 0.2887 0.25648 0.29067 0.24376 0.29255 0.2476 0.2945 0.23897 0.292 0.24116 0.29728 0.23639 0.2991 0.23761 0.30153 0.23963 0.30149 0.23329 0.30362 0.23586 0.28831 0.24487 0.29016 0.24276 0.288 0.2394 0.29004 0.23743 0.28807 0.23371 0.28534 0.23499 0.28745 0.23279 0.28585 0.23603 0.28957 0.23139 0.29058 0.23274 0.29254 0.23585 0.29239 0.22927 0.29311 0.23047 0.29519 0.23343 0.29868 0.23364 0.29687 0.23041 0.28388 0.24427 0.28579 0.24694 0.2862 0.24155 0.28349 0.23742 0.28409 0.23824 0.2835 0.22719 0.28547 0.22999 0.28178 0.22879 0.28356 0.23189 0.28504 0.22561 0.2873 0.2285 0.28957 0.22643 0.28675 0.2236 0.29506 0.22718 0.29407 0.22652 0.27963 0.23103 0.28156 0.23422 0.28916 0.22067 0.29161 0.22359 0.2792 0.23728 0.27673 0.23421 0.27186 0.216 0.27577 0.22161 0.27089 0.21749 0.27528 0.22235 0.27337 0.21381 0.27716 0.21961 0.27877 0.21771 0.27486 0.21201 0.27608 0.21144 0.27938 0.21742 0.27892 0.2102 0.28191 0.21599 0.28178 0.20859 0.28423 0.2146 0.26002 0.21051 0.25808 0.20571 0.25432 0.19981 0.25004 0.19048 0.24934 0.1906 0.25071 0.1901 0.24867 0.19059 0.25116 0.18961 0.25153 0.18902 0.25199 0.18837 0.26947 0.19948 0.26754 0.19736 0.26704 0.20062 0.26586 0.19831 0.2661 0.19383 0.26361 0.1874 0.26259 0.18795 0.26462 0.1866 0.26553 0.18596 0.26155 0.18855 0.26146 0.18136 0.26088 0.18149 0.26217 0.18099 0.26289 0.18046 0.26017 0.18169 0.30021 0.24903 0.4407 0.40939 0.42197 0.436 0.41806 0.43958 0.42529 0.43324 0.42873 0.43067 0.28197 0.24159 0.28167 0.24036 0.28095 0.22542 0.27967 0.22722 0.28268 0.2234 0.2849 0.22178 0.28667 0.22061 0.2766 0.23088 0.27822 0.22914 0.27367 0.22448 0.26912 0.21983 0.27202 0.22675 0.26744 0.22262 0.24997 0.18708 0.25005 0.18686 0.25001 0.187 0.24966 0.18713 0.24988 0.18714 0.24977 0.18716 0.24956 0.18712 0.26095 0.17839 0.26114 0.1782 0.26116 0.17843 0.26101 0.17853 0.26076 0.17848 0.4272 0.4526 0.36556 0.36891 0.36643 0.383 0.36049 0.37254 0.37143 0.37845 0.3904 0.34136 0.40156 0.34349 0.3976 0.34929 0.39344 0.33536 0.39359 0.35527 0.38723 0.34743 0.38405 0.35274 0.38991 0.36039 0.37979 0.35829 0.38539 0.36569 0.38015 0.37067 0.37416 0.36302 0.37578 0.37479 0.36995 0.36619 0.39787 0.40851 0.40451 0.42235 0.3938 0.41273 0.40816 0.41876 0.41889 0.38418 0.42923 0.39329 0.42594 0.39766 0.42272 0.37941 0.42318 0.40212 0.41544 0.38911 0.42087 0.40589 0.4125 0.39327 0.40891 0.39759 0.41787 0.40985 0.41459 0.41285 0.40511 0.40134 0.41129 0.416 0.4014 0.40513 0.37436 0.38322 0.3787 0.37909 0.3694 0.38824 0.40562 0.34756 0.4012 0.35326 0.39677 0.35919 0.39283 0.36421 0.38819 0.36938 0.38315 0.3745 0.39273 0.40338 0.39645 0.3997 0.38844 0.40791 0.41946 0.37246 0.41537 0.37744 0.41157 0.38261 0.40831 0.38696 0.40443 0.39146 0.40037 0.39559 0.33572 0.30845 0.33823 0.31796 0.33331 0.31122 0.34072 0.31517 0.33455 0.32107 0.32976 0.31417 0.35131 0.3021 0.34842 0.29224 0.35368 0.2985 0.34609 0.29584 0.34369 0.29938 0.34888 0.30573 0.34151 0.30238 0.34666 0.30885 0.34416 0.31176 0.339 0.3052 0.32574 0.29501 0.32838 0.30448 0.32346 0.29773 0.33073 0.30173 0.32017 0.30036 0.32496 0.30727 0.34088 0.28958 0.33791 0.27972 0.34317 0.28598 0.33566 0.28331 0.33333 0.2867 0.33851 0.29304 0.33123 0.28946 0.33637 0.29592 0.33384 0.29865 0.32869 0.29209 0.34571 0.32189 0.34807 0.33145 0.34315 0.32471 0.35071 0.32861 0.34414 0.33488 0.33934 0.32797 0.36419 0.31103 0.35653 0.30836 0.35894 0.30476 0.36175 0.31462 0.35406 0.31207 0.35925 0.31841 0.3518 0.31531 0.35694 0.32177 0.35447 0.32488 0.34932 0.31832 0.29979 0.25917 0.30005 0.26456 0.29758 0.26145 0.30222 0.2623 0.30224 0.25697 0.30461 0.2601 0.30473 0.25512 0.30698 0.25816 0.30679 0.25265 0.30898 0.25579 0.30915 0.24912 0.31127 0.25244 0.31167 0.2452 0.31367 0.24875 0.29705 0.26724 0.2944 0.26432 0.26796 0.21039 0.2665 0.21262 0.26958 0.208 0.27095 0.20632 0.27277 0.20546 0.27593 0.20441 0.27934 0.20257 0.26286 0.21849 0.26457 0.21517 0.42118 0.42687 0.41844 0.42902 0.42407 0.42436 0.42683 0.4221 0.42924 0.41851 0.43092 0.41512 0.43298 0.41114 0.43575 0.40718 0.41523 0.43198 0.4158 0.64117 0.3916 0.58097 0.36047 0.6226 0.43618 0.59601 0.43865 0.46726 0.45656 0.55086 0.46082 0.48063 0.42273 0.53934 0.33041 0.66846 0.36501 0.7339 0.39041 0.68753 0.30035 0.71432 0.34722 0.55957 0.31833 0.60481 0.42584 0.46183 0.3761 0.51432 0.2834 0.64916 0.24846 0.69351 0.29955 0.55651 0.33194 0.52079 0.36432 0.48507 0.4157 0.45264 0.19438 0.76525 0.22142 0.72938 0.16505 0.69143 0.19658 0.66297 0.26382 0.59551 0.2281 0.63452 0.28434 0.49079 0.31965 0.4671 0.35497 0.44341 0.41252 0.43498 0.21029 0.55354 0.24731 0.52217 0.25305 0.81035 0.2767 0.76233 0.33007 0.82067 0.34754 0.77728 0.13883 0.59818 0.17456 0.57586 0.62409 0.76318 0.6031 0.76255 0.6038 0.77045 0.62362 0.75143 0.61602 0.73162 0.60009 0.75694 0.61982 0.74152 0.59708 0.75133 0.61197 0.83118 0.59869 0.80975 0.59495 0.81395 0.61718 0.8229 0.62169 0.80013 0.60082 0.80265 0.61944 0.81152 0.60296 0.79554 0.6045 0.77835 0.62312 0.78753 0.62455 0.77494 0.60373 0.78695 0.64519 0.75926 0.64503 0.74562 0.63767 0.71851 0.64135 0.73206 0.63527 0.84317 0.63954 0.83011 0.64331 0.80171 0.64143 0.81591 0.64433 0.78731 0.64534 0.77291 0.66385 0.74344 0.66357 0.75774 0.66093 0.71145 0.66239 0.72745 0.65997 0.84892 0.66154 0.83123 0.66219 0.80108 0.66187 0.81616 0.66274 0.78656 0.66329 0.77205 0.68045 0.74363 0.67933 0.7578 0.68415 0.71067 0.6823 0.72715 0.68426 0.84821 0.68051 0.82905 0.67927 0.81436 0.67803 0.79967 0.69388 0.75916 0.6961 0.74595 0.70636 0.71621 0.70123 0.73108 0.70396 0.83975 0.69735 0.82493 0.69461 0.81154 0.69187 0.79814 0.69165 0.77237 0.67821 0.77197 0.67812 0.78582 0.69176 0.78525 0.70833 0.7622 0.71139 0.75089 0.72587 0.7283 0.71863 0.73959 0.71292 0.81862 0.72103 0.82941 0.70931 0.80735 0.7057 0.79609 0.70526 0.77351 0.70548 0.7848 0.7267 0.75922 0.72348 0.76747 0.73346 0.75254 0.74022 0.74587 0.7352 0.8151 0.72802 0.80915 0.72063 0.79303 0.72432 0.80109 0.72026 0.77572 0.72044 0.78437 0.73938 0.77506 0.74146 0.77104 0.74524 0.76881 0.74901 0.76659 0.74585 0.79812 0.74196 0.79602 0.73969 0.79211 0.73741 0.78819 0.73736 0.78364 0.7373 0.77909 0.75101 0.78339 0.75791 0.76892 0.76361 0.77751 0.76402 0.78834 0.75837 0.79717 0.74974 0.80022 0.71763 0.86175 0.71058 0.85458 0.688 0.86737 0.72914 0.84021 0.74099 0.84513 0.74239 0.82105 0.76088 0.8165 0.76686 0.78924 0.76641 0.77627 0.75811 0.75083 0.73729 0.72204 0.71351 0.70575 0.68582 0.6983 0.65724 0.6997 0.63119 0.71061 0.61068 0.72828 0.58833 0.78655 0.5912 0.81815 0.60676 0.83946 0.631 0.85623 0.6584 0.86661 0.55371 0.60131 0.58571 0.58673 0.61192 0.56289 0.61753 0.52416 0.61251 0.48522 0.53304 0.54354 0.54906 0.53976 0.56314 0.50789 0.56095 0.48861 0.56149 0.52693 0.36047 0.6226 0.43618 0.59601 0.43069 0.5033 0.45656 0.55086 0.42273 0.53934 0.45869 0.51574 0.31833 0.60481 0.40097 0.48808 0.39001 0.46885 0.19438 0.76525 0.38374 0.4392 0.21029 0.55354 0.41252 0.43498 0.43865 0.46726 0.13883 0.59818 0.17456 0.57586 0.5946 1.11587 0.61064 1.10185 0.59878 1.12064 0.60295 1.12542 0.49582 0.57633 0.49624 0.57837 0.49453 0.57691 0.49471 0.57909 0.49854 0.57639 0.49781 0.57471 0.49981 0.57008 0.50065 0.57055 0.50016 0.57338 0.4992 0.57229 0.50007 0.56799 0.50093 0.56448 0.50083 0.56825 0.50021 0.56435 0.50095 0.56286 0.50019 0.56271 0.50107 0.55781 0.50096 0.56116 0.50024 0.56106 0.50167 0.56123 0.50771 0.57275 0.50665 0.57174 0.50791 0.57142 0.50717 0.57068 0.52427 0.50349 0.52041 0.49298 0.52453 0.49289 0.51995 0.50323 0.52874 0.50333 0.52885 0.49239 0.53372 0.50275 0.5336 0.49157 0.51017 0.42958 0.51303 0.42264 0.51332 0.42965 0.50998 0.42254 0.50745 0.5309 0.51051 0.52823 0.5106 0.53109 0.50734 0.52792 0.50544 0.56406 0.50482 0.56268 0.50553 0.56261 0.50476 0.56419 0.63621 1.12364 0.64135 1.10985 0.50167 0.32601 0.50008 0.32821 0.5001 0.32623 0.50169 0.32812 0.49854 0.32639 0.4985 0.32832 0.49825 0.3366 0.49989 0.33542 0.49991 0.33702 0.49821 0.33506 0.48502 0.34659 0.48724 0.34461 0.4866 0.34771 0.48583 0.34338 0.48448 0.34874 0.48633 0.34872 0.48604 0.34973 0.48476 0.34765 0.48328 0.36593 0.48109 0.36468 0.48196 0.36085 0.48384 0.36204 0.50484 0.56114 0.50623 0.55859 0.50575 0.56119 0.50416 0.55793 0.48267 0.368 0.48069 0.3656 0.48297 0.36693 0.48031 0.36652 0.48352 0.38643 0.48156 0.38827 0.48044 0.38473 0.47914 0.38703 0.47245 0.42042 0.47578 0.41428 0.47519 0.42117 0.47303 0.41353 0.47176 0.42729 0.47453 0.4281 0.46933 0.45694 0.47292 0.44747 0.47247 0.45781 0.46994 0.44657 0.51591 0.54166 0.51711 0.54628 0.51505 0.54496 0.51818 0.54316 0.46757 0.50053 0.47164 0.49001 0.47132 0.50113 0.46804 0.48927 0.46633 0.51859 0.47076 0.50987 0.47017 0.51842 0.46692 0.50964 0.50597 0.5683 0.50582 0.57039 0.50523 0.56889 0.50657 0.56971 0.47064 0.53198 0.46717 0.53395 0.46636 0.52641 0.47009 0.52533 0.63206 1.0811 0.62431 1.07792 0.61657 1.07474 0.47275 0.5403 0.46981 0.54326 0.46828 0.53884 0.47146 0.53642 0.4777 0.54887 0.47475 0.55287 0.47221 0.54828 0.47524 0.54476 0.47929 0.5527 0.47664 0.55657 0.48084 0.55712 0.47861 0.56057 0.48453 0.56606 0.48285 0.5691 0.48154 0.56645 0.4834 0.56348 0.48404 0.57103 0.48546 0.56785 0.48709 0.57714 0.48516 0.57288 0.48772 0.57491 0.48639 0.56956 0.49014 0.57637 0.48972 0.57869 0.49315 0.57936 0.49321 0.57709 0.49123 0.57132 0.49335 0.57224 0.49446 0.57214 0.49554 0.57159 0.49653 0.57077 0.49792 0.56829 0.49733 0.56962 0.49823 0.56686 0.49845 0.56391 0.49847 0.56245 0.49792 0.55791 0.49837 0.56095 0.49742 0.55451 0.50056 0.55608 0.49764 0.5563 0.50015 0.55418 0.49758 0.55189 0.5002 0.55164 0.49977 0.54583 0.49681 0.54578 0.49922 0.54211 0.49603 0.54198 0.499 0.53868 0.49574 0.53842 0.49927 0.53467 0.49626 0.53451 0.49967 0.53074 0.49695 0.5306 0.49978 0.52766 0.49712 0.52763 0.49976 0.52452 0.49679 0.51996 0.49964 0.51983 0.49706 0.52461 0.50563 0.5668 0.50493 0.5673 0.49944 0.51481 0.49589 0.50831 0.49923 0.50807 0.49637 0.51508 0.49909 0.50068 0.49528 0.49149 0.49901 0.49139 0.49554 0.50094 0.52371 0.54762 0.52897 0.54647 0.52637 0.55045 0.52552 0.5433 0.51695 0.53767 0.51953 0.54053 0.49917 0.46095 0.49556 0.45 0.49928 0.45006 0.49539 0.46087 0.51953 0.3685 0.5165 0.36959 0.51618 0.36555 0.51928 0.36452 0.49962 0.42926 0.49608 0.42926 0.49979 0.42224 0.49637 0.42224 0.49999 0.41595 0.49673 0.41586 0.51852 0.53016 0.52337 0.53222 0.51818 0.5331 0.52274 0.53537 0.49698 0.41186 0.50031 0.40604 0.50013 0.41201 0.49722 0.40609 0.50096 0.38994 0.49813 0.39015 0.49846 0.38865 0.50113 0.38849 0.5085 0.53879 0.51095 0.53532 0.51108 0.53926 0.50806 0.53485 0.49874 0.3839 0.50125 0.38362 0.4987 0.37117 0.50117 0.37162 0.49865 0.3718 0.5012 0.37105 0.50123 0.37046 0.49874 0.37053 0.49919 0.36582 0.50145 0.36548 0.50171 0.3539 0.4998 0.35388 0.50163 0.35319 0.4996 0.35315 0.5014 0.3492 0.49937 0.35238 0.4991 0.34908 0.50154 0.3524 0.50171 0.33559 0.50171 0.33722 0.49714 0.35224 0.49699 0.34867 0.48979 0.35013 0.49256 0.34734 0.49226 0.35117 0.49027 0.34641 0.48942 0.35204 0.49222 0.35217 0.49216 0.35316 0.48961 0.35111 0.48767 0.35092 0.48795 0.35001 0.4859 0.36336 0.48544 0.3673 0.485 0.36952 0.48521 0.36838 0.50816 0.54244 0.51057 0.54291 0.48736 0.38397 0.48979 0.38867 0.48642 0.38784 0.49058 0.38455 0.48829 0.3901 0.48387 0.38899 0.50988 0.49187 0.51261 0.50202 0.50945 0.5013 0.51312 0.49241 0.47609 0.40985 0.48025 0.405 0.47988 0.41084 0.47668 0.40393 0.50869 0.38866 0.51102 0.38455 0.51133 0.38902 0.50834 0.38415 0.52229 0.55135 0.5246 0.55415 0.52724 0.53837 0.53294 0.53824 0.53156 0.54209 0.52803 0.53484 0.51603 0.54992 0.51402 0.54853 0.52795 0.4302 0.53121 0.42251 0.53173 0.42948 0.52751 0.42322 0.48927 0.56941 0.49642 0.55682 0.49618 0.55487 0.49579 0.55234 0.49442 0.54614 0.49359 0.54231 0.49315 0.53873 0.49336 0.5348 0.49396 0.52775 0.49381 0.5306 0.50529 0.32564 0.50692 0.32771 0.50526 0.32788 0.50694 0.32553 0.49395 0.52483 0.49375 0.52029 0.51867 0.5531 0.5201 0.54907 0.49334 0.51558 0.4928 0.50879 0.52496 0.46088 0.52097 0.4505 0.52496 0.45029 0.52096 0.46126 0.49238 0.50149 0.49204 0.49187 0.52435 0.51885 0.51931 0.51783 0.52429 0.51127 0.51964 0.51068 0.52704 0.41637 0.53077 0.41559 0.49226 0.44995 0.49206 0.46085 0.50897 0.39048 0.5116 0.39095 0.49333 0.4222 0.49293 0.42918 0.49382 0.4158 0.51264 0.41621 0.50972 0.41614 0.52073 0.55553 0.52287 0.55846 0.49442 0.40627 0.49417 0.41185 0.4958 0.38898 0.4954 0.39062 0.49615 0.38426 0.49616 0.37133 0.49613 0.37206 0.49659 0.3662 0.49618 0.37064 0.49736 0.35307 0.49755 0.35387 0.48757 0.36837 0.49095 0.36568 0.49058 0.36957 0.48792 0.36452 0.49033 0.37153 0.4874 0.36945 0.49045 0.37053 0.48725 0.37063 0.48757 0.40629 0.48347 0.41156 0.48359 0.40578 0.48738 0.41185 0.47952 0.41527 0.4789 0.42208 0.47828 0.42902 0.50932 0.35367 0.50693 0.35376 0.5072 0.35314 0.50955 0.35299 0.47701 0.44852 0.47673 0.45894 0.50813 0.37118 0.51078 0.37232 0.50812 0.37204 0.51078 0.37138 0.51062 0.55668 0.51173 0.55439 0.51225 0.55794 0.51352 0.55573 0.51174 0.55937 0.51019 0.55834 0.47634 0.49106 0.47626 0.50195 0.47548 0.51813 0.4759 0.51015 0.52119 0.54554 0.47581 0.52962 0.47543 0.52398 0.51255 0.32516 0.51148 0.32702 0.51125 0.32523 0.51287 0.32671 0.58805 1.10216 0.59137 1.09416 0.59469 1.08615 0.47709 0.53687 0.47638 0.53332 0.48039 0.54624 0.4787 0.54185 0.48167 0.55005 0.4831 0.55433 0.48638 0.56308 0.48542 0.56064 0.48722 0.56479 0.49155 0.55732 0.48833 0.56055 0.49033 0.55501 0.48741 0.55813 0.4932 0.55618 0.49214 0.55382 0.48797 0.54903 0.48906 0.54417 0.49 0.5478 0.48697 0.54534 0.48828 0.54081 0.48599 0.54216 0.48734 0.53678 0.4847 0.53946 0.48621 0.53216 0.48162 0.53414 0.48107 0.53098 0.48593 0.52921 0.51877 0.32946 0.5173 0.32973 0.51827 0.32865 0.51783 0.33081 0.51419 0.33383 0.51209 0.33358 0.51386 0.33255 0.51228 0.33489 0.48579 0.52631 0.48064 0.52785 0.48036 0.52282 0.48558 0.52167 0.5221 0.54097 0.48035 0.51763 0.48056 0.51009 0.48539 0.51689 0.4852 0.50974 0.48072 0.50235 0.48476 0.49206 0.48503 0.50231 0.48065 0.49177 0.51456 0.56277 0.51538 0.56141 0.52867 0.53115 0.53452 0.52715 0.53385 0.53381 0.52917 0.5255 0.48077 0.45981 0.48493 0.44964 0.48476 0.46038 0.48095 0.44923 0.4825 0.42262 0.4858 0.42948 0.48191 0.42952 0.48635 0.42259 0.48312 0.41591 0.48698 0.41604 0.51031 0.46124 0.51364 0.45046 0.51365 0.46137 0.51033 0.45035 0.51917 0.41254 0.52264 0.40683 0.5231 0.41244 0.51885 0.40698 0.51637 0.55907 0.53613 0.40998 0.53294 0.40442 0.53573 0.40377 0.53339 0.41049 0.48294 0.54434 0.48213 0.53975 0.48394 0.54791 0.48526 0.55202 0.50896 0.50866 0.51137 0.51608 0.50835 0.51541 0.51205 0.50931 0.49028 0.33231 0.49188 0.33196 0.49149 0.33332 0.49072 0.33101 0.48878 0.34564 0.48821 0.34905 0.49285 0.32551 0.4926 0.32686 0.49185 0.32509 0.49158 0.32633 0.4938 0.3258 0.49531 0.32618 0.49514 0.32783 0.49358 0.32726 0.49478 0.33369 0.49274 0.33408 0.49303 0.33274 0.49461 0.33506 0.62828 1.12596 0.62035 1.12828 0.61165 1.12685 0.49077 0.32448 0.49051 0.32565 0.48917 0.33123 0.48964 0.33009 0.59133 1.10902 0.48449 0.38268 0.48129 0.38093 0.60364 1.07739 0.6101 1.07607 0.50639 0.57922 0.50815 0.58036 0.50589 0.58169 0.50781 0.58281 0.50328 0.57885 0.50434 0.57687 0.50251 0.57079 0.50149 0.57457 0.50158 0.57086 0.50293 0.57379 0.50235 0.56459 0.50239 0.56836 0.50161 0.56837 0.50165 0.56455 0.50235 0.56295 0.50171 0.56289 0.50256 0.55771 0.50237 0.56131 0.50268 0.55419 0.5026 0.55606 0.50295 0.55167 0.50255 0.54245 0.5029 0.54612 0.5023 0.53912 0.50226 0.53499 0.50236 0.52778 0.50234 0.53093 0.50247 0.51981 0.50241 0.52458 0.50253 0.51474 0.50262 0.50803 0.50271 0.50066 0.50281 0.49142 0.51902 0.52261 0.52424 0.52407 0.51872 0.52725 0.52386 0.5291 0.51864 0.5706 0.51666 0.56638 0.51759 0.56475 0.51965 0.5688 0.52901 0.4602 0.5289 0.44977 0.53329 0.45928 0.53301 0.44892 0.50306 0.46103 0.50314 0.45014 0.50335 0.42234 0.50331 0.42933 0.50338 0.41611 0.50349 0.40611 0.50341 0.41221 0.50367 0.38989 0.50375 0.38845 0.50376 0.3836 0.50958 0.54676 0.50713 0.54611 0.50355 0.37158 0.50358 0.37099 0.50362 0.37036 0.50366 0.36519 0.50354 0.35321 0.50349 0.35392 0.5036 0.35241 0.50369 0.34928 0.50356 0.33728 0.50356 0.33573 0.50348 0.32576 0.50348 0.328 0.64039 1.10211 0.63943 1.09436 0.50848 0.3275 0.50844 0.3254 0.50696 0.33549 0.50858 0.33656 0.50691 0.33704 0.50864 0.33508 0.52482 0.34673 0.52257 0.34734 0.52431 0.34562 0.52295 0.34843 0.52806 0.36324 0.5262 0.36477 0.5255 0.36092 0.5273 0.35971 0.51448 0.57143 0.51216 0.57203 0.51405 0.57008 0.51238 0.57312 0.52891 0.36511 0.52654 0.36592 0.52848 0.36417 0.52685 0.36705 0.52944 0.38455 0.53122 0.37925 0.53194 0.38269 0.52858 0.38042 0.53057 0.38689 0.53305 0.38547 0.53675 0.42129 0.53361 0.41498 0.53633 0.4145 0.53405 0.4219 0.53733 0.42803 0.53459 0.4288 0.53973 0.4579 0.53608 0.44814 0.53913 0.4474 0.53652 0.45852 0.51007 0.57378 0.51007 0.57253 0.54145 0.50175 0.5373 0.49098 0.541 0.49048 0.5376 0.50233 0.54241 0.52063 0.53812 0.51154 0.54199 0.51112 0.53857 0.52058 0.50885 0.57349 0.50895 0.57219 0.53743 0.53607 0.54216 0.5296 0.54093 0.53827 0.5384 0.52848 0.51668 0.33194 0.51501 0.33172 0.51618 0.33072 0.51545 0.33299 0.51598 0.32402 0.51715 0.32332 0.51627 0.3252 0.51741 0.32452 0.53454 0.54533 0.53954 0.54391 0.53775 0.54916 0.53619 0.54095 0.53221 0.56009 0.52934 0.55471 0.53516 0.55501 0.53201 0.55025 0.52729 0.55828 0.52977 0.56347 0.52516 0.56216 0.52717 0.56663 0.52089 0.57142 0.52364 0.57113 0.52222 0.57378 0.52213 0.56832 0.51978 0.57372 0.52119 0.57656 0.51618 0.5792 0.51997 0.57916 0.51691 0.58215 0.51863 0.57573 0.51347 0.58078 0.51367 0.58365 0.50998 0.58094 0.50972 0.58347 0.51279 0.57558 0.51558 0.57654 0.51317 0.57827 0.51502 0.57389 0.51009 0.57864 0.5101 0.57611 0.50681 0.57704 0.5073 0.57479 0.50866 0.5757 0.50841 0.57812 0.50514 0.57522 0.50594 0.57339 0.50433 0.5697 0.50397 0.57288 0.50337 0.57044 0.50495 0.57159 0.50314 0.56819 0.50306 0.56454 0.50405 0.56781 0.5039 0.56438 0.50298 0.56289 0.50389 0.56279 0.50394 0.56123 0.50308 0.5613 0.50546 0.54221 0.50541 0.54589 0.50542 0.53885 0.50516 0.53482 0.50488 0.53086 0.50483 0.52779 0.50493 0.52467 0.50783 0.52027 0.50747 0.5249 0.50514 0.51999 0.50546 0.515 0.50582 0.50827 0.50611 0.50089 0.50638 0.4916 0.52057 0.5655 0.51846 0.56206 0.52923 0.51961 0.53413 0.51156 0.53457 0.52019 0.52896 0.51157 0.51057 0.52531 0.51087 0.52077 0.50674 0.46114 0.5068 0.45024 0.51566 0.5678 0.51745 0.57216 0.50954 0.41213 0.51223 0.40662 0.51236 0.41223 0.50945 0.40641 0.5068 0.42941 0.50673 0.42238 0.50661 0.41607 0.50651 0.40622 0.50653 0.41213 0.50628 0.39012 0.50622 0.38846 0.50605 0.38377 0.50452 0.55433 0.50488 0.55189 0.50671 0.55479 0.5074 0.55248 0.50582 0.37103 0.50578 0.37176 0.50587 0.37028 0.50776 0.36508 0.50815 0.3703 0.5057 0.36496 0.50532 0.35317 0.50514 0.35383 0.50581 0.34923 0.50751 0.35249 0.50554 0.35246 0.5079 0.3491 0.5053 0.33572 0.50527 0.33727 0.50979 0.3523 0.51002 0.34863 0.59916 1.08177 0.51466 0.32466 0.51393 0.32638 0.5136 0.32499 0.51501 0.32591 0.52387 0.34467 0.52222 0.34628 0.52277 0.34161 0.52128 0.34292 0.51442 0.34722 0.51729 0.35013 0.51477 0.35119 0.51668 0.34632 0.51818 0.34547 0.52053 0.34761 0.51889 0.349 0.51975 0.3443 0.51769 0.35158 0.51481 0.35198 0.51748 0.35086 0.51487 0.35276 0.5195 0.35055 0.52087 0.34852 0.52122 0.3494 0.51918 0.34979 0.52386 0.366 0.52134 0.36349 0.52344 0.36226 0.52167 0.36741 0.52453 0.36838 0.52218 0.36986 0.5242 0.36716 0.52192 0.36861 0.52068 0.38888 0.51724 0.38454 0.52076 0.38377 0.51731 0.38931 0.50433 0.55617 0.50644 0.55674 0.51741 0.39131 0.52053 0.39094 0.51968 0.3697 0.51672 0.3718 0.5166 0.37069 0.51986 0.37093 0.51038 0.36564 0.51079 0.37042 0.52392 0.42358 0.52004 0.42336 0.52346 0.41682 0.51955 0.41676 0.52431 0.43054 0.52043 0.43029 0.47334 0.40906 0.47386 0.40301 0.52482 0.48172 0.52095 0.47181 0.52497 0.4714 0.52074 0.48202 0.51012 0.48157 0.51362 0.47189 0.51342 0.48188 0.51028 0.4717 0.50655 0.4814 0.50668 0.47159 0.5029 0.48126 0.49902 0.4812 0.49906 0.4714 0.50298 0.47148 0.49524 0.47132 0.49523 0.48119 0.49191 0.47136 0.49193 0.48134 0.48056 0.48062 0.48459 0.47091 0.48462 0.48111 0.48058 0.47031 0.47181 0.47868 0.47646 0.46939 0.47634 0.47977 0.47207 0.46824 0.46839 0.47791 0.4688 0.46741 0.53713 0.47956 0.53689 0.46902 0.54063 0.47909 0.54023 0.46848 0.52904 0.48108 0.5291 0.47068 0.53361 0.48019 0.53352 0.46973 0.53052 0.41114 0.52618 0.40623 0.52997 0.40523 0.52671 0.41192 0.52345 0.38774 0.52641 0.38607 0.52386 0.38969 0.52747 0.38784 0.52298 0.3828 0.52554 0.38173 0.47777 0.38347 0.47636 0.38586 0.47862 0.37967 0.49136 0.5708 0.48957 0.56867 0.48809 0.56633 0.48911 0.56199 0.492 0.55873 0.49359 0.55786 0.49776 0.56099 0.49678 0.55855 0.49803 0.56383 0.498 0.5624 0.4978 0.56651 0.49746 0.56787 0.49689 0.56913 0.49555 0.57069 0.49629 0.57003 0.49449 0.57141 0.49338 0.57163 0.49948 0.57823 0.49691 0.58065 0.49501 0.58153 0.49312 0.58187 0.48933 0.58131 0.48631 0.57978 0.48374 0.57612 0.4824 0.57405 0.48107 0.57199 0.47973 0.56945 0.47654 0.56464 0.47407 0.56139 0.47174 0.55795 0.46895 0.55279 0.46652 0.54689 0.46484 0.54162 0.46357 0.53599 0.46251 0.52736 0.46242 0.51848 0.46301 0.50907 0.4637 0.49979 0.46432 0.48859 0.46486 0.47727 0.46542 0.4667 0.46609 0.45616 0.46685 0.44568 0.46899 0.42637 0.46972 0.41965 0.47027 0.41287 0.47056 0.40836 0.47105 0.40217 0.47537 0.38194 0.47397 0.38422 0.47611 0.37853 0.47809 0.36451 0.47866 0.36375 0.47921 0.36305 0.48023 0.35987 0.48266 0.34723 0.48309 0.34614 0.48347 0.3452 0.48441 0.34212 0.48818 0.32991 0.48867 0.32908 0.48977 0.32382 0.4895 0.32499 0.5129 0.55195 0.51478 0.55332 0.51732 0.55655 0.52134 0.56221 0.5193 0.55919 0.52332 0.56551 0.52509 0.56912 0.47847 0.56725 0.48034 0.56393 0.48235 0.56088 0.48447 0.55804 0.48913 0.55251 0.48652 0.55555 0.49103 0.55132 0.49764 0.54933 0.49532 0.54978 0.50032 0.54916 0.50312 0.54929 0.50539 0.54949 0.50828 0.55033 0.51007 0.32725 0.50995 0.32528 0.51041 0.33575 0.51035 0.33439 0.51228 0.35182 0.51223 0.34794 0.51209 0.35337 0.51219 0.35259 0.51323 0.36595 0.51357 0.37021 0.51362 0.37222 0.51359 0.37121 0.51382 0.38473 0.51409 0.38924 0.51439 0.39122 0.51516 0.40683 0.51532 0.41239 0.51565 0.41643 0.51606 0.4229 0.51637 0.42984 0.51678 0.4614 0.51675 0.45051 0.5166 0.48204 0.51679 0.47195 0.51572 0.50264 0.51628 0.49276 0.51449 0.51679 0.51515 0.50992 0.51405 0.52141 0.5138 0.52592 0.51382 0.5288 0.51386 0.53162 0.51381 0.53624 0.51348 0.5403 0.51281 0.54379 0.51183 0.54754 0.50985 0.55345 0.51084 0.55109 0.50895 0.55573 0.5087 0.55766 0.50671 0.56133 0.50834 0.55939 0.50628 0.56256 0.50616 0.56393 0.50635 0.56623 0.50675 0.56769 0.50737 0.56906 0.50769 0.56962 0.50808 0.57007 0.50902 0.57089 0.51006 0.57127 0.51193 0.57094 0.51358 0.56873 0.51397 0.56425 0.4899 0.56794 0.48967 0.56355 0.49151 0.57027 0.4934 0.57101 0.49452 0.57068 0.49558 0.56979 0.49604 0.5693 0.49643 0.56867 0.497 0.56745 0.49736 0.56613 0.49759 0.56376 0.49752 0.56236 0.49713 0.5611 0.49556 0.55914 0.49517 0.55734 0.49491 0.55533 0.49405 0.55296 0.49311 0.55056 0.49132 0.54314 0.49221 0.54694 0.49073 0.53961 0.49049 0.53555 0.49054 0.53094 0.49064 0.52813 0.49071 0.52526 0.49055 0.52075 0.49021 0.51612 0.48969 0.50923 0.48925 0.50194 0.48887 0.49206 0.48875 0.48134 0.48874 0.47126 0.48892 0.46072 0.48914 0.44985 0.4903 0.42232 0.48988 0.42922 0.49082 0.41589 0.49147 0.4064 0.49121 0.41189 0.49302 0.38906 0.49247 0.39078 0.49345 0.38445 0.49343 0.37113 0.49338 0.37197 0.49383 0.36623 0.49347 0.37033 0.4948 0.3527 0.4949 0.35364 0.49469 0.35176 0.49475 0.34804 0.49645 0.33586 0.4965 0.33443 0.49688 0.3264 0.49679 0.32822 0.49944 0.439 0.49578 0.43897 0.50323 0.43906 0.50683 0.43917 0.5103 0.43931 0.51354 0.4394 0.51661 0.43948 0.52474 0.4397 0.52079 0.43966 0.52855 0.43941 0.5325 0.4387 0.53543 0.43793 0.5383 0.43707 0.47076 0.43638 0.46786 0.43537 0.4736 0.43728 0.47754 0.43819 0.48135 0.43866 0.4853 0.43882 0.48947 0.43884 0.49254 0.43891 0.50044 0.40024 0.50359 0.39482 0.50355 0.40027 0.50061 0.39483 0.50646 0.39515 0.50651 0.40052 0.50944 0.40084 0.50933 0.39553 0.512 0.39595 0.51217 0.40118 0.51484 0.39624 0.51505 0.40144 0.51844 0.40158 0.52115 0.39613 0.52191 0.40138 0.51795 0.39638 0.5248 0.39511 0.52555 0.40058 0.52944 0.39915 0.52867 0.39329 0.53243 0.39804 0.53169 0.39205 0.53518 0.39709 0.53429 0.39072 0.47161 0.39552 0.47519 0.39077 0.47439 0.39667 0.47255 0.38924 0.47799 0.39211 0.47723 0.39785 0.4806 0.39318 0.48031 0.39896 0.48314 0.39391 0.48323 0.39978 0.48755 0.39514 0.48745 0.40068 0.49182 0.39584 0.49456 0.40084 0.49158 0.40107 0.49482 0.39561 0.49735 0.40044 0.4976 0.39509 0.49378 0.55878 0.49216 0.55915 0.51155 0.55983 0.51001 0.55925 0.4961 0.37953 0.49336 0.37567 0.4961 0.37551 0.49341 0.37981 0.49861 0.37903 0.49855 0.37504 0.50115 0.37874 0.50109 0.37475 0.50356 0.37481 0.50366 0.37877 0.50583 0.37522 0.50594 0.37917 0.50815 0.37568 0.50823 0.37968 0.51082 0.37601 0.51091 0.38007 0.5137 0.37597 0.51376 0.38015 0.51713 0.37969 0.51695 0.37542 0.52049 0.3786 0.52018 0.37433 0.52266 0.37747 0.5224 0.37312 0.52515 0.37639 0.52477 0.3717 0.52733 0.37035 0.52797 0.37512 0.52997 0.36891 0.53066 0.37421 0.47914 0.37461 0.47702 0.36822 0.47975 0.36987 0.47648 0.37349 0.4818 0.37599 0.48232 0.37136 0.48496 0.37313 0.4848 0.3777 0.4874 0.37451 0.48744 0.37915 0.49042 0.37544 0.49053 0.3799 0.49952 0.36054 0.49746 0.35702 0.49977 0.35652 0.49706 0.36121 0.50157 0.3601 0.50168 0.35629 0.50355 0.35981 0.50349 0.35616 0.50517 0.35616 0.50539 0.35973 0.50694 0.35631 0.50727 0.35998 0.50935 0.35683 0.50979 0.3608 0.51224 0.35712 0.51271 0.36137 0.51525 0.35662 0.51574 0.36102 0.51884 0.35974 0.51828 0.35521 0.52083 0.35849 0.52018 0.35387 0.52281 0.35715 0.52201 0.35249 0.5239 0.35147 0.52479 0.35598 0.52592 0.35027 0.5267 0.35503 0.48277 0.35596 0.48088 0.3553 0.48165 0.35066 0.48366 0.35161 0.48458 0.35688 0.4854 0.35246 0.48716 0.35399 0.48651 0.35839 0.48898 0.35549 0.48844 0.35985 0.49185 0.35683 0.49139 0.36117 0.49429 0.36157 0.49473 0.35724 0.49926 0.34497 0.4978 0.34093 0.49959 0.34125 0.49732 0.34459 0.50144 0.34512 0.50157 0.34143 0.50364 0.34512 0.50359 0.34139 0.50545 0.34143 0.50569 0.34513 0.50728 0.34125 0.50768 0.34496 0.50909 0.34088 0.50964 0.34452 0.51111 0.34024 0.51174 0.34388 0.51316 0.33941 0.51382 0.34309 0.51597 0.34212 0.51523 0.33833 0.51741 0.3413 0.51662 0.33742 0.51887 0.34014 0.51798 0.33622 0.51929 0.33483 0.52028 0.33874 0.52174 0.33749 0.52064 0.33335 0.48534 0.33793 0.48775 0.3353 0.48676 0.33925 0.48639 0.33379 0.4881 0.34055 0.48902 0.33662 0.49035 0.33771 0.48955 0.34155 0.49173 0.33854 0.49098 0.34227 0.49378 0.33957 0.49313 0.34324 0.4952 0.34402 0.49579 0.34034 0.50168 0.33863 0.49989 0.3384 0.50355 0.33857 0.50527 0.33859 0.50692 0.33837 0.50861 0.33791 0.51054 0.33709 0.51253 0.33621 0.51456 0.33514 0.5159 0.33429 0.51718 0.33317 0.51837 0.33196 0.51942 0.33042 0.48867 0.33239 0.48757 0.33087 0.48982 0.33361 0.49107 0.33466 0.49239 0.33545 0.49437 0.33643 0.49632 0.33723 0.49823 0.33799 0.49997 0.33205 0.49831 0.33189 0.49661 0.33152 0.49493 0.33097 0.49326 0.33022 0.49221 0.3296 0.49113 0.32887 0.49007 0.32813 0.48912 0.32746 0.5178 0.32703 0.51678 0.32773 0.5156 0.32853 0.51449 0.32926 0.5134 0.32985 0.51183 0.33051 0.51026 0.33103 0.50861 0.33148 0.50698 0.33182 0.5053 0.33202 0.50354 0.33213 0.50171 0.33214 0.57356 0.43775 0.5544 0.43292 0.55465 0.43139 0.57709 0.44141 0.23146 0.4926 0.27426 0.48051 0.23199 0.4954 0.27477 0.48326 0.12411 0.51823 0.14815 0.51355 0.14813 0.51653 0.12347 0.51551 0.08578 0.54716 0.08028 0.56446 0.07811 0.56356 0.08738 0.54902 0.07792 0.59851 0.07427 0.57544 0.07664 0.5752 0.07562 0.59924 0.07518 0.62543 0.07275 0.62586 0.0776 0.64525 0.07522 0.64636 0.0819 0.66303 0.08433 0.66188 0.08748 0.69655 0.08525 0.69777 0.10387 0.74425 0.11587 0.76272 0.10171 0.74595 0.11787 0.76079 0.12593 0.77623 0.1191 0.76898 0.12182 0.76835 0.12388 0.77824 0.13598 0.78755 0.13437 0.79005 0.15674 0.80621 0.1692 0.81567 0.16725 0.81821 0.1577 0.80287 0.28246 0.8181 0.2729 0.82006 0.28187 0.8152 0.27236 0.81701 0.39351 0.6789 0.37256 0.71688 0.3704 0.71556 0.39571 0.68001 0.45261 0.5392 0.43841 0.57576 0.45027 0.53822 0.44071 0.57658 0.47376 0.45526 0.46483 0.48831 0.47116 0.45484 0.46725 0.48898 0.09473 0.71778 0.09707 0.71645 0.35743 0.73524 0.35579 0.73322 0.14947 0.7979 0.15108 0.7955 0.1888 0.82548 0.19066 0.82263 0.20306 0.83044 0.2022 0.83337 0.22252 0.83084 0.24512 0.8285 0.24522 0.83147 0.22294 0.82763 0.30156 0.80356 0.29987 0.80142 0.16688 0.51032 0.16718 0.5073 0.11672 0.52483 0.11518 0.52291 0.47878 0.42162 0.47614 0.42117 0.41646 0.43915 0.41248 0.44333 0.41457 0.43739 0.41147 0.44078 0.51078 0.44945 0.51155 0.41691 0.51374 0.44974 0.5085 0.41645 0.51733 0.48253 0.51443 0.48252 0.52816 0.53181 0.53774 0.56906 0.53505 0.56946 0.52555 0.53233 0.59623 0.71071 0.57647 0.67165 0.59811 0.70884 0.57435 0.67322 0.61264 0.72711 0.61119 0.72957 0.68637 0.81495 0.66884 0.7971 0.68767 0.81218 0.66677 0.79933 0.69665 0.81782 0.6977 0.81506 0.72671 0.82787 0.75136 0.83141 0.72621 0.83081 0.75145 0.8284 0.77301 0.83162 0.77356 0.83488 0.78923 0.82828 0.78868 0.82528 0.8136 0.82229 0.8124 0.81938 0.82609 0.81103 0.825 0.80797 0.83473 0.80324 0.85032 0.79388 0.85193 0.79637 0.83307 0.80067 0.86237 0.78345 0.8645 0.78548 0.87062 0.7768 0.86816 0.77522 0.87476 0.77094 0.88987 0.75399 0.89213 0.7557 0.87261 0.7689 0.90265 0.72885 0.90032 0.72737 0.915 0.70995 0.91248 0.70875 0.92221 0.67647 0.91971 0.67537 0.93087 0.66057 0.92845 0.65944 0.93234 0.63999 0.93486 0.64041 0.93064 0.61419 0.93341 0.6142 0.93693 0.59112 0.93427 0.59121 0.93406 0.5794 0.93161 0.57994 0.92533 0.56425 0.92728 0.56288 0.89703 0.53763 0.89557 0.53976 0.86161 0.52635 0.88742 0.53249 0.86114 0.52916 0.88857 0.52994 0.84126 0.51888 0.84046 0.52165 0.77059 0.5031 0.72435 0.48858 0.72579 0.48601 0.77183 0.50047 0.57827 0.43878 0.57519 0.43536 0.43422 0.4338 0.43442 0.43569 0.67994 0.47435 0.64021 0.46163 0.64147 0.45902 0.68076 0.4716 0.35269 0.4578 0.31696 0.47103 0.31615 0.46838 0.353 0.46058 0.60381 0.44997 0.60437 0.44714 0.3872 0.44781 0.38795 0.45044 0.65062 0.77833 0.65246 0.7761 0.31586 0.78109 0.31781 0.78289 0.61998 0.48284 0.5821 0.47103 0.54902 0.46073 0.79819 0.53837 0.75517 0.52497 0.81233 0.51531 0.42749 0.6059 0.42973 0.60679 0.5442 0.59959 0.54683 0.599 0.55905 0.62987 0.55673 0.63113 0.41551 0.63818 0.4134 0.63697 0.69943 0.79303 0.69164 0.80573 0.77869 0.82165 0.89951 0.66822 0.88263 0.69752 0.91714 0.63763 0.43691 0.46432 0.43925 0.52199 0.40597 0.53201 0.42424 0.49989 0.3895 0.5098 0.40595 0.47297 0.41924 0.5499 0.39208 0.59171 0.40268 0.61421 0.37673 0.65126 0.33717 0.69745 0.32385 0.67186 0.28621 0.71423 0.27462 0.68808 0.23133 0.70232 0.20772 0.74006 0.19659 0.71374 0.24302 0.72843 0.14597 0.76041 0.12375 0.70755 0.1349 0.73407 0.21935 0.67557 0.18527 0.68696 0.30999 0.64524 0.26265 0.6611 0.11513 0.68704 0.20988 0.65441 0.17638 0.66594 0.29883 0.62381 0.2531 0.63955 0.36243 0.62769 0.34949 0.60637 0.30611 0.75911 0.34352 0.74804 0.16316 0.80131 0.08862 0.62396 0.17276 0.57153 0.18484 0.5985 0.15204 0.60837 0.14036 0.58074 0.25886 0.54702 0.22901 0.58523 0.21732 0.55886 0.27202 0.57229 0.32004 0.55785 0.30542 0.53375 0.12778 0.55099 0.20428 0.52946 0.19365 0.50549 0.24393 0.51834 0.28849 0.50586 0.36971 0.48311 0.10215 0.65617 0.19705 0.62576 0.16389 0.63638 0.28517 0.59756 0.24078 0.61178 0.33455 0.58175 0.26252 0.77198 0.27296 0.79529 0.23624 0.8075 0.22579 0.78278 0.15953 0.54199 0.27889 0.80855 0.91871 0.5759 0.81994 0.80629 0.62525 0.74295 0.66485 0.75588 0.83091 0.78726 0.84305 0.76619 0.81583 0.75647 0.80358 0.77798 0.63669 0.69298 0.67735 0.73549 0.62026 0.71629 0.69152 0.71239 0.82967 0.73219 0.85696 0.74205 0.65357 0.66902 0.70647 0.688 0.87154 0.71676 0.84415 0.70676 0.67118 0.64406 0.7221 0.6625 0.85526 0.68727 0.68531 0.62402 0.73447 0.64232 0.87169 0.65843 0.70272 0.59934 0.75056 0.61608 0.88797 0.62986 0.71964 0.57535 0.76605 0.59081 0.56074 0.54495 0.78096 0.56648 0.73599 0.55216 0.5963 0.50767 0.55987 0.49607 0.24199 0.8211 0.79253 0.79736 0.62298 0.74444 0.3455 0.74972 0.57705 0.52785 0.54203 0.51618 0.90211 0.60505 0.19873 0.81992 0.18806 0.79396 0.16003 0.72579 0.17089 0.7522 0.14905 0.69908 0.14051 0.6783 0.12801 0.64788 0.11562 0.61775 0.1046 0.59091 0.09232 0.56104 0.73888 0.80711 0.15496 0.78179 0.88122 0.56421 0.86435 0.59301 0.84938 0.61856 0.83379 0.64516 0.81739 0.67315 0.80584 0.69285 0.79094 0.71828 0.7767 0.74258 0.76381 0.76457 0.75233 0.78417 0.73098 0.8206 0.71268 0.77142 0.73865 0.72905 0.72491 0.75146 0.7535 0.70482 0.76904 0.67947 0.78117 0.65967 0.79778 0.63256 0.81367 0.60664 0.82894 0.58172 0.84633 0.55334 0.19327 0.50249 0.81298 0.5125 0.34988 0.72188 0.37614 0.56611 0.36297 0.54494 0.34839 0.52151 0.3312 0.4939 0.58671 0.5873 0.60646 0.56337 0.62312 0.54319 0.64075 0.52183 0.6621 0.49596 0.61514 0.62375 0.59737 0.64574 0.6312 0.60387 0.64982 0.58083 0.66811 0.55819 0.68588 0.5362 0.70706 0.50997 0.57296 0.60847 0.29684 0.7382 0.25337 0.75155 0.21726 0.76262 0.1799 0.77412 0.45678 0.51592 0.4593 0.51627 0.52047 0.50959 0.52348 0.51049 0.43275 0.47227 0.45073 0.44429 0.44793 0.47784 0.4622 0.45638 0.41128 0.46408 0.43592 0.42869 0.3956 0.44663 0.39038 0.45469 0.36537 0.44052 0.37588 0.42469 0.34034 0.42527 0.35615 0.40275 0.31893 0.41054 0.33815 0.38273 0.29862 0.39476 0.32052 0.36312 0.2778 0.37582 0.30096 0.34134 0.23585 0.32918 0.28177 0.31999 0.25804 0.35534 0.25913 0.29477 0.46856 0.46304 0.45424 0.48429 0.5469 0.45387 0.51834 0.43942 0.52405 0.41691 0.53529 0.46577 0.56189 0.4385 0.53787 0.40245 0.57876 0.42065 0.55577 0.38376 0.59852 0.39972 0.57535 0.3633 0.5754 0.31655 0.54648 0.31794 0.55433 0.28522 0.55752 0.33529 0.59441 0.2966 0.57441 0.26648 0.6124 0.27778 0.59325 0.24897 0.63376 0.25546 0.61599 0.22785 0.59906 0.1371 0.60385 0.15854 0.59336 0.14226 0.54329 0.49431 0.55012 0.48906 0.54413 0.49548 0.54943 0.48775 0.56501 0.48375 0.56446 0.48228 0.5863 0.47571 0.5857 0.47425 0.60709 0.46648 0.60645 0.46509 0.63204 0.45264 0.63138 0.45135 0.65685 0.43765 0.65602 0.43639 0.67734 0.42152 0.67815 0.42282 0.69776 0.40617 0.69854 0.40737 0.71866 0.3874 0.71945 0.38867 0.73851 0.36745 0.73939 0.36854 0.76047 0.34115 0.76141 0.34225 0.78772 0.30359 0.79485 0.28672 0.79593 0.28765 0.78667 0.30259 0.81834 0.23169 0.81235 0.25577 0.81123 0.25497 0.81949 0.23237 0.8279 0.19102 0.82663 0.20897 0.82545 0.2084 0.82672 0.1907 0.79901 0.13914 0.78943 0.13387 0.79929 0.13781 0.78954 0.13224 0.78329 0.13189 0.78367 0.13348 0.76764 0.13039 0.75016 0.13229 0.76742 0.12873 0.75025 0.13362 0.71657 0.14619 0.70266 0.14703 0.71648 0.14451 0.70207 0.14514 0.69001 0.14081 0.67878 0.14175 0.68971 0.13933 0.67873 0.14319 0.64803 0.13401 0.63771 0.13399 0.64822 0.13263 0.6378 0.13527 0.61409 0.13303 0.6146 0.13494 0.59852 0.13589 0.5926 0.1413 0.58766 0.14742 0.58012 0.17334 0.58669 0.14672 0.58131 0.17396 0.57002 0.21498 0.57127 0.21591 0.56323 0.24965 0.56209 0.24927 0.55307 0.28453 0.54515 0.31772 0.53819 0.35555 0.53692 0.35523 0.53095 0.39206 0.52958 0.39138 0.52276 0.41619 0.51702 0.43882 0.51656 0.45292 0.51509 0.4527 0.82799 0.17299 0.82397 0.1568 0.82917 0.17306 0.82288 0.15743 0.81574 0.14649 0.80513 0.14107 0.80542 0.13954 0.81499 0.14774 0.62581 0.13351 0.62617 0.1351 0.65888 0.13628 0.65835 0.13753 0.73267 0.14169 0.72359 0.14419 0.73222 0.14033 0.72383 0.14575 0.77819 0.13161 0.77835 0.13311 0.52901 0.47219 0.4824 0.44375 0.4794 0.43051 0.48076 0.42987 0.48094 0.44466 0.47544 0.40717 0.47415 0.40787 0.46767 0.38307 0.46881 0.38243 0.45969 0.34778 0.46101 0.34681 0.45155 0.31068 0.45285 0.30957 0.4445 0.27687 0.44555 0.27633 0.43534 0.24216 0.4367 0.24124 0.4297 0.20671 0.42852 0.20703 0.41884 0.16578 0.41998 0.16515 0.41326 0.1387 0.41232 0.13969 0.40135 0.12747 0.40649 0.13421 0.40065 0.12874 0.4073 0.13308 0.38564 0.12363 0.38544 0.12512 0.37363 0.12462 0.37271 0.12619 0.36103 0.12717 0.35033 0.12612 0.36143 0.12563 0.35076 0.12465 0.34004 0.12819 0.33968 0.12972 0.31975 0.13349 0.31926 0.13511 0.30887 0.13028 0.30892 0.13172 0.29687 0.13622 0.29637 0.13496 0.28175 0.13464 0.28121 0.13605 0.26578 0.13072 0.27453 0.13448 0.26535 0.13235 0.27381 0.13598 0.23009 0.12011 0.24756 0.12289 0.2466 0.12432 0.23034 0.11873 0.21944 0.12318 0.21945 0.12152 0.2143 0.1216 0.20806 0.1232 0.208 0.1217 0.21397 0.12319 0.19811 0.1271 0.19826 0.12855 0.19216 0.13011 0.19187 0.12861 0.18195 0.13648 0.18125 0.1352 0.17276 0.14545 0.17383 0.14608 0.16752 0.16165 0.16876 0.16156 0.16991 0.17916 0.17107 0.19677 0.16988 0.1973 0.1687 0.17948 0.18403 0.24388 0.17813 0.2199 0.1852 0.24303 0.17696 0.22059 0.20144 0.27485 0.20855 0.29168 0.20038 0.27575 0.20957 0.29076 0.25709 0.35653 0.23494 0.33028 0.27694 0.37694 0.2978 0.39599 0.3182 0.41176 0.33967 0.42667 0.36466 0.44183 0.38971 0.45601 0.41065 0.4655 0.43214 0.4737 0.44719 0.47908 0.45327 0.48542 0.77631 0.31783 0.77726 0.31895 0.21904 0.30702 0.22 0.30601 0.80414 0.27171 0.80304 0.27084 0.1922 0.25982 0.19332 0.25894 0.24118 0.27481 0.22976 0.2621 0.2187 0.24979 0.20822 0.23811 0.1879 0.15631 0.19412 0.16684 0.18422 0.2114 0.18426 0.14421 0.62986 0.14071 0.70451 0.18126 0.67905 0.16915 0.68962 0.15927 0.69412 0.19219 0.71672 0.16836 0.76909 0.16075 0.78094 0.14834 0.78704 0.13795 0.21059 0.12748 0.2166 0.13764 0.22787 0.15047 0.28056 0.15992 0.27118 0.15008 0.29276 0.17271 0.32018 0.15843 0.30311 0.18357 0.30979 0.14854 0.32139 0.20276 0.36289 0.19915 0.34431 0.22683 0.33915 0.17651 0.38336 0.21862 0.364 0.24745 0.40574 0.23995 0.38518 0.26967 0.42451 0.25783 0.40324 0.2886 0.42226 0.30855 0.44037 0.32752 0.41887 0.41073 0.46024 0.39375 0.44193 0.37516 0.80917 0.16737 0.81278 0.15517 0.81229 0.22298 0.7921 0.1939 0.80282 0.17787 0.76687 0.27336 0.74786 0.24529 0.77793 0.2611 0.75898 0.23239 0.73684 0.2575 0.75548 0.28599 0.71497 0.33092 0.6746 0.31892 0.69458 0.29929 0.69591 0.35205 0.65413 0.34055 0.67626 0.37383 0.65865 0.39336 0.63625 0.35962 0.64057 0.41342 0.61769 0.37941 0.62102 0.43507 0.60134 0.45689 0.72315 0.20879 0.73513 0.19627 0.71237 0.22008 0.65177 0.28345 0.67125 0.2631 0.63076 0.30539 0.61274 0.32421 0.59384 0.34396 0.35927 0.14678 0.36895 0.13249 0.39564 0.15036 0.40493 0.18649 0.65324 0.23515 0.63636 0.20897 0.38375 0.16808 0.59473 0.19482 0.61531 0.17632 0.6391 0.15489 0.19744 0.22612 0.26057 0.13896 0.75563 0.1748 0.73667 0.14747 0.77924 0.20884 0.79915 0.23755 0.74449 0.18645 0.7255 0.15907 0.7686 0.2212 0.7883 0.24959 0.39902 0.38982 0.42223 0.35485 0.37959 0.36935 0.40339 0.33544 0.3611 0.34954 0.3844 0.31585 0.34319 0.33035 0.36621 0.29709 0.32286 0.30872 0.3452 0.27545 0.30273 0.28877 0.32529 0.25516 0.27908 0.26529 0.30202 0.23139 0.24933 0.23434 0.28349 0.21248 0.26037 0.24654 0.27258 0.20135 0.23817 0.22151 0.26106 0.18826 0.22826 0.21009 0.25159 0.17746 0.21778 0.19804 0.24122 0.16567 0.20463 0.18291 0.73751 0.30592 0.71811 0.27615 0.69406 0.23923 0.67585 0.2113 0.65996 0.1869</float_array>
          <technique_common>
            <accessor source="#uvs_0-array" count="8730" stride="2">
              <param name="S" type="float"/>
              <param name="T" type="float"/>
            </accessor>
          </technique_common>
        </source>
        <vertices id="vert_0">
          <input semantic="POSITION" source="#pos_0"/>
        </vertices>
        <triangles count="9356" material="mat_0">
          <input semantic="VERTEX" source="#vert_0" offset="0"/>
          <input semantic="NORMAL" source="#norm_0" offset="1"/>
          <input semantic="TEXCOORD" source="#uvs_0" offset="2"/>
          <p>0 0 0 1 1 1 2 2 2 3 3 3 4 4 4 5 5 5 6 3 6 7 6 7 2 2 2 1 1 1 6 3 6 2 2 2 6 3 6 1 1 1 8 7 8 9 8 9 10 9 10 0 0 0 10 9 10 1 1 1 0 0 0 11 10 11 0 0 0 12 11 12 0 0 0 11 10 11 9 8 9 13 12 13 14 13 14 15 14 15 14 13 14 13 12 13 16 15 16 17 16 17 15 14 15 18 17 18 15 14 15 17 16 17 13 12 13 19 18 19 20 19 20 21 20 21 20 19 20 19 18 19 22 21 22 23 22 23 24 23 24 25 24 25 24 23 24 23 22 23 26 25 26 27 26 27 28 27 28 29 28 29 28 27 28 30 29 30 29 28 29 31 30 31 32 31 32 28 27 28 32 31 32 31 30 31 33 32 33 31 30 31 34 33 34 33 32 33 34 33 34 31 30 31 35 34 35 36 35 36 37 36 37 38 37 38 37 36 37 36 35 36 39 38 39 40 39 40 41 40 41 42 41 42 41 40 41 40 39 40 43 42 43 44 43 44 45 44 45 46 45 46 45 44 45 44 43 44 47 46 47 48 47 48 44 43 44 49 48 49 44 43 44 48 47 48 47 46 47 50 49 50 48 47 48 49 48 49 48 47 48 50 49 50 51 50 51 50 49 50 52 51 52 51 50 51 52 51 52 50 49 50 53 52 53 52 51 52 53 52 53 54 53 54 52 51 52 54 53 54 55 54 55 56 55 56 41 40 41 57 56 57 41 40 41 56 55 56 42 41 42 58 57 58 59 58 59 36 35 36 36 35 36 38 37 38 58 57 58 32 31 32 30 29 30 28 27 28 30 29 30 32 31 32 60 59 60 61 60 61 62 61 62 63 62 63 62 61 62 61 60 61 64 63 64 64 63 64 35 34 35 65 64 65 35 34 35 64 63 64 61 60 61 66 65 66 23 22 23 25 24 25 23 22 23 66 65 66 67 66 67 68 67 68 69 68 69 70 19 70 69 68 69 68 67 68 71 69 71 10 9 10 8 7 8 1 1 1 8 7 8 10 9 10 72 70 72 12 11 12 3 3 3 5 5 5 3 3 3 12 11 12 7 6 7 12 11 12 2 2 2 7 6 7 2 2 2 12 11 12 0 0 0 73 71 73 12 11 12 5 5 5 12 11 12 73 71 73 11 10 11 5 5 5 74 72 74 73 71 73 74 72 74 5 5 5 4 4 4 75 73 75 76 17 76 77 74 77 76 17 76 75 73 75 78 75 78 75 73 75 79 76 79 80 77 80 79 76 79 75 73 75 77 74 77 19 18 19 21 20 21 81 78 81 19 18 19 81 78 81 82 79 82 83 80 83 84 81 84 81 78 81 82 79 82 81 78 81 84 81 84 85 82 85 86 83 86 87 84 87 85 82 85 87 84 87 88 85 88 89 86 89 28 27 28 27 26 27 28 27 28 89 86 89 31 30 31 89 86 89 35 34 35 31 30 31 35 34 35 89 86 89 65 64 65 61 60 61 34 33 34 35 34 35 34 33 34 61 60 61 90 87 90 63 62 63 91 59 91 90 87 90 63 62 63 90 87 90 61 60 61 92 88 92 93 89 93 94 90 94 93 89 93 92 88 92 95 91 95 96 92 96 97 93 97 98 94 98 97 93 97 96 92 96 99 95 99 98 94 98 97 93 97 56 55 56 56 55 56 57 56 57 98 94 98 59 58 59 94 90 94 93 89 93 94 90 94 59 58 59 58 57 58 66 65 66 100 96 100 67 66 67 100 96 100 66 65 66 101 97 101 71 69 71 83 80 83 69 68 69 83 80 83 71 69 71 84 81 84 16 15 16 79 76 79 14 13 14 79 76 79 16 15 16 80 77 80 96 92 96 102 98 102 99 95 99 99 95 99 102 98 102 103 99 103 39 38 39 104 100 104 37 36 37 104 100 104 105 101 105 37 36 37 88 85 88 24 23 24 26 25 26 24 23 24 88 85 88 87 84 87 106 102 106 107 103 107 108 104 108 107 103 107 106 102 106 109 105 109 110 106 110 111 105 111 112 107 112 112 107 112 111 105 111 113 108 113 114 109 114 115 110 115 110 106 110 114 109 114 110 106 110 112 107 112 115 110 115 114 109 114 116 111 116 116 111 116 117 112 117 115 110 115 116 111 116 107 103 107 117 112 117 107 103 107 116 111 116 108 104 108 42 41 42 118 113 118 119 114 119 119 114 119 40 39 40 42 41 42 103 99 103 120 115 120 99 95 99 120 115 120 103 99 103 121 116 121 122 117 122 97 93 97 120 115 120 97 93 97 99 95 99 120 115 120 97 93 97 122 117 122 123 118 123 123 118 123 56 55 56 97 93 97 123 118 123 42 41 42 56 55 56 42 41 42 123 118 123 118 113 118 124 119 124 125 120 125 126 121 126 125 120 125 124 119 124 127 122 127 128 123 128 129 124 129 130 125 130 129 124 129 128 123 128 131 121 131 132 126 132 128 123 128 130 125 130 128 123 128 132 126 132 133 127 133 132 126 132 134 128 134 133 127 133 134 128 134 132 126 132 135 129 135 127 122 127 134 128 134 135 129 135 134 128 134 127 122 127 124 119 124 136 130 136 137 131 137 138 132 138 137 131 137 136 130 136 139 133 139 140 134 140 141 135 141 142 136 142 141 135 141 140 134 140 143 137 143 140 134 140 144 138 144 145 139 145 144 138 144 140 134 140 142 136 142 146 140 146 144 138 144 147 141 147 144 138 144 146 140 146 145 139 145 139 133 139 147 141 147 137 131 137 147 141 147 139 133 139 146 140 146 148 142 148 149 143 149 150 144 150 149 143 149 148 142 148 151 145 151 150 144 150 152 146 152 148 142 148 152 146 152 150 144 150 153 147 153 154 148 154 155 149 155 156 150 156 155 149 155 154 148 154 157 151 157 158 152 158 154 148 154 159 153 159 154 148 154 156 150 156 159 153 159 158 152 158 159 153 159 151 145 151 149 143 149 151 145 151 159 153 159 133 127 133 160 154 160 161 155 161 160 154 160 133 127 133 134 128 134 124 119 124 160 154 160 134 128 134 160 154 160 124 119 124 162 156 162 162 156 162 126 121 126 163 157 163 126 121 126 162 156 162 124 119 124 164 158 164 131 121 131 128 123 128 131 121 131 164 158 164 165 159 165 133 127 133 164 158 164 128 123 128 164 158 164 133 127 133 161 155 161 33 32 33 135 129 135 132 126 132 135 129 135 33 32 33 34 33 34 90 87 90 135 129 135 34 33 34 135 129 135 90 87 90 127 122 127 127 122 127 91 59 91 125 120 125 91 59 91 127 122 127 90 87 90 130 125 130 60 59 60 32 31 32 60 59 60 130 125 130 129 124 129 33 32 33 130 125 130 32 31 32 130 125 130 33 32 33 132 126 132 161 155 161 93 89 93 164 158 164 93 89 93 161 155 161 59 58 59 93 89 93 165 159 165 164 158 164 165 159 165 93 89 93 95 91 95 162 156 162 163 157 163 39 38 39 163 157 163 104 100 104 39 38 39 162 156 162 36 35 36 160 154 160 36 35 36 162 156 162 39 38 39 59 58 59 161 155 161 160 154 160 160 154 160 36 35 36 59 58 59 58 57 58 120 115 120 94 90 94 120 115 120 58 57 58 122 117 122 121 116 121 94 90 94 120 115 120 94 90 94 121 116 121 92 88 92 118 113 118 37 36 37 105 101 105 105 101 105 119 114 119 118 113 118 38 37 38 118 113 118 123 118 123 118 113 118 38 37 38 37 36 37 122 117 122 58 57 58 38 37 38 38 37 38 123 118 123 122 117 122 114 109 114 98 94 98 57 56 57 57 56 57 116 111 116 114 109 114 57 56 57 108 104 108 116 111 116 108 104 108 57 56 57 41 40 41 108 104 108 41 40 41 43 42 43 43 42 43 106 102 106 108 104 108 112 107 112 113 108 113 96 92 96 96 92 96 113 108 113 102 98 102 112 107 112 98 94 98 114 109 114 98 94 98 112 107 112 96 92 96 49 48 49 115 110 115 117 112 117 117 112 117 50 49 50 49 48 49 117 112 117 53 52 53 50 49 50 53 52 53 117 112 117 107 103 107 53 52 53 107 103 107 109 105 109 109 105 109 54 53 54 53 52 53 44 43 44 46 45 46 110 106 110 110 106 110 46 45 46 111 105 111 49 48 49 110 106 110 115 110 115 110 106 110 49 48 49 44 43 44 69 68 69 166 160 166 167 161 167 166 160 166 69 68 69 83 80 83 166 160 166 83 80 83 168 162 168 81 78 81 168 162 168 83 80 83 21 20 21 169 163 169 168 162 168 21 20 21 168 162 168 81 78 81 21 20 21 170 164 170 169 163 169 170 164 170 21 20 21 20 19 20 167 161 167 70 19 70 69 68 69 70 19 70 167 161 167 171 165 171 171 165 171 167 161 167 136 130 136 167 161 167 139 133 139 136 130 136 169 163 169 143 137 143 140 134 140 143 137 143 169 163 169 170 164 170 169 163 169 145 139 145 168 162 168 145 139 145 169 163 169 140 134 140 145 139 145 166 160 166 168 162 168 166 160 166 145 139 145 146 140 146 167 161 167 146 140 146 139 133 139 146 140 146 167 161 167 166 160 166 138 132 138 13 12 13 17 16 17 13 12 13 138 132 138 137 131 137 142 136 142 78 75 78 75 73 75 78 75 78 142 136 142 141 135 141 142 136 142 80 77 80 144 138 144 80 77 80 142 136 142 75 73 75 147 141 147 80 77 80 16 15 16 80 77 80 147 141 147 144 138 144 137 131 137 16 15 16 13 12 13 16 15 16 137 131 137 147 141 147 148 142 148 18 17 18 15 14 15 18 17 18 148 142 148 152 146 152 77 74 77 157 151 157 154 148 154 157 151 157 77 74 77 76 17 76 79 76 79 77 74 77 158 152 158 77 74 77 154 148 154 158 152 158 79 76 79 158 152 158 14 13 14 14 13 14 158 152 158 151 145 151 15 14 15 151 145 151 148 142 148 151 145 151 15 14 15 14 13 14 73 71 73 153 147 153 150 144 150 153 147 153 73 71 73 74 72 74 156 150 156 72 70 72 10 9 10 72 70 72 156 150 156 155 149 155 159 153 159 156 150 156 9 8 9 156 150 156 10 9 10 9 8 9 149 143 149 9 8 9 11 10 11 9 8 9 149 143 149 159 153 159 150 144 150 11 10 11 73 71 73 11 10 11 150 144 150 149 143 149 87 84 87 172 166 172 24 23 24 172 166 172 87 84 87 173 167 173 25 24 25 172 166 172 174 168 174 172 166 172 25 24 25 24 23 24 25 24 25 175 169 175 66 65 66 175 169 175 25 24 25 174 168 174 175 169 175 101 97 101 66 65 66 101 97 101 175 169 175 176 170 176 86 83 86 177 171 177 173 167 173 86 83 86 173 167 173 87 84 87 173 167 173 178 172 178 172 166 172 178 172 178 173 167 173 179 173 179 174 168 174 178 172 178 180 174 180 178 172 178 174 168 174 172 166 172 174 168 174 181 175 181 175 169 175 181 175 181 174 168 174 180 174 180 181 175 181 176 170 176 175 169 175 176 170 176 181 175 181 182 176 182 177 171 177 183 177 183 179 173 179 177 171 177 179 173 179 173 167 173 179 173 179 184 178 184 178 172 178 184 178 184 179 173 179 185 179 185 180 174 180 184 178 184 186 180 186 184 178 184 180 174 180 178 172 178 180 174 180 187 181 187 181 175 181 187 181 187 180 174 180 186 180 186 187 181 187 182 176 182 181 175 181 182 176 182 187 181 187 188 182 188 183 177 183 189 183 189 185 179 185 183 177 183 185 179 185 179 173 179 185 179 185 190 184 190 184 178 184 190 184 190 185 179 185 191 185 191 186 180 186 190 184 190 192 186 192 190 184 190 186 180 186 184 178 184 186 180 186 193 187 193 187 181 187 193 187 193 186 180 186 192 186 192 193 187 193 188 182 188 187 181 187 188 182 188 193 187 193 194 188 194 189 183 189 195 188 195 191 185 191 189 183 189 191 185 191 185 179 185 191 185 191 196 189 196 190 184 190 196 189 196 191 185 191 197 190 197 192 186 192 196 189 196 198 191 198 196 189 196 192 186 192 190 184 190 192 186 192 199 192 199 193 187 193 199 192 199 192 186 192 198 191 198 199 192 199 194 188 194 193 187 193 194 188 194 199 192 199 200 193 200 195 188 195 201 194 201 197 190 197 195 188 195 197 190 197 191 185 191 197 190 197 202 195 202 196 189 196 202 195 202 197 190 197 203 196 203 198 191 198 202 195 202 204 197 204 202 195 202 198 191 198 196 189 196 198 191 198 205 198 205 199 192 199 205 198 205 198 191 198 204 197 204 205 198 205 200 193 200 199 192 199 200 193 200 205 198 205 206 199 206 201 194 201 207 200 207 203 196 203 201 194 201 203 196 203 197 190 197 203 196 203 208 201 208 202 195 202 208 201 208 203 196 203 209 202 209 204 197 204 208 201 208 210 203 210 208 201 208 204 197 204 202 195 202 204 197 204 211 204 211 205 198 205 211 204 211 204 197 204 210 203 210 211 204 211 206 199 206 205 198 205 206 199 206 211 204 211 212 205 212 207 200 207 213 205 213 209 202 209 207 200 207 209 202 209 203 196 203 209 202 209 214 206 214 208 201 208 214 206 214 209 202 209 215 207 215 210 203 210 214 206 214 216 208 216 214 206 214 210 203 210 208 201 208 210 203 210 217 209 217 211 204 211 217 209 217 210 203 210 216 208 216 217 209 217 212 205 212 211 204 211 212 205 212 217 209 217 218 210 218 213 205 213 219 211 219 215 207 215 213 205 213 215 207 215 209 202 209 215 207 215 220 212 220 214 206 214 220 212 220 215 207 215 221 213 221 216 208 216 220 212 220 222 214 222 220 212 220 216 208 216 214 206 214 216 208 216 223 215 223 217 209 217 223 215 223 216 208 216 222 214 222 223 215 223 218 210 218 217 209 217 218 210 218 223 215 223 224 216 224 219 211 219 225 217 225 221 213 221 219 211 219 221 213 221 215 207 215 221 213 221 65 64 65 220 212 220 65 64 65 221 213 221 64 63 64 222 214 222 65 64 65 89 86 89 65 64 65 222 214 222 220 212 220 222 214 222 27 26 27 223 215 223 27 26 27 222 214 222 89 86 89 27 26 27 224 216 224 223 215 223 224 216 224 27 26 27 29 28 29 225 217 225 62 61 62 64 63 64 225 217 225 64 63 64 221 213 221 26 25 26 84 81 84 88 85 88 71 69 71 88 85 88 84 81 84 82 79 82 26 25 26 23 22 23 26 25 26 82 79 82 84 81 84 82 79 82 67 66 67 19 18 19 67 66 67 82 79 82 23 22 23 67 66 67 22 21 22 19 18 19 22 21 22 67 66 67 100 96 100 68 67 68 85 82 85 88 85 88 68 67 68 88 85 88 71 69 71 226 218 0 227 219 2 228 220 1 229 221 3 230 222 5 231 223 4 232 221 6 227 219 2 233 224 7 232 221 6 228 220 1 227 219 2 228 220 1 232 221 6 234 225 8 226 218 0 235 226 10 236 227 9 235 226 10 226 218 0 228 220 1 237 228 11 226 218 0 236 227 9 226 218 0 237 228 11 238 229 12 239 230 13 240 231 15 241 232 14 239 230 13 241 232 14 242 233 16 243 234 17 240 231 15 239 230 13 240 231 15 243 234 17 244 235 18 245 236 19 246 237 21 247 238 20 247 238 20 248 239 22 245 236 19 249 240 24 250 241 23 251 242 25 250 241 23 249 240 24 252 243 26 253 244 29 254 245 28 255 246 27 254 245 28 253 244 29 256 247 30 254 245 28 257 248 32 258 249 31 257 248 32 259 250 33 258 249 31 258 249 31 260 251 34 261 252 35 260 251 34 258 249 31 259 250 33 262 253 36 263 254 37 264 255 39 263 254 37 262 253 36 265 256 38 266 257 41 267 258 40 268 259 42 267 258 40 266 257 41 269 260 43 270 261 44 271 262 45 272 263 47 271 262 45 270 261 44 273 264 46 274 265 48 270 261 44 272 263 47 270 261 44 274 265 48 275 266 49 275 266 49 274 265 48 276 267 50 274 265 48 277 268 51 276 267 50 278 269 52 276 267 50 277 268 51 276 267 50 278 269 52 279 270 53 280 271 55 281 272 54 278 269 52 279 270 53 278 269 52 281 272 54 282 273 56 266 257 41 268 259 42 266 257 41 282 273 56 283 274 57 284 275 58 262 253 36 285 276 59 262 253 36 284 275 58 265 256 38 256 247 30 257 248 32 254 245 28 257 248 32 256 247 30 286 277 60 287 278 62 288 279 61 289 280 63 288 279 61 287 278 62 290 281 64 261 252 35 290 281 64 291 282 65 290 281 64 261 252 35 288 279 61 292 283 66 250 241 23 293 284 67 250 241 23 292 283 66 251 242 25 294 285 69 295 239 68 296 286 70 295 239 68 294 285 69 297 287 71 235 226 10 228 220 1 234 225 8 234 225 8 298 288 72 235 226 10 230 222 5 229 221 3 238 229 12 238 229 12 229 221 3 233 224 7 238 229 12 227 219 2 226 218 0 227 219 2 238 229 12 233 224 7 299 289 73 238 229 12 237 228 11 238 229 12 299 289 73 230 222 5 299 289 73 300 290 74 230 222 5 300 290 74 231 223 4 230 222 5 301 235 76 302 291 75 303 292 77 302 291 75 301 235 76 304 234 78 305 293 79 302 291 75 306 294 80 302 291 75 305 293 79 303 292 77 307 295 82 308 296 81 245 236 19 245 236 19 308 296 81 246 237 21 309 297 84 308 296 81 307 295 82 308 296 81 309 297 84 310 298 83 311 299 85 312 300 87 313 301 86 312 300 87 311 299 85 314 302 88 254 245 28 315 303 89 255 246 27 315 303 89 254 245 28 258 249 31 315 303 89 258 249 31 261 252 35 315 303 89 261 252 35 291 282 65 316 304 90 288 279 61 260 251 34 261 252 35 260 251 34 288 279 61 289 280 63 316 304 90 317 277 91 316 304 90 289 280 63 288 279 61 318 305 92 319 306 93 320 307 95 319 306 93 318 305 92 321 308 94 322 309 96 323 310 97 324 311 99 323 310 97 322 309 96 325 312 98 325 312 98 282 273 56 323 310 97 282 273 56 325 312 98 283 274 57 285 276 59 321 308 94 284 275 58 321 308 94 285 276 59 319 306 93 326 313 100 292 283 66 293 284 67 292 283 66 326 313 100 327 314 101 310 298 83 297 287 71 294 285 69 297 287 71 310 298 83 309 297 84 242 233 16 305 293 79 306 294 80 305 293 79 242 233 16 241 232 14 324 311 99 328 315 103 329 316 102 324 311 99 329 316 102 322 309 96 264 255 39 263 254 37 330 317 104 330 317 104 263 254 37 331 318 105 249 240 24 314 302 88 252 243 26 314 302 88 249 240 24 312 300 87 332 319 107 333 320 106 334 321 108 333 320 106 332 319 107 335 322 109 336 323 112 337 324 113 338 322 111 336 323 112 338 322 111 339 325 110 340 326 114 339 325 110 341 327 115 339 325 110 340 326 114 336 323 112 341 327 115 342 328 116 340 326 114 342 328 116 341 327 115 343 329 117 342 328 116 332 319 107 334 321 108 332 319 107 342 328 116 343 329 117 344 330 118 268 259 42 345 331 119 345 331 119 268 259 42 267 258 40 328 315 103 346 332 120 347 333 121 346 332 120 328 315 103 324 311 99 346 332 120 323 310 97 348 334 122 323 310 97 346 332 120 324 311 99 323 310 97 349 335 123 348 334 122 349 335 123 323 310 97 282 273 56 349 335 123 268 259 42 344 330 118 268 259 42 349 335 123 282 273 56 350 336 124 351 337 125 352 338 127 351 337 125 350 336 124 353 339 126 354 340 129 355 341 128 356 342 130 355 341 128 354 340 129 357 343 131 356 342 130 355 341 128 358 344 132 355 341 128 359 345 133 358 344 132 358 344 132 360 346 134 361 347 135 360 346 134 358 344 132 359 345 133 350 336 124 352 338 127 360 346 134 361 347 135 360 346 134 352 338 127 362 348 136 363 349 137 364 350 139 363 349 137 362 348 136 365 351 138 366 352 141 367 353 140 368 354 142 367 353 140 366 352 141 369 355 143 367 353 140 370 356 144 368 354 142 370 356 144 367 353 140 371 357 145 372 358 146 370 356 144 371 357 145 370 356 144 372 358 146 373 359 147 364 350 139 373 359 147 372 358 146 373 359 147 364 350 139 363 349 137 374 360 148 375 361 149 376 362 151 375 361 149 374 360 148 377 363 150 374 360 148 378 364 152 377 363 150 378 364 152 379 365 153 377 363 150 380 366 155 381 367 154 382 368 156 381 367 154 380 366 155 383 364 157 384 369 159 381 367 154 385 370 158 381 367 154 384 369 159 382 368 156 376 362 151 375 361 149 384 369 159 376 362 151 384 369 159 385 370 158 359 345 133 386 371 160 360 346 134 386 371 160 359 345 133 387 372 161 360 346 134 386 371 160 350 336 124 386 371 160 388 373 162 350 336 124 388 373 162 353 339 126 350 336 124 353 339 126 388 373 162 389 374 163 357 343 131 390 375 164 355 341 128 390 375 164 357 343 131 391 376 165 355 341 128 390 375 164 359 345 133 359 345 133 390 375 164 387 372 161 361 347 135 259 250 33 358 344 132 259 250 33 361 347 135 260 251 34 352 338 127 316 304 90 361 347 135 260 251 34 361 347 135 316 304 90 352 338 127 317 277 91 316 304 90 317 277 91 352 338 127 351 337 125 286 277 60 356 342 130 257 248 32 356 342 130 286 277 60 354 340 129 257 248 32 356 342 130 259 250 33 356 342 130 358 344 132 259 250 33 387 372 161 319 306 93 285 276 59 319 306 93 387 372 161 390 375 164 391 376 165 319 306 93 390 375 164 319 306 93 391 376 165 320 307 95 388 373 162 264 255 39 389 374 163 389 374 163 264 255 39 330 317 104 386 371 160 262 253 36 388 373 162 262 253 36 264 255 39 388 373 162 285 276 59 386 371 160 387 372 161 386 371 160 285 276 59 262 253 36 284 275 58 346 332 120 348 334 122 346 332 120 284 275 58 321 308 94 347 333 121 321 308 94 318 305 92 321 308 94 347 333 121 346 332 120 263 254 37 344 330 118 331 318 105 331 318 105 344 330 118 345 331 119 265 256 38 344 330 118 263 254 37 344 330 118 265 256 38 349 335 123 348 334 122 265 256 38 284 275 58 265 256 38 348 334 122 349 335 123 340 326 114 283 274 57 325 312 98 283 274 57 340 326 114 342 328 116 283 274 57 334 321 108 266 257 41 334 321 108 283 274 57 342 328 116 334 321 108 269 260 43 266 257 41 269 260 43 334 321 108 333 320 106 322 309 96 329 316 102 337 324 113 322 309 96 337 324 113 336 323 112 336 323 112 325 312 98 322 309 96 325 312 98 336 323 112 340 326 114 275 266 49 343 329 117 341 327 115 343 329 117 275 266 49 276 267 50 343 329 117 279 270 53 332 319 107 279 270 53 343 329 117 276 267 50 279 270 53 335 322 109 332 319 107 335 322 109 279 270 53 281 272 54 339 325 110 338 322 111 273 264 46 339 325 110 273 264 46 270 261 44 275 266 49 339 325 110 270 261 44 339 325 110 275 266 49 341 327 115 392 377 166 294 285 69 393 378 167 294 285 69 392 377 166 310 298 83 310 298 83 394 379 168 308 296 81 394 379 168 310 298 83 392 377 166 308 296 81 394 379 168 246 237 21 246 237 21 394 379 168 395 380 169 246 237 21 395 380 169 396 381 170 396 381 170 247 238 20 246 237 21 393 378 167 296 286 70 397 381 171 296 286 70 393 378 167 294 285 69 362 348 136 393 378 167 397 381 171 393 378 167 362 348 136 364 350 139 369 355 143 395 380 169 367 353 140 395 380 169 369 355 143 396 381 170 395 380 169 371 357 145 367 353 140 371 357 145 395 380 169 394 379 168 392 377 166 371 357 145 394 379 168 371 357 145 392 377 166 372 358 146 393 378 167 372 358 146 392 377 166 372 358 146 393 378 167 364 350 139 365 351 138 239 230 13 363 349 137 239 230 13 365 351 138 243 234 17 304 234 78 368 354 142 302 291 75 368 354 142 304 234 78 366 352 141 368 354 142 306 294 80 302 291 75 306 294 80 368 354 142 370 356 144 373 359 147 306 294 80 370 356 144 306 294 80 373 359 147 242 233 16 363 349 137 242 233 16 373 359 147 242 233 16 363 349 137 239 230 13 240 231 15 244 235 18 374 360 148 244 235 18 378 364 152 374 360 148 383 364 157 303 292 77 381 367 154 303 292 77 383 364 157 301 235 76 385 370 158 303 292 77 305 293 79 303 292 77 385 370 158 381 367 154 241 232 14 376 362 151 385 370 158 241 232 14 385 370 158 305 293 79 240 231 15 376 362 151 241 232 14 376 362 151 240 231 15 374 360 148 377 363 150 379 365 153 299 289 73 379 365 153 300 290 74 299 289 73 298 288 72 382 368 156 235 226 10 382 368 156 298 288 72 380 366 155 236 227 9 382 368 156 384 369 159 382 368 156 236 227 9 235 226 10 375 361 149 236 227 9 384 369 159 236 227 9 375 361 149 237 228 11 377 363 150 237 228 11 375 361 149 237 228 11 377 363 150 299 289 73 398 382 172 312 300 87 249 240 24 312 300 87 398 382 172 399 383 173 398 382 172 251 242 25 400 384 174 251 242 25 398 382 172 249 240 24 400 384 174 251 242 25 401 385 175 292 283 66 401 385 175 251 242 25 327 314 101 401 385 175 292 283 66 401 385 175 327 314 101 402 386 176 312 300 87 399 383 173 313 301 86 313 301 86 399 383 173 403 387 177 404 388 178 399 383 173 398 382 172 399 383 173 404 388 178 405 389 179 404 388 178 400 384 174 406 390 180 400 384 174 404 388 178 398 382 172 406 390 180 400 384 174 407 391 181 401 385 175 407 391 181 400 384 174 402 386 176 407 391 181 401 385 175 407 391 181 402 386 176 408 392 182 399 383 173 405 389 179 403 387 177 403 387 177 405 389 179 409 392 183 410 393 184 405 389 179 404 388 178 405 389 179 410 393 184 411 394 185 410 393 184 406 390 180 412 395 186 406 390 180 410 393 184 404 388 178 412 395 186 406 390 180 413 396 187 407 391 181 413 396 187 406 390 180 408 392 182 413 396 187 407 391 181 413 396 187 408 392 182 414 397 188 405 389 179 411 394 185 409 392 183 409 392 183 411 394 185 415 398 189 416 399 190 411 394 185 410 393 184 411 394 185 416 399 190 417 400 191 416 399 190 412 395 186 418 401 192 412 395 186 416 399 190 410 393 184 418 401 192 412 395 186 419 402 193 413 396 187 419 402 193 412 395 186 414 397 188 419 402 193 413 396 187 419 402 193 414 397 188 420 403 194 411 394 185 417 400 191 415 398 189 415 398 189 417 400 191 421 403 195 422 404 196 417 400 191 416 399 190 417 400 191 422 404 196 423 405 197 422 404 196 418 401 192 424 406 198 418 401 192 422 404 196 416 399 190 424 406 198 418 401 192 425 407 199 419 402 193 425 407 199 418 401 192 420 403 194 425 407 199 419 402 193 425 407 199 420 403 194 426 408 200 417 400 191 423 405 197 421 403 195 421 403 195 423 405 197 427 409 201 428 410 202 423 405 197 422 404 196 423 405 197 428 410 202 429 411 203 428 410 202 424 406 198 430 412 204 424 406 198 428 410 202 422 404 196 430 412 204 424 406 198 431 413 205 425 407 199 431 413 205 424 406 198 426 408 200 431 413 205 425 407 199 431 413 205 426 408 200 432 414 206 427 409 201 429 411 203 433 415 207 429 411 203 427 409 201 423 405 197 434 416 208 429 411 203 428 410 202 429 411 203 434 416 208 435 417 209 434 416 208 430 412 204 436 418 210 430 412 204 434 416 208 428 410 202 436 418 210 430 412 204 437 419 211 431 413 205 437 419 211 430 412 204 432 414 206 437 419 211 431 413 205 437 419 211 432 414 206 438 420 212 433 415 207 435 417 209 439 420 213 435 417 209 433 415 207 429 411 203 440 421 214 435 417 209 434 416 208 435 417 209 440 421 214 441 422 215 440 421 214 436 418 210 442 423 216 436 418 210 440 421 214 434 416 208 442 423 216 436 418 210 443 424 217 437 419 211 443 424 217 436 418 210 438 420 212 443 424 217 437 419 211 443 424 217 438 420 212 444 425 218 439 420 213 441 422 215 445 426 219 441 422 215 439 420 213 435 417 209 446 427 220 441 422 215 440 421 214 441 422 215 446 427 220 447 428 221 446 427 220 442 423 216 448 429 222 442 423 216 446 427 220 440 421 214 448 429 222 442 423 216 449 430 223 443 424 217 449 430 223 442 423 216 444 425 218 449 430 223 443 424 217 449 430 223 444 425 218 450 431 224 445 426 219 447 428 221 451 432 225 447 428 221 445 426 219 441 422 215 291 282 65 447 428 221 446 427 220 447 428 221 291 282 65 290 281 64 291 282 65 448 429 222 315 303 89 448 429 222 291 282 65 446 427 220 315 303 89 448 429 222 255 246 27 449 430 223 255 246 27 448 429 222 450 431 224 255 246 27 449 430 223 255 246 27 450 431 224 253 244 29 451 432 225 290 281 64 287 278 62 290 281 64 451 432 225 447 428 221 309 297 84 314 302 88 297 287 71 314 302 88 309 297 84 252 243 26 252 243 26 307 295 82 250 241 23 307 295 82 252 243 26 309 297 84 250 241 23 307 295 82 293 284 67 245 236 19 293 284 67 307 295 82 248 239 22 293 284 67 245 236 19 293 284 67 248 239 22 326 313 100 295 239 68 314 302 88 311 299 85 314 302 88 295 239 68 297 287 71 452 433 226 453 434 227 454 435 228 453 434 227 455 436 229 454 435 228 456 437 230 457 438 231 458 439 232 458 439 232 457 438 231 459 440 233 460 441 234 461 442 235 462 443 236 460 441 234 462 443 236 463 444 237 454 435 228 455 436 229 464 445 238 455 436 229 465 446 239 464 445 238 466 447 240 456 437 230 467 448 241 456 437 230 466 447 240 457 438 231 468 449 242 461 442 235 469 450 243 461 442 235 468 449 242 462 443 236 464 445 238 470 451 244 471 452 245 470 451 244 464 445 238 465 446 239 466 447 240 472 453 246 473 454 247 472 453 246 466 447 240 467 448 241 469 450 243 474 455 248 468 449 242 474 455 248 475 456 249 468 449 242 471 452 245 476 457 250 477 458 251 476 457 250 471 452 245 470 451 244 473 454 247 478 459 252 479 460 253 478 459 252 473 454 247 472 453 246 474 455 248 480 461 254 475 456 249 480 461 254 481 462 255 475 456 249 482 463 256 452 433 226 454 435 228 452 433 226 482 463 256 483 464 257 484 465 258 477 458 251 485 466 259 477 458 251 484 465 258 471 452 245 486 467 260 464 445 238 471 452 245 471 452 245 484 465 258 486 467 260 486 467 260 454 435 228 464 445 238 454 435 228 486 467 260 482 463 256 483 464 257 486 467 260 484 465 258 486 467 260 483 464 257 482 463 256 469 450 243 487 468 261 488 469 262 487 468 261 469 450 243 461 442 235 474 455 248 469 450 243 489 470 263 488 469 262 489 470 263 469 450 243 489 470 263 490 471 264 474 455 248 490 471 264 480 461 254 474 455 248 461 442 235 491 471 265 487 468 261 491 471 265 461 442 235 460 441 234 467 448 241 462 443 236 468 449 242 462 443 236 467 448 241 456 437 230 467 448 241 475 456 249 472 453 246 475 456 249 467 448 241 468 449 242 481 462 255 472 453 246 475 456 249 472 453 246 481 462 255 478 459 252 462 443 236 456 437 230 463 444 237 463 444 237 456 437 230 458 439 232 465 446 239 457 438 231 466 447 240 465 446 239 455 436 229 457 438 231 473 454 247 465 446 239 466 447 240 465 446 239 473 454 247 470 451 244 470 451 244 479 460 253 476 457 250 479 460 253 470 451 244 473 454 247 455 436 229 459 440 233 457 438 231 455 436 229 453 434 227 459 440 233 492 472 266 493 473 267 494 474 268 492 472 266 494 474 268 495 475 269 496 476 270 492 472 266 495 475 269 492 472 266 496 476 270 497 477 271 498 478 272 494 474 268 499 479 273 494 474 268 498 478 272 495 475 269 498 478 272 500 480 274 495 475 269 500 480 274 498 478 272 501 481 275 502 482 276 495 475 269 500 480 274 495 475 269 502 482 276 496 476 270 503 480 277 504 483 278 505 484 279 504 483 278 503 480 277 506 485 280 506 485 280 507 486 281 504 483 278 507 486 281 506 485 280 508 487 282 509 488 283 510 489 284 511 490 285 510 489 284 512 491 286 513 492 287 512 491 286 510 489 284 509 488 283 512 491 286 514 493 288 515 494 289 514 493 288 512 491 286 509 488 283 502 482 276 516 495 290 496 476 270 516 495 290 502 482 276 517 496 291 518 497 292 519 496 293 505 484 279 505 484 279 520 498 294 518 497 292 521 499 295 522 500 296 523 501 297 522 500 296 521 499 295 524 502 298 525 503 299 523 501 297 522 500 296 523 501 297 525 503 299 526 504 300 527 505 301 528 506 302 529 507 303 530 508 304 531 509 305 532 510 306 531 509 305 530 508 304 533 511 307 534 512 308 535 513 309 536 514 310 535 513 309 534 512 308 537 515 311 538 516 312 539 517 313 540 518 314 541 519 315 540 518 314 539 517 313 542 520 316 543 521 317 538 516 312 543 521 317 542 520 316 544 522 318 545 523 319 521 499 295 546 524 320 523 501 297 546 524 320 521 499 295 547 525 321 523 501 297 526 504 300 523 501 297 547 525 321 546 524 320 548 526 322 549 527 323 550 525 324 550 525 324 551 528 325 548 526 322 549 527 323 539 517 313 552 529 326 549 527 323 548 526 322 539 517 313 541 519 315 548 526 322 553 530 327 548 526 322 541 519 315 539 517 313 542 520 316 540 518 314 554 531 328 540 518 314 542 520 316 538 516 312 542 520 316 555 532 329 544 522 318 555 532 329 542 520 316 556 533 330 545 523 319 556 533 330 521 499 295 556 533 330 545 523 319 555 532 329 553 530 327 551 528 325 557 534 331 548 526 322 551 528 325 553 530 327 558 535 332 541 519 315 559 536 333 541 519 315 558 535 332 540 518 314 560 537 334 561 538 335 554 531 328 561 538 335 560 537 334 562 539 336 554 531 328 556 533 330 542 520 316 556 533 330 554 531 328 561 538 335 561 538 335 524 502 298 556 533 330 521 499 295 556 533 330 524 502 298 562 539 336 524 502 298 561 538 335 524 502 298 562 539 336 563 540 337 525 503 299 564 541 338 565 542 339 564 541 338 525 503 299 522 500 296 557 534 331 566 543 340 553 530 327 566 543 340 557 534 331 567 544 341 566 543 340 559 536 333 553 530 327 553 530 327 559 536 333 541 519 315 568 545 342 569 546 343 531 509 305 531 509 305 527 505 301 568 545 342 531 509 305 569 546 343 532 510 306 570 547 344 571 548 345 530 508 304 570 547 344 530 508 304 532 510 306 560 537 334 540 518 314 558 535 332 540 518 314 560 537 334 554 531 328 572 549 346 571 548 345 570 547 344 572 549 346 570 547 344 573 550 347 573 550 347 574 551 348 572 549 346 575 552 349 572 549 346 574 551 348 576 553 350 577 554 351 575 552 349 577 554 351 576 553 350 578 555 352 527 505 301 579 556 353 568 545 342 579 556 353 527 505 301 529 507 303 580 557 354 532 510 306 581 558 355 532 510 306 580 557 354 570 547 344 582 559 356 570 547 344 580 557 354 570 547 344 582 559 356 573 550 347 573 550 347 583 560 357 574 551 348 583 560 357 573 550 347 582 559 356 584 561 358 575 552 349 574 551 348 575 552 349 584 561 358 576 553 350 579 556 353 529 507 303 585 562 359 586 563 360 585 562 359 529 507 303 587 564 361 588 565 362 589 566 363 588 565 362 587 564 361 590 567 364 590 567 364 587 564 361 591 568 365 591 568 365 587 564 361 592 569 366 593 570 367 591 568 365 592 569 366 591 568 365 593 570 367 594 571 368 595 572 369 596 573 370 593 570 367 596 573 370 594 571 368 593 570 367 589 566 363 597 574 371 598 575 372 597 574 371 589 566 363 588 565 362 596 573 370 595 572 369 599 576 373 600 577 374 599 576 373 595 572 369 599 576 373 601 578 375 602 579 376 601 578 375 599 576 373 600 577 374 601 578 375 603 580 377 602 579 376 603 580 377 601 578 375 604 581 378 605 582 379 606 583 380 607 584 381 606 583 380 605 582 379 608 585 382 605 582 379 609 586 383 608 585 382 609 586 383 605 582 379 610 587 384 611 588 385 612 586 386 613 587 387 612 586 386 611 588 385 614 589 388 615 590 389 611 588 385 616 591 390 611 588 385 615 590 389 614 589 388 615 590 389 616 591 390 617 592 391 617 592 391 616 591 390 618 593 392 619 594 393 617 592 391 618 593 392 617 592 391 619 594 393 620 595 394 621 596 395 622 597 396 619 594 393 622 597 396 620 595 394 619 594 393 606 583 380 621 596 395 607 584 381 621 596 395 606 583 380 622 597 396 623 598 397 621 596 395 619 594 393 623 598 397 619 594 393 624 599 398 621 596 395 623 598 397 607 584 381 607 584 381 623 598 397 625 600 399 607 584 381 626 601 400 605 582 379 626 601 400 607 584 381 625 600 399 627 602 401 605 582 379 626 601 400 605 582 379 627 602 401 610 587 384 628 603 402 629 604 403 611 588 385 628 603 402 611 588 385 613 587 387 616 591 390 629 604 403 630 605 404 629 604 403 616 591 390 611 588 385 629 604 403 631 606 405 630 605 404 631 606 405 629 604 403 632 607 406 633 608 407 634 609 408 631 606 405 634 609 408 633 608 407 624 599 398 633 608 407 623 598 397 624 599 398 623 598 397 633 608 407 635 610 409 635 610 409 625 600 399 623 598 397 625 600 399 635 610 409 636 611 410 626 601 400 636 611 410 637 612 411 636 611 410 626 601 400 625 600 399 627 602 401 637 612 411 638 613 412 637 612 411 627 602 401 626 601 400 639 614 413 629 604 403 628 603 402 629 604 403 639 614 413 632 607 406 640 615 414 641 616 415 642 617 416 643 618 417 642 617 416 641 616 415 644 619 418 641 616 415 640 615 414 641 616 415 644 619 418 645 620 419 646 621 420 645 620 419 644 619 418 645 620 419 646 621 420 647 622 421 648 623 422 647 622 421 646 621 420 647 622 421 648 623 422 649 624 423 650 625 424 651 626 425 648 623 422 649 624 423 648 623 422 651 626 425 652 627 426 653 628 427 650 625 424 650 625 424 653 628 427 651 626 425 653 628 427 654 629 428 655 630 429 654 629 428 653 628 427 652 627 426 656 631 430 646 621 420 657 632 431 646 621 420 656 631 430 648 623 422 656 631 430 650 625 424 648 623 422 650 625 424 656 631 430 658 633 432 652 627 426 658 633 432 659 634 433 658 633 432 652 627 426 650 625 424 652 627 426 660 635 434 654 629 428 660 635 434 652 627 426 659 634 433 661 635 435 640 615 414 642 617 416 640 615 414 661 635 435 662 636 436 644 619 418 662 636 436 663 637 437 662 636 436 644 619 418 640 615 414 663 637 437 646 621 420 644 619 418 646 621 420 663 637 437 657 632 431 664 638 438 657 632 431 665 639 439 657 632 431 664 638 438 656 631 430 664 638 438 658 633 432 656 631 430 658 633 432 664 638 438 666 640 440 667 641 441 659 634 433 666 640 440 659 634 433 658 633 432 666 640 440 668 642 442 659 634 433 667 641 441 659 634 433 668 642 442 660 635 434 661 635 435 669 643 443 662 636 436 669 643 443 661 635 435 670 642 444 671 644 445 662 636 436 669 643 443 662 636 436 671 644 445 663 637 437 665 639 439 657 632 431 671 644 445 671 644 445 657 632 431 663 637 437 672 645 446 673 646 447 674 647 448 672 645 446 674 647 448 675 648 449 676 649 450 677 650 451 678 651 452 677 650 451 676 649 450 679 652 453 680 653 454 681 654 455 682 655 456 681 654 455 680 653 454 683 656 457 684 657 458 681 654 455 685 658 459 681 654 455 684 657 458 682 655 456 686 657 460 687 659 461 688 660 462 687 659 461 686 657 460 689 661 463 673 646 447 687 659 461 674 647 448 687 659 461 673 646 447 688 660 462 690 662 464 678 651 452 677 650 451 690 662 464 677 650 451 691 663 465 692 664 466 678 651 452 693 665 467 676 649 450 678 651 452 692 664 466 692 664 466 694 666 468 676 649 450 695 667 469 676 649 450 694 666 468 676 649 450 696 668 470 679 652 453 696 668 470 676 649 450 695 667 469 695 667 469 697 669 471 696 668 470 697 669 471 698 514 472 696 668 470 537 515 311 690 662 464 691 663 465 537 515 311 691 663 465 535 513 309 690 662 464 699 670 473 700 671 474 699 670 473 690 662 464 537 515 311 693 665 467 690 662 464 700 671 474 690 662 464 693 665 467 678 651 452 693 665 467 701 672 475 702 673 476 701 672 475 693 665 467 700 671 474 703 674 477 704 675 478 705 676 479 704 675 478 703 674 477 706 677 480 707 678 481 703 674 477 705 676 479 708 679 482 703 674 477 707 678 481 693 665 467 709 680 483 692 664 466 709 680 483 693 665 467 702 673 476 707 678 481 710 681 484 708 679 482 711 682 485 708 679 482 710 681 484 709 680 483 694 666 468 692 664 466 694 666 468 709 680 483 712 683 486 712 683 486 713 684 487 694 666 468 713 684 487 712 683 486 714 685 488 694 666 468 713 684 487 697 669 471 694 666 468 697 669 471 695 667 469 715 686 489 699 670 473 716 687 490 699 670 473 715 686 489 717 688 491 537 515 311 534 512 308 716 687 490 537 515 311 716 687 490 699 670 473 717 688 491 701 672 475 700 671 474 717 688 491 700 671 474 699 670 473 706 677 480 718 689 492 704 675 478 718 689 492 706 677 480 719 690 493 720 691 494 721 692 495 722 693 496 721 692 495 723 694 497 722 693 496 724 695 498 721 692 495 720 691 494 721 692 495 724 695 498 725 696 499 726 697 500 724 695 498 727 698 501 724 695 498 726 697 500 725 696 499 728 699 502 710 681 484 729 700 503 710 681 484 728 699 502 711 682 485 730 701 504 722 693 496 723 694 497 723 694 497 731 702 505 730 701 504 732 703 506 726 697 500 727 698 501 726 697 500 732 703 506 733 704 507 734 704 508 735 703 509 731 702 505 735 703 509 730 701 504 731 702 505 736 705 510 737 706 511 738 707 512 737 706 511 739 708 513 738 707 512 740 709 514 741 710 515 736 705 510 741 710 515 737 706 511 736 705 510 742 711 516 740 709 514 743 712 517 740 709 514 742 711 516 741 710 515 742 711 516 744 713 518 745 714 519 744 713 518 742 711 516 743 712 517 746 715 520 745 714 519 744 713 518 745 714 519 746 715 520 747 716 521 748 717 522 747 716 521 746 715 520 747 716 521 748 717 522 749 718 523 510 489 284 750 719 524 511 490 285 750 719 524 510 489 284 751 720 525 494 474 268 493 473 267 751 720 525 493 473 267 750 719 524 751 720 525 513 492 287 751 720 525 510 489 284 751 720 525 513 492 287 752 721 526 499 479 273 751 720 525 752 721 526 751 720 525 499 479 273 494 474 268 512 491 286 753 722 527 513 492 287 753 722 527 512 491 286 754 723 528 755 724 529 752 721 526 513 492 287 513 492 287 753 722 527 755 724 529 512 491 286 756 725 530 754 723 528 756 725 530 512 491 286 515 494 289 757 726 531 498 478 272 499 479 273 498 478 272 757 726 531 758 727 532 759 725 533 501 481 275 758 727 532 498 478 272 758 727 532 501 481 275 752 721 526 757 726 531 499 479 273 757 726 531 752 721 526 755 724 529 760 728 534 761 729 535 520 498 294 507 486 281 520 498 294 504 483 278 520 498 294 507 486 281 760 728 534 761 729 535 762 730 536 763 731 537 762 730 536 761 729 535 760 728 534 764 732 538 763 731 537 516 495 290 763 731 537 764 732 538 761 729 535 764 732 538 520 498 294 761 729 535 520 498 294 764 732 538 518 497 292 765 733 539 516 495 290 766 734 540 516 495 290 765 733 539 764 732 538 765 733 539 518 497 292 764 732 538 518 497 292 765 733 539 767 735 541 768 736 542 518 497 292 767 735 541 518 497 292 768 736 542 519 496 293 766 734 540 517 496 291 769 736 543 517 496 291 766 734 540 516 495 290 766 734 540 770 737 544 765 733 539 770 737 544 766 734 540 771 738 545 770 737 544 767 735 541 765 733 539 767 735 541 770 737 544 772 739 546 773 740 547 768 736 542 767 735 541 773 740 547 767 735 541 772 739 546 771 738 545 769 736 543 774 741 548 769 736 543 771 738 545 766 734 540 497 477 271 763 731 537 762 730 536 763 731 537 497 477 271 496 476 270 775 742 549 683 656 457 680 653 454 624 599 398 619 594 393 618 593 392 624 599 398 618 593 392 634 609 408 552 529 326 538 516 312 543 521 317 538 516 312 552 529 326 539 517 313 524 502 298 563 540 337 522 500 296 564 541 338 522 500 296 563 540 337 583 560 357 584 561 358 574 551 348 584 561 358 583 560 357 776 743 550 777 744 551 585 562 359 778 745 552 585 562 359 777 744 551 579 556 353 777 744 551 568 545 342 579 556 353 568 545 342 777 744 551 779 746 553 568 545 342 779 746 553 569 546 343 569 546 343 779 746 553 780 747 554 581 558 355 532 510 306 780 747 554 532 510 306 569 546 343 780 747 554 616 591 390 630 605 404 618 593 392 630 605 404 634 609 408 618 593 392 630 605 404 631 606 405 634 609 408 533 511 307 527 505 301 531 509 305 527 505 301 533 511 307 528 506 302 683 656 457 775 742 549 675 648 449 675 648 449 775 742 549 672 645 446 719 690 493 781 748 555 782 749 556 719 690 493 782 749 556 718 689 492 783 750 557 722 693 496 784 751 558 722 693 496 783 750 557 720 691 494 720 691 494 785 752 559 724 695 498 785 752 559 720 691 494 783 750 557 724 695 498 785 752 559 727 698 501 727 698 501 785 752 559 786 753 560 732 703 506 727 698 501 786 753 560 732 703 506 786 753 560 787 754 561 735 703 509 788 754 562 730 701 504 730 701 504 788 754 562 789 755 563 730 701 504 784 751 558 722 693 496 784 751 558 730 701 504 789 755 563 738 707 512 790 756 564 791 757 565 790 756 564 738 707 512 739 708 513 792 718 566 793 758 567 790 756 564 793 758 567 791 757 565 790 756 564 794 759 568 795 760 569 796 761 570 795 760 569 794 759 568 797 762 571 757 726 531 794 759 568 758 727 532 758 727 532 794 759 568 796 761 570 798 763 572 757 726 531 755 724 529 757 726 531 798 763 572 794 759 568 753 722 527 798 763 572 755 724 529 798 763 572 753 722 527 799 764 573 754 723 528 799 764 573 753 722 527 799 764 573 754 723 528 797 762 571 756 725 530 800 765 574 754 723 528 797 762 571 754 723 528 800 765 574 795 760 569 759 725 533 796 761 570 796 761 570 759 725 533 758 727 532 801 766 575 802 767 576 803 768 577 801 766 575 803 768 577 804 769 578 803 768 577 770 737 544 804 769 578 770 737 544 803 768 577 772 739 546 804 769 578 771 738 545 801 766 575 771 738 545 804 769 578 770 737 544 774 741 548 801 766 575 771 738 545 801 766 575 774 741 548 805 770 579 772 739 546 803 768 577 773 740 547 802 767 576 773 740 547 803 768 577 806 771 580 586 563 360 529 507 303 806 771 580 529 507 303 528 506 302 505 484 279 504 483 278 520 498 294 797 762 571 798 763 572 799 764 573 798 763 572 797 762 571 794 759 568 763 731 537 496 476 270 516 495 290 807 772 581 808 773 582 809 774 583 808 773 582 807 772 581 810 775 584 811 776 585 812 777 586 813 778 587 812 777 586 811 776 585 814 779 588 811 776 585 815 780 589 816 781 590 815 780 589 811 776 585 813 778 587 815 780 589 817 782 591 816 781 590 817 782 591 815 780 589 818 783 592 817 782 591 818 783 592 819 784 593 818 783 592 820 785 594 819 784 593 819 784 593 821 786 595 822 787 596 821 786 595 819 784 593 820 785 594 823 788 597 824 789 598 821 786 595 821 786 595 824 789 598 822 787 596 824 789 598 810 775 584 807 772 581 810 775 584 824 789 598 823 788 597 825 790 599 826 791 600 827 792 601 826 791 600 825 790 599 828 793 602 829 794 603 830 795 604 831 796 605 830 795 604 829 794 603 832 797 606 833 798 607 829 794 603 831 796 605 829 794 603 833 798 607 834 799 608 835 800 609 836 801 610 833 798 607 834 799 608 833 798 607 836 801 610 836 801 610 835 800 609 837 802 611 835 800 609 838 803 612 837 802 611 837 802 611 839 804 613 840 805 614 839 804 613 837 802 611 838 803 612 841 806 615 842 807 616 839 804 613 839 804 613 842 807 616 840 805 614 842 807 616 828 793 602 825 790 599 828 793 602 842 807 616 841 806 615 823 788 597 843 808 617 810 775 584 843 808 617 823 788 597 844 809 618 810 775 584 845 810 619 808 773 582 845 810 619 810 775 584 843 808 617 813 778 587 846 810 620 847 811 621 846 810 620 813 778 587 812 777 586 813 778 587 848 812 622 815 780 589 848 812 622 813 778 587 847 811 621 848 812 622 818 783 592 815 780 589 818 783 592 848 812 622 849 813 623 818 783 592 849 813 623 820 785 594 849 813 623 850 814 624 820 785 594 820 785 594 851 815 625 821 786 595 851 815 625 820 785 594 850 814 624 844 809 618 823 788 597 851 815 625 851 815 625 823 788 597 821 786 595 590 567 364 852 816 626 588 565 362 852 816 626 590 567 364 853 817 627 588 565 362 854 818 628 597 574 371 854 818 628 588 565 362 852 816 626 602 579 376 855 819 629 856 820 630 855 819 629 602 579 376 603 580 377 857 821 631 599 576 373 856 820 630 856 820 630 599 576 373 602 579 376 858 822 632 596 573 370 857 821 631 599 576 373 857 821 631 596 573 370 596 573 370 858 822 632 594 571 368 858 822 632 859 823 633 594 571 368 594 571 368 860 824 634 591 568 365 860 824 634 594 571 368 859 823 633 853 817 627 591 568 365 860 824 634 591 568 365 853 817 627 590 567 364 843 808 617 598 575 372 845 810 619 598 575 372 843 808 617 589 566 363 847 811 621 604 581 378 601 578 375 604 581 378 847 811 621 846 810 620 847 811 621 600 577 374 848 812 622 600 577 374 847 811 621 601 578 375 600 577 374 849 813 623 848 812 622 849 813 623 600 577 374 595 572 369 849 813 623 595 572 369 850 814 624 595 572 369 593 570 367 850 814 624 850 814 624 592 569 366 851 815 625 592 569 366 850 814 624 593 570 367 587 564 361 844 809 618 592 569 366 592 569 366 844 809 618 851 815 625 844 809 618 589 566 363 843 808 617 589 566 363 844 809 618 587 564 361 861 825 635 862 826 636 863 827 637 862 826 636 861 825 635 864 828 638 863 827 637 865 829 639 866 830 640 865 829 639 863 827 637 862 826 636 867 831 641 868 832 642 869 829 643 868 832 642 867 831 641 870 833 644 870 833 644 867 831 641 871 834 645 872 835 646 871 834 645 867 831 641 871 834 645 872 835 646 873 836 647 874 837 648 873 836 647 872 835 646 873 836 647 875 838 649 876 839 650 875 838 649 873 836 647 874 837 648 876 839 650 864 828 638 861 825 635 864 828 638 876 839 650 875 838 649 877 840 651 878 841 652 879 842 653 878 841 652 877 840 651 880 843 654 879 842 653 878 841 652 881 844 655 882 845 656 881 844 655 878 841 652 883 846 657 884 844 658 885 845 659 884 844 658 883 846 657 886 847 660 886 847 660 883 846 657 887 848 661 887 848 661 883 846 657 888 849 662 887 848 661 888 849 662 889 850 663 890 851 664 889 850 663 888 849 662 889 850 663 891 852 665 892 853 666 891 852 665 889 850 663 890 851 664 892 853 666 880 843 654 877 840 651 880 843 654 892 853 666 891 852 665 893 854 667 894 855 668 895 856 669 894 855 668 893 854 667 896 857 670 895 856 669 897 858 671 898 859 672 897 858 671 895 856 669 894 855 668 899 858 673 900 860 674 901 861 675 900 860 674 899 858 673 902 862 676 900 860 674 902 862 676 903 863 677 904 864 678 903 863 677 902 862 676 903 863 677 904 864 678 905 865 679 906 866 680 905 865 679 904 864 678 905 865 679 907 867 681 908 868 682 907 867 681 905 865 679 906 866 680 908 868 682 896 857 670 893 854 667 896 857 670 908 868 682 907 867 681 909 869 683 910 870 684 911 871 685 910 870 684 909 869 683 912 872 686 909 869 683 913 873 687 914 874 688 909 869 683 914 874 688 912 872 686 915 875 689 914 874 688 913 873 687 914 874 688 915 875 689 916 876 690 916 876 690 917 877 691 918 878 692 917 877 691 916 876 690 915 875 689 917 877 691 919 879 693 920 880 694 917 877 691 920 880 694 918 878 692 921 881 695 920 880 694 919 879 693 920 880 694 921 881 695 922 882 696 923 882 697 911 871 685 910 870 684 911 871 685 923 882 697 924 883 698 673 646 447 911 871 685 688 660 462 911 871 685 673 646 447 909 869 683 672 645 446 909 869 683 673 646 447 909 869 683 672 645 446 913 873 687 775 742 549 913 873 687 672 645 446 913 873 687 775 742 549 915 875 689 775 742 549 917 877 691 915 875 689 917 877 691 775 742 549 680 653 454 680 653 454 682 655 456 919 879 693 919 879 693 917 877 691 680 653 454 684 657 458 919 879 693 682 655 456 919 879 693 684 657 458 921 881 695 924 883 698 688 660 462 911 871 685 688 660 462 924 883 698 686 657 460 492 472 266 925 884 699 493 473 267 925 884 699 926 885 700 493 473 267 497 477 271 927 886 701 492 472 266 927 886 701 925 884 699 492 472 266 928 887 702 497 477 271 762 730 536 497 477 271 928 887 702 927 886 701 928 887 702 760 728 534 929 888 703 760 728 534 928 887 702 762 730 536 507 486 281 929 888 703 760 728 534 929 888 703 507 486 281 930 889 704 508 487 282 930 889 704 507 486 281 930 889 704 508 487 282 931 890 705 932 891 706 511 490 285 933 892 707 511 490 285 750 719 524 933 892 707 493 473 267 933 892 707 750 719 524 933 892 707 493 473 267 926 885 700 912 872 686 669 643 443 910 870 684 669 643 443 912 872 686 671 644 445 670 642 444 910 870 684 669 643 443 910 870 684 670 642 444 923 882 697 922 882 696 667 641 441 920 880 694 667 641 441 922 882 696 668 642 442 920 880 694 667 641 441 918 878 692 918 878 692 667 641 441 666 640 440 664 638 438 918 878 692 666 640 440 918 878 692 664 638 438 916 876 690 916 876 690 665 639 439 914 874 688 665 639 439 916 876 690 664 638 438 914 874 688 665 639 439 912 872 686 912 872 686 665 639 439 671 644 445 702 673 476 706 677 480 703 674 477 706 677 480 702 673 476 701 672 475 708 679 482 702 673 476 703 674 477 702 673 476 708 679 482 709 680 483 708 679 482 711 682 485 712 683 486 708 679 482 712 683 486 709 680 483 712 683 486 711 682 485 714 685 488 714 685 488 711 682 485 728 699 502 781 748 555 717 688 491 715 686 489 717 688 491 781 748 555 719 690 493 719 690 493 706 677 480 701 672 475 719 690 493 701 672 475 717 688 491 723 694 497 704 675 478 731 702 505 704 675 478 718 689 492 731 702 505 782 749 556 734 704 508 718 689 492 734 704 508 731 702 505 718 689 492 726 697 500 733 704 507 710 681 484 710 681 484 733 704 507 729 700 503 726 697 500 707 678 481 725 696 499 707 678 481 726 697 500 710 681 484 725 696 499 705 676 479 721 692 495 705 676 479 725 696 499 707 678 481 721 692 495 705 676 479 723 694 497 705 676 479 704 675 478 723 694 497 691 663 465 687 659 461 535 513 309 687 659 461 691 663 465 674 647 448 536 514 310 687 659 461 689 661 463 687 659 461 536 514 310 535 513 309 698 514 472 681 654 455 696 668 470 681 654 455 698 514 472 685 658 459 679 652 453 681 654 455 683 656 457 681 654 455 679 652 453 696 668 470 679 652 453 675 648 449 677 650 451 675 648 449 679 652 453 683 656 457 691 663 465 677 650 451 675 648 449 691 663 465 675 648 449 674 647 448 785 752 559 742 893 516 745 894 519 742 893 516 783 750 557 741 895 515 783 750 557 742 893 516 785 752 559 783 750 557 737 896 511 741 895 515 737 896 511 783 750 557 784 751 558 784 751 558 739 897 513 737 896 511 789 755 563 739 897 513 784 751 558 739 897 513 789 755 563 790 898 564 788 754 562 792 899 566 789 755 563 792 899 566 790 898 564 789 755 563 749 900 523 786 753 560 747 901 521 786 753 560 749 900 523 787 754 561 747 901 521 785 752 559 745 894 519 785 752 559 747 901 521 786 753 560 926 902 700 791 903 565 933 904 707 791 903 565 926 902 700 738 905 512 793 906 567 932 907 706 791 903 565 932 907 706 933 904 707 791 903 565 931 908 705 746 909 520 930 910 704 746 909 520 931 908 705 748 906 522 930 910 704 744 911 518 929 912 703 744 911 518 930 910 704 746 909 520 743 913 517 929 912 703 744 911 518 929 912 703 743 913 517 928 914 702 743 913 517 927 915 701 928 914 702 927 915 701 743 913 517 740 916 514 927 915 701 740 916 514 925 917 699 740 916 514 736 918 510 925 917 699 925 917 699 736 918 510 926 902 700 736 918 510 738 905 512 926 902 700 896 857 670 632 607 406 894 855 668 632 607 406 896 857 670 631 606 405 894 855 668 639 614 413 897 858 671 639 614 413 894 855 668 632 607 406 638 613 412 902 862 676 899 858 673 902 862 676 638 613 412 637 612 411 902 862 676 637 612 411 904 864 678 636 611 410 904 864 678 637 612 411 904 864 678 636 611 410 906 866 680 635 610 409 906 866 680 636 611 410 906 866 680 633 608 407 907 867 681 633 608 407 906 866 680 635 610 409 907 867 681 631 606 405 896 857 670 631 606 405 907 867 681 633 608 407 864 828 638 895 856 669 862 826 636 895 856 669 864 828 638 893 854 667 862 826 636 898 859 672 865 829 639 898 859 672 862 826 636 895 856 669 901 861 675 867 831 641 869 829 643 867 831 641 901 861 675 900 860 674 867 831 641 900 860 674 872 835 646 903 863 677 872 835 646 900 860 674 872 835 646 903 863 677 874 837 648 905 865 679 874 837 648 903 863 677 874 837 648 908 868 682 875 838 649 908 868 682 874 837 648 905 865 679 875 838 649 893 854 667 864 828 638 893 854 667 875 838 649 908 868 682 880 843 654 863 827 637 878 841 652 863 827 637 880 843 654 861 825 635 878 841 652 866 830 640 882 845 656 866 830 640 878 841 652 863 827 637 870 833 644 885 845 659 868 832 642 885 845 659 870 833 644 883 846 657 883 846 657 870 833 644 888 849 662 888 849 662 870 833 644 871 834 645 888 849 662 871 834 645 890 851 664 873 836 647 890 851 664 871 834 645 890 851 664 876 839 650 891 852 665 876 839 650 890 851 664 873 836 647 891 852 665 861 825 635 880 843 654 861 825 635 891 852 665 876 839 650 645 620 419 879 842 653 641 616 415 879 842 653 645 620 419 877 840 651 641 616 415 879 842 653 643 618 417 881 844 655 643 618 417 879 842 653 886 847 660 655 630 429 884 844 658 655 630 429 886 847 660 653 628 427 653 628 427 886 847 660 651 626 425 651 626 425 886 847 660 887 848 661 651 626 425 887 848 661 649 624 423 889 850 663 649 624 423 887 848 661 649 624 423 892 853 666 647 622 421 892 853 666 649 624 423 889 850 663 647 622 421 877 840 651 645 620 419 877 840 651 647 622 421 892 853 666 777 744 551 934 919 708 779 746 553 934 919 708 777 744 551 935 920 709 779 746 553 934 919 708 780 747 554 780 747 554 934 919 708 936 921 710 937 922 711 780 747 554 936 921 710 780 747 554 937 922 711 581 558 355 938 923 712 580 557 354 937 922 711 580 557 354 581 558 355 937 922 711 939 924 713 582 559 356 938 923 712 582 559 356 580 557 354 938 923 712 582 559 356 940 925 714 583 560 357 940 925 714 582 559 356 939 924 713 940 925 714 776 743 550 583 560 357 776 743 550 940 925 714 941 926 715 935 920 709 778 745 552 942 927 716 778 745 552 935 920 709 777 744 551 841 806 615 935 920 709 828 793 602 935 920 709 841 806 615 934 919 708 828 793 602 942 927 716 826 791 600 942 927 716 828 793 602 935 920 709 831 796 605 941 926 715 940 925 714 941 926 715 831 796 605 830 795 604 939 924 713 831 796 605 940 925 714 831 796 605 939 924 713 833 798 607 938 923 712 835 800 609 939 924 713 833 798 607 939 924 713 835 800 609 835 800 609 938 923 712 838 803 612 938 923 712 937 922 711 838 803 612 838 803 612 936 921 710 839 804 613 936 921 710 838 803 612 937 922 711 934 919 708 841 806 615 936 921 710 936 921 710 841 806 615 839 804 613 853 817 627 825 790 599 852 816 626 825 790 599 853 817 627 842 807 616 852 816 626 827 792 601 854 818 628 827 792 601 852 816 626 825 790 599 856 820 630 832 797 606 829 794 603 832 797 606 856 820 630 855 819 629 834 799 608 857 821 631 829 794 603 829 794 603 857 821 631 856 820 630 836 801 610 858 822 632 834 799 608 857 821 631 834 799 608 858 822 632 858 822 632 836 801 610 859 823 633 836 801 610 837 802 611 859 823 633 859 823 633 840 805 614 860 824 634 840 805 614 859 823 633 837 802 611 842 807 616 860 824 634 840 805 614 860 824 634 842 807 616 853 817 627 824 789 598 615 590 389 822 787 596 822 787 596 615 590 389 617 592 391 615 590 389 807 772 581 614 589 388 807 772 581 615 590 389 824 789 598 614 589 388 809 774 583 612 586 386 809 774 583 614 589 388 807 772 581 608 585 382 814 779 588 811 776 585 814 779 588 608 585 382 609 586 383 608 585 382 816 781 590 606 583 380 816 781 590 608 585 382 811 776 585 816 781 590 622 597 396 606 583 380 622 597 396 816 781 590 817 782 591 622 597 396 817 782 591 620 595 394 817 782 591 819 784 593 620 595 394 620 595 394 822 787 596 617 592 391 822 787 596 620 595 394 819 784 593 528 506 302 533 511 307 566 543 340 566 543 340 533 511 307 559 536 333 530 508 304 559 536 333 533 511 307 559 536 333 530 508 304 558 535 332 560 537 334 530 508 304 571 548 345 530 508 304 560 537 334 558 535 332 571 548 345 562 539 336 560 537 334 562 539 336 571 548 345 572 549 346 572 549 346 563 540 337 562 539 336 563 540 337 572 549 346 575 552 349 563 540 337 577 554 351 564 541 338 577 554 351 563 540 337 575 552 349 565 542 339 577 554 351 578 555 352 577 554 351 565 542 339 564 541 338 567 544 341 528 506 302 566 543 340 528 506 302 567 544 341 806 771 580 943 928 717 944 929 718 945 930 719 944 929 718 943 928 717 946 931 720 947 932 721 948 933 722 949 934 723 948 933 722 947 932 721 950 935 724 951 936 725 952 937 726 953 938 727 952 937 726 951 936 725 954 939 728 945 930 719 955 940 729 956 941 730 955 940 729 945 930 719 944 929 718 957 942 731 958 943 732 950 935 724 957 942 731 950 935 724 947 932 721 954 939 728 959 944 733 960 945 734 959 944 733 954 939 728 951 936 725 956 941 730 955 940 729 961 946 735 955 940 729 962 947 736 961 946 735 957 942 731 963 948 737 958 943 732 963 948 737 957 942 731 964 949 738 965 950 739 966 951 740 967 952 741 966 951 740 968 953 742 967 952 741 969 954 743 970 955 744 959 944 733 960 945 734 959 944 733 970 955 744 971 928 745 961 946 735 962 947 736 962 947 736 972 956 746 971 928 745 964 949 738 973 957 747 963 948 737 973 957 747 964 949 738 974 958 748 975 959 749 969 954 743 976 960 750 975 959 749 970 955 744 969 954 743 957 942 731 947 932 721 974 958 748 974 958 748 964 949 738 957 942 731 977 961 751 978 962 752 965 950 739 978 962 752 966 951 740 965 950 739 978 962 752 979 963 753 980 964 754 979 963 753 978 962 752 977 961 751 981 965 755 968 953 742 982 966 756 968 953 742 981 965 755 967 952 741 978 962 752 960 945 734 966 951 740 960 945 734 978 962 752 954 939 728 966 951 740 960 945 734 968 953 742 960 945 734 970 955 744 968 953 742 975 959 749 982 966 756 970 955 744 982 966 756 968 953 742 970 955 744 954 939 728 980 964 754 952 937 726 980 964 754 954 939 728 978 962 752 951 936 725 956 941 730 959 944 733 956 941 730 951 936 725 945 930 719 969 954 743 959 944 733 956 941 730 956 941 730 961 946 735 969 954 743 976 960 750 969 954 743 961 946 735 976 960 750 961 946 735 971 928 745 945 930 719 953 938 727 943 928 717 953 938 727 945 930 719 951 936 725 944 929 718 958 943 732 955 940 729 958 943 732 944 929 718 950 935 724 963 948 737 962 947 736 958 943 732 955 940 729 958 943 732 962 947 736 962 947 736 963 948 737 972 956 746 963 948 737 973 957 747 972 956 746 946 931 720 950 935 724 944 929 718 950 935 724 946 931 720 948 933 722 983 967 757 984 968 758 985 969 759 984 968 758 983 967 757 986 970 760 987 971 761 988 972 762 989 973 763 988 972 762 987 971 761 990 974 764 991 975 765 992 976 766 993 977 767 992 976 766 991 975 765 994 978 768 995 979 769 996 980 770 997 981 771 996 980 770 995 979 769 998 982 772 999 983 773 1000 984 774 1001 985 775 1000 984 774 999 983 773 1002 986 776 983 967 757 1003 987 777 1004 988 778 983 967 757 1004 988 778 986 970 760 1005 989 779 989 973 763 1006 990 780 989 973 763 1005 989 779 987 971 761 1007 991 781 994 978 768 991 975 765 994 978 768 1007 991 781 1008 992 782 1009 993 783 995 979 769 997 981 771 1009 993 783 997 981 771 1010 994 784 1001 985 775 1011 995 785 1012 996 786 1011 995 785 1001 985 775 1000 984 774 1013 997 787 1003 987 777 1014 998 788 1003 987 777 1013 997 787 1004 988 778 1015 999 789 1006 990 780 1016 1000 790 1006 990 780 1015 999 789 1005 989 779 1017 1001 791 1008 992 782 1007 991 781 1008 992 782 1017 1001 791 1018 1002 792 1019 1003 793 1009 993 783 1010 994 784 1019 1003 793 1010 994 784 1020 1004 794 1012 996 786 1021 1005 795 1022 1006 796 1021 1005 795 1012 996 786 1011 995 785 1023 1007 797 1014 998 788 1024 1008 798 1014 998 788 1023 1007 797 1013 997 787 1025 1009 799 1016 1000 790 1026 1010 800 1016 1000 790 1025 1009 799 1015 999 789 1027 1011 801 1018 1002 792 1017 1001 791 1018 1002 792 1027 1011 801 1028 1012 802 1019 1003 793 1029 1013 803 1030 1014 804 1029 1013 803 1019 1003 793 1020 1004 794 1031 1015 805 1023 1007 797 1024 1008 798 1023 1007 797 1031 1015 805 1032 1016 806 1033 1017 807 1026 1010 800 1034 1018 808 1026 1010 800 1033 1017 807 1025 1009 799 1028 1012 802 1035 1019 809 1036 1020 810 1035 1019 809 1028 1012 802 1027 1011 801 1030 1014 804 1037 1021 811 1038 1022 812 1037 1021 811 1030 1014 804 1029 1013 803 1039 1023 813 1040 1024 814 1041 1025 815 1039 1023 813 1041 1025 815 1042 1026 816 1032 1016 806 1043 1027 817 1044 1028 818 1043 1027 817 1032 1016 806 1031 1015 805 1045 1029 819 1034 1018 808 1046 1030 820 1034 1018 808 1045 1029 819 1033 1017 807 1047 1031 821 1036 1020 810 1035 1019 809 1035 1019 809 1048 1032 822 1047 1031 821 1038 1022 812 1049 1033 823 1050 1034 824 1049 1033 823 1038 1022 812 1037 1021 811 1051 1035 825 1039 1023 813 1042 1026 816 1051 1035 825 1042 1026 816 1052 1036 826 1053 1037 827 1043 1027 817 1054 1038 828 1043 1027 817 1053 1037 827 1044 1028 818 1045 1029 819 1055 1039 829 1056 1040 830 1055 1039 829 1045 1029 819 1046 1030 820 1057 1041 831 1047 1031 821 1048 1032 822 1047 1031 821 1057 1041 831 1058 1042 832 1059 1043 833 1050 1034 824 1049 1033 823 1049 1033 823 1060 1044 834 1059 1043 833 1052 1036 826 1061 1045 835 1051 1035 825 1061 1045 835 1052 1036 826 1062 1046 836 1063 1047 837 1053 1037 827 1054 1038 828 1053 1037 827 1063 1047 837 1064 1048 838 1056 1040 830 1065 1049 839 1066 1050 840 1065 1049 839 1056 1040 830 1055 1039 829 1067 1051 841 1058 1042 832 1057 1041 831 1058 1042 832 1067 1051 841 1068 1052 842 1059 1043 833 1069 1053 843 1070 1054 844 1069 1053 843 1059 1043 833 1060 1044 834 1061 1045 835 1071 1055 845 1072 1056 846 1071 1055 845 1061 1045 835 1062 1046 836 1073 1057 847 1063 1047 837 1072 1056 846 1063 1047 837 1073 1057 847 1064 1048 838 1073 1057 847 1065 1049 839 1064 1048 838 1065 1049 839 1073 1057 847 1066 1050 840 1066 1050 840 1073 1057 847 1074 1058 848 1074 1058 848 1073 1057 847 1075 1059 849 1075 1059 849 1073 1057 847 1076 1060 850 1076 1060 850 1073 1057 847 1077 1061 851 1077 1061 851 1073 1057 847 1078 1062 852 1073 1057 847 1067 1051 841 1078 1062 852 1067 1051 841 1073 1057 847 1068 1052 842 1073 1057 847 1069 1053 843 1068 1052 842 1069 1053 843 1073 1057 847 1070 1054 844 1073 1057 847 1071 1055 845 1070 1054 844 1071 1055 845 1073 1057 847 1072 1056 846 1079 1063 853 1080 1064 854 1081 1065 855 1079 1063 853 1082 1066 856 1080 1064 854 1082 1066 856 1079 1063 853 1083 1067 857 1084 1068 858 1083 1067 857 1085 1069 859 1083 1067 857 1084 1068 858 1082 1066 856 1085 1069 859 1078 1062 852 1084 1068 858 1078 1062 852 1085 1069 859 1077 1061 851 1085 1069 859 1086 1070 860 1077 1061 851 1086 1070 860 1076 1060 850 1077 1061 851 1075 1059 849 1086 1070 860 1087 1071 861 1086 1070 860 1075 1059 849 1076 1060 850 1087 1071 861 1074 1058 848 1075 1059 849 1074 1058 848 1087 1071 861 1088 1072 862 1088 1072 862 1066 1050 840 1074 1058 848 1066 1050 840 1088 1072 862 1056 1040 830 1089 1073 863 1056 1040 830 1088 1072 862 1056 1040 830 1089 1073 863 1045 1029 819 1089 1073 863 1033 1017 807 1045 1029 819 1033 1017 807 1089 1073 863 1090 1074 864 1090 1074 864 1025 1009 799 1033 1017 807 1025 1009 799 1090 1074 864 1091 1075 865 1091 1075 865 1015 999 789 1025 1009 799 1015 999 789 1091 1075 865 1092 1076 866 1015 999 789 1093 1077 867 1005 989 779 1093 1077 867 1015 999 789 1092 1076 866 1005 989 779 1094 1078 868 987 971 761 1094 1078 868 1005 989 779 1093 1077 867 990 974 764 987 971 761 1094 1078 868 1095 1079 869 988 972 762 990 974 764 988 972 762 1095 1079 869 984 968 758 1095 1079 869 985 969 759 984 968 758 985 969 759 1095 1079 869 999 983 773 1095 1079 869 1002 986 776 999 983 773 1002 986 776 1095 1079 869 998 982 772 1095 1079 869 996 980 770 998 982 772 996 980 770 1095 1079 869 992 976 766 1095 1079 869 993 977 767 992 976 766 993 977 767 1095 1079 869 1096 1080 870 1022 1006 796 1041 1025 815 1040 1024 814 1041 1025 815 1022 1006 796 1021 1005 795 984 968 758 986 970 760 989 973 763 984 968 758 989 973 763 988 972 762 1004 988 778 1006 990 780 986 970 760 986 970 760 1006 990 780 989 973 763 1016 1000 790 1004 988 778 1013 997 787 1004 988 778 1016 1000 790 1006 990 780 1026 1010 800 1013 997 787 1023 1007 797 1013 997 787 1026 1010 800 1016 1000 790 1032 1016 806 1026 1010 800 1023 1007 797 1026 1010 800 1032 1016 806 1034 1018 808 1034 1018 808 1044 1028 818 1046 1030 820 1044 1028 818 1034 1018 808 1032 1016 806 1044 1028 818 1053 1037 827 1055 1039 829 1044 1028 818 1055 1039 829 1046 1030 820 1053 1037 827 1064 1048 838 1065 1049 839 1053 1037 827 1065 1049 839 1055 1039 829 985 969 759 1001 985 775 983 967 757 1001 985 775 985 969 759 999 983 773 1012 996 786 983 967 757 1001 985 775 983 967 757 1012 996 786 1003 987 777 1003 987 777 1022 1006 796 1014 998 788 1022 1006 796 1003 987 777 1012 996 786 1014 998 788 1040 1024 814 1024 1008 798 1040 1024 814 1014 998 788 1022 1006 796 1031 1015 805 1024 1008 798 1040 1024 814 1031 1015 805 1040 1024 814 1039 1023 813 1043 1027 817 1031 1015 805 1039 1023 813 1043 1027 817 1039 1023 813 1051 1035 825 1054 1038 828 1051 1035 825 1061 1045 835 1051 1035 825 1054 1038 828 1043 1027 817 1063 1047 837 1061 1045 835 1072 1056 846 1061 1045 835 1063 1047 837 1054 1038 828 1002 986 776 995 979 769 1000 984 774 995 979 769 1002 986 776 998 982 772 1000 984 774 1009 993 783 1011 995 785 1009 993 783 1000 984 774 995 979 769 1011 995 785 1019 1003 793 1021 1005 795 1019 1003 793 1011 995 785 1009 993 783 1021 1005 795 1030 1014 804 1041 1025 815 1030 1014 804 1021 1005 795 1019 1003 793 1041 1025 815 1038 1022 812 1042 1026 816 1038 1022 812 1041 1025 815 1030 1014 804 1042 1026 816 1050 1034 824 1052 1036 826 1050 1034 824 1042 1026 816 1038 1022 812 1062 1046 836 1052 1036 826 1050 1034 824 1062 1046 836 1050 1034 824 1059 1043 833 1071 1055 845 1062 1046 836 1059 1043 833 1071 1055 845 1059 1043 833 1070 1054 844 997 981 771 992 976 766 994 978 768 992 976 766 997 981 771 996 980 770 1008 992 782 997 981 771 994 978 768 997 981 771 1008 992 782 1010 994 784 1020 1004 794 1010 994 784 1008 992 782 1020 1004 794 1008 992 782 1018 1002 792 1029 1013 803 1020 1004 794 1018 1002 792 1029 1013 803 1018 1002 792 1028 1012 802 1029 1013 803 1036 1020 810 1037 1021 811 1036 1020 810 1029 1013 803 1028 1012 802 1037 1021 811 1047 1031 821 1049 1033 823 1047 1031 821 1037 1021 811 1036 1020 810 1049 1033 823 1047 1031 821 1060 1044 834 1047 1031 821 1058 1042 832 1060 1044 834 1069 1053 843 1060 1044 834 1058 1042 832 1058 1042 832 1068 1052 842 1069 1053 843 1097 1081 871 993 977 767 1096 1080 870 993 977 767 1097 1081 871 991 975 765 1098 1082 872 991 975 765 1097 1081 871 991 975 765 1098 1082 872 1007 991 781 1099 1083 873 1007 991 781 1098 1082 872 1007 991 781 1099 1083 873 1017 1001 791 1017 1001 791 1099 1083 873 1027 1011 801 1099 1083 873 1081 1065 855 1027 1011 801 1080 1064 854 1027 1011 801 1081 1065 855 1027 1011 801 1080 1064 854 1035 1019 809 1035 1019 809 1080 1064 854 1048 1032 822 1080 1064 854 1082 1066 856 1048 1032 822 1057 1041 831 1082 1066 856 1084 1068 858 1082 1066 856 1057 1041 831 1048 1032 822 1067 1051 841 1084 1068 858 1078 1062 852 1084 1068 858 1067 1051 841 1057 1041 831 1100 1084 758 1101 1085 757 1102 1086 759 1101 1085 757 1100 1084 758 1103 1087 760 1104 1088 763 1105 1089 762 1106 1090 761 1106 1090 761 1105 1089 762 1107 1091 764 1108 1092 765 1109 1093 766 1110 1094 768 1109 1093 766 1108 1092 765 1111 1095 767 1112 1096 769 1113 1097 771 1114 1098 770 1112 1096 769 1114 1098 770 1115 1099 772 1116 1100 773 1117 1101 774 1118 1102 776 1117 1101 774 1116 1100 773 1119 1103 775 1103 1087 760 1120 1104 778 1101 1085 757 1101 1085 757 1120 1104 778 1121 1105 777 1122 1106 780 1104 1088 763 1123 1107 779 1123 1107 779 1104 1088 763 1106 1090 761 1110 1094 768 1124 1108 781 1108 1092 765 1124 1108 781 1110 1094 768 1125 1109 782 1126 1110 783 1113 1097 771 1112 1096 769 1113 1097 771 1126 1110 783 1127 1111 784 1119 1103 775 1128 1112 785 1117 1101 774 1128 1112 785 1119 1103 775 1129 1113 786 1130 1114 788 1121 1105 777 1131 1115 787 1121 1105 777 1120 1104 778 1131 1115 787 1132 1116 789 1133 1117 790 1122 1106 780 1132 1116 789 1122 1106 780 1123 1107 779 1125 1109 782 1134 1118 791 1124 1108 781 1134 1118 791 1125 1109 782 1135 1119 792 1136 1120 793 1127 1111 784 1126 1110 783 1127 1111 784 1136 1120 793 1137 1121 794 1129 1113 786 1138 1122 795 1128 1112 785 1138 1122 795 1129 1113 786 1139 1123 796 1140 1124 798 1130 1114 788 1141 1125 797 1141 1125 797 1130 1114 788 1131 1115 787 1142 1126 799 1143 1127 800 1133 1117 790 1142 1126 799 1133 1117 790 1132 1116 789 1135 1119 792 1144 1128 801 1134 1118 791 1144 1128 801 1135 1119 792 1145 1129 802 1136 1120 793 1146 1130 803 1137 1121 794 1146 1130 803 1136 1120 793 1147 1131 804 1148 1132 805 1141 1125 797 1149 1133 806 1141 1125 797 1148 1132 805 1140 1124 798 1150 1134 807 1151 1135 808 1143 1127 800 1150 1134 807 1143 1127 800 1142 1126 799 1145 1129 802 1152 1136 809 1144 1128 801 1152 1136 809 1145 1129 802 1153 1137 810 1147 1131 804 1154 1138 811 1146 1130 803 1154 1138 811 1147 1131 804 1155 1139 812 1156 1140 813 1157 1141 815 1158 1142 814 1157 1141 815 1156 1140 813 1159 1143 816 1160 1144 817 1149 1133 806 1161 1145 818 1149 1133 806 1160 1144 817 1148 1132 805 1162 1146 819 1163 1147 820 1151 1135 808 1162 1146 819 1151 1135 808 1150 1134 807 1153 1137 810 1164 1148 821 1152 1136 809 1152 1136 809 1164 1148 821 1165 1149 822 1155 1139 812 1166 1150 823 1154 1138 811 1166 1150 823 1155 1139 812 1167 1151 824 1168 1152 825 1159 1143 816 1156 1140 813 1159 1143 816 1168 1152 825 1169 1153 826 1170 1154 828 1161 1145 818 1171 1155 827 1161 1145 818 1170 1154 828 1160 1144 817 1162 1146 819 1172 1156 829 1163 1147 820 1172 1156 829 1162 1146 819 1173 1157 830 1174 1158 831 1164 1148 821 1175 1159 832 1164 1148 821 1174 1158 831 1165 1149 822 1176 1160 833 1166 1150 823 1167 1151 824 1166 1150 823 1176 1160 833 1177 1161 834 1169 1153 826 1178 1162 835 1179 1163 836 1178 1162 835 1169 1153 826 1168 1152 825 1171 1155 827 1180 1164 837 1170 1154 828 1180 1164 837 1171 1155 827 1181 1165 838 1173 1157 830 1182 1166 839 1172 1156 829 1182 1166 839 1173 1157 830 1183 1167 840 1175 1159 832 1184 1168 841 1174 1158 831 1184 1168 841 1175 1159 832 1185 1169 842 1176 1160 833 1186 1170 843 1177 1161 834 1186 1170 843 1176 1160 833 1187 1171 844 1188 1172 845 1178 1162 835 1189 1173 846 1178 1162 835 1188 1172 845 1179 1163 836 1190 1174 847 1180 1164 837 1181 1165 838 1180 1164 837 1190 1174 847 1189 1173 846 1190 1174 847 1182 1166 839 1183 1167 840 1182 1166 839 1190 1174 847 1181 1165 838 1183 1167 840 1191 1175 848 1190 1174 847 1191 1175 848 1192 1176 849 1190 1174 847 1192 1176 849 1193 1177 850 1190 1174 847 1193 1177 850 1194 1178 851 1190 1174 847 1194 1178 851 1195 1179 852 1190 1174 847 1190 1174 847 1184 1168 841 1185 1169 842 1184 1168 841 1190 1174 847 1195 1179 852 1190 1174 847 1186 1170 843 1187 1171 844 1186 1170 843 1190 1174 847 1185 1169 842 1188 1172 845 1190 1174 847 1187 1171 844 1190 1174 847 1188 1172 845 1189 1173 846 1196 1180 853 1197 1181 855 1198 1182 854 1199 1183 856 1196 1180 853 1198 1182 854 1196 1180 853 1199 1183 856 1200 1184 857 1200 1184 857 1201 1185 858 1202 1186 859 1201 1185 858 1200 1184 857 1199 1183 856 1202 1186 859 1201 1185 858 1195 1179 852 1202 1186 859 1195 1179 852 1194 1178 851 1202 1186 859 1194 1178 851 1203 1187 860 1203 1187 860 1194 1178 851 1193 1177 850 1192 1176 849 1203 1187 860 1193 1177 850 1203 1187 860 1192 1176 849 1204 1188 861 1204 1188 861 1191 1175 848 1205 1189 862 1191 1175 848 1204 1188 861 1192 1176 849 1183 1167 840 1205 1189 862 1191 1175 848 1205 1189 862 1183 1167 840 1173 1157 830 1206 1190 863 1173 1157 830 1162 1146 819 1173 1157 830 1206 1190 863 1205 1189 862 1206 1190 863 1162 1146 819 1150 1134 807 1206 1190 863 1150 1134 807 1207 1191 864 1207 1191 864 1150 1134 807 1142 1126 799 1207 1191 864 1142 1126 799 1208 1192 865 1142 1126 799 1132 1116 789 1208 1192 865 1208 1192 865 1132 1116 789 1209 1193 866 1132 1116 789 1210 1194 867 1209 1193 866 1210 1194 867 1132 1116 789 1123 1107 779 1123 1107 779 1211 1195 868 1210 1194 867 1211 1195 868 1123 1107 779 1106 1090 761 1107 1091 764 1211 1195 868 1106 1090 761 1212 1196 869 1105 1089 762 1100 1084 758 1212 1196 869 1107 1091 764 1105 1089 762 1102 1086 759 1212 1196 869 1100 1084 758 1212 1196 869 1102 1086 759 1116 1100 773 1115 1099 772 1212 1196 869 1118 1102 776 1116 1100 773 1118 1102 776 1212 1196 869 1212 1196 869 1114 1098 770 1109 1093 766 1114 1098 770 1212 1196 869 1115 1099 772 1212 1196 869 1111 1095 767 1213 1197 870 1111 1095 767 1212 1196 869 1109 1093 766 1139 1123 796 1157 1141 815 1138 1122 795 1157 1141 815 1139 1123 796 1158 1142 814 1189 1173 846 1178 1162 835 1180 1164 837 1178 1162 835 1170 1154 828 1180 1164 837 1170 1154 828 1178 1162 835 1168 1152 825 1168 1152 825 1160 1144 817 1170 1154 828 1160 1144 817 1156 1140 813 1148 1132 805 1156 1140 813 1160 1144 817 1168 1152 825 1148 1132 805 1158 1142 814 1140 1124 798 1158 1142 814 1148 1132 805 1156 1140 813 1130 1114 788 1158 1142 814 1139 1123 796 1158 1142 814 1130 1114 788 1140 1124 798 1121 1105 777 1139 1123 796 1129 1113 786 1139 1123 796 1121 1105 777 1130 1114 788 1101 1085 757 1129 1113 786 1119 1103 775 1129 1113 786 1101 1085 757 1121 1105 777 1102 1086 759 1119 1103 775 1116 1100 773 1119 1103 775 1102 1086 759 1101 1085 757 1172 1156 829 1182 1166 839 1171 1155 827 1181 1165 838 1171 1155 827 1182 1166 839 1163 1147 820 1172 1156 829 1161 1145 818 1161 1145 818 1172 1156 829 1171 1155 827 1161 1145 818 1151 1135 808 1163 1147 820 1151 1135 808 1161 1145 818 1149 1133 806 1149 1133 806 1143 1127 800 1151 1135 808 1143 1127 800 1149 1133 806 1141 1125 797 1143 1127 800 1141 1125 797 1131 1115 787 1143 1127 800 1131 1115 787 1133 1117 790 1131 1115 787 1120 1104 778 1133 1117 790 1120 1104 778 1122 1106 780 1133 1117 790 1120 1104 778 1103 1087 760 1122 1106 780 1103 1087 760 1104 1088 763 1122 1106 780 1103 1087 760 1100 1084 758 1104 1088 763 1100 1084 758 1105 1089 762 1104 1088 763 1188 1172 845 1176 1160 833 1179 1163 836 1176 1160 833 1188 1172 845 1187 1171 844 1179 1163 836 1167 1151 824 1169 1153 826 1167 1151 824 1179 1163 836 1176 1160 833 1159 1143 816 1167 1151 824 1155 1139 812 1167 1151 824 1159 1143 816 1169 1153 826 1157 1141 815 1155 1139 812 1147 1131 804 1155 1139 812 1157 1141 815 1159 1143 816 1138 1122 795 1147 1131 804 1136 1120 793 1147 1131 804 1138 1122 795 1157 1141 815 1128 1112 785 1136 1120 793 1126 1110 783 1136 1120 793 1128 1112 785 1138 1122 795 1117 1101 774 1126 1110 783 1112 1096 769 1126 1110 783 1117 1101 774 1128 1112 785 1118 1102 776 1112 1096 769 1115 1099 772 1112 1096 769 1118 1102 776 1117 1101 774 1177 1161 834 1186 1170 843 1175 1159 832 1175 1159 832 1186 1170 843 1185 1169 842 1166 1150 823 1177 1161 834 1164 1148 821 1164 1148 821 1177 1161 834 1175 1159 832 1154 1138 811 1164 1148 821 1153 1137 810 1164 1148 821 1154 1138 811 1166 1150 823 1146 1130 803 1153 1137 810 1145 1129 802 1153 1137 810 1146 1130 803 1154 1138 811 1146 1130 803 1135 1119 792 1137 1121 794 1135 1119 792 1146 1130 803 1145 1129 802 1137 1121 794 1125 1109 782 1127 1111 784 1125 1109 782 1137 1121 794 1135 1119 792 1125 1109 782 1113 1097 771 1127 1111 784 1113 1097 771 1125 1109 782 1110 1094 768 1110 1094 768 1109 1093 766 1113 1097 771 1113 1097 771 1109 1093 766 1114 1098 770 1195 1179 852 1201 1185 858 1184 1168 841 1201 1185 858 1174 1158 831 1184 1168 841 1201 1185 858 1199 1183 856 1174 1158 831 1199 1183 856 1165 1149 822 1174 1158 831 1152 1136 809 1165 1149 822 1198 1182 854 1198 1182 854 1165 1149 822 1199 1183 856 1144 1128 801 1198 1182 854 1197 1181 855 1198 1182 854 1144 1128 801 1152 1136 809 1134 1118 791 1144 1128 801 1214 1198 873 1214 1198 873 1144 1128 801 1197 1181 855 1124 1108 781 1214 1198 873 1215 1199 872 1214 1198 873 1124 1108 781 1134 1118 791 1108 1092 765 1215 1199 872 1216 1200 871 1215 1199 872 1108 1092 765 1124 1108 781 1111 1095 767 1216 1200 871 1213 1197 870 1216 1200 871 1111 1095 767 1108 1092 765 1217 1201 228 1218 1202 874 1219 1203 226 1217 1201 228 1220 1204 875 1218 1202 874 1221 1205 231 1222 1206 230 1223 1207 232 1223 1207 232 1224 1208 233 1221 1205 231 1225 1209 265 1226 1210 236 1227 1211 261 1226 1210 236 1225 1209 265 1228 1212 237 1229 1213 238 1220 1204 875 1217 1201 228 1220 1204 875 1229 1213 238 1230 1214 876 1231 1215 240 1232 1216 241 1222 1206 230 1231 1215 240 1222 1206 230 1221 1205 231 1227 1211 261 1233 1217 242 1234 1218 262 1233 1217 242 1227 1211 261 1226 1210 236 1235 1219 245 1236 1220 877 1229 1213 238 1236 1220 877 1230 1214 876 1229 1213 238 1232 1216 241 1231 1215 240 1237 1221 246 1238 1222 247 1237 1221 246 1231 1215 240 1234 1218 262 1233 1217 242 1239 1223 263 1239 1223 263 1233 1217 242 1240 1224 249 1241 1225 878 1235 1219 245 1242 1203 251 1235 1219 245 1241 1225 878 1236 1220 877 1238 1222 247 1243 1226 252 1237 1221 246 1243 1226 252 1238 1222 247 1244 1227 253 1240 1224 249 1245 1209 264 1239 1223 263 1245 1209 264 1240 1224 249 1246 1228 255 1247 1229 256 1248 1230 879 1249 1231 257 1248 1230 879 1247 1229 256 1250 1232 880 1251 1233 881 1252 1234 258 1253 1230 882 1253 1230 882 1252 1234 258 1254 1235 259 1255 1236 883 1256 1237 260 1251 1233 881 1251 1233 881 1256 1237 260 1252 1234 258 1256 1237 260 1250 1232 880 1247 1229 256 1250 1232 880 1256 1237 260 1255 1236 883 1249 1231 257 1252 1234 258 1256 1237 260 1249 1231 257 1256 1237 260 1247 1229 256 1232 1216 241 1233 1217 242 1226 1210 236 1226 1210 236 1222 1206 230 1232 1216 241 1226 1210 236 1228 1212 237 1222 1206 230 1228 1212 237 1223 1207 232 1222 1206 230 1237 1221 246 1246 1228 255 1240 1224 249 1246 1228 255 1237 1221 246 1243 1226 252 1240 1224 249 1232 1216 241 1237 1221 246 1232 1216 241 1240 1224 249 1233 1217 242 1257 1238 239 1221 1205 231 1258 1239 229 1257 1238 239 1231 1215 240 1221 1205 231 1258 1239 229 1221 1205 231 1224 1208 233 1224 1208 233 1259 1240 227 1258 1239 229 1260 1241 244 1244 1227 253 1238 1222 247 1244 1227 253 1260 1241 244 1261 1242 250 1238 1222 247 1257 1238 239 1260 1241 244 1257 1238 239 1238 1222 247 1231 1215 240 1230 1214 876 1258 1239 229 1220 1204 875 1258 1239 229 1230 1214 876 1257 1238 239 1220 1204 875 1259 1240 227 1218 1202 874 1220 1204 875 1258 1239 229 1259 1240 227 1261 1242 250 1236 1220 877 1241 1225 878 1236 1220 877 1261 1242 250 1260 1241 244 1236 1220 877 1260 1241 244 1230 1214 876 1260 1241 244 1257 1238 239 1230 1214 876 1250 1232 880 1219 1203 226 1248 1230 879 1219 1203 226 1250 1232 880 1217 1201 228 1253 1230 882 1242 1203 251 1251 1233 881 1242 1203 251 1235 1219 245 1251 1233 881 1229 1213 238 1255 1236 883 1235 1219 245 1251 1233 881 1235 1219 245 1255 1236 883 1255 1236 883 1217 1201 228 1250 1232 880 1217 1201 228 1255 1236 883 1229 1213 238 1262 1243 718 1263 1244 717 1264 1245 884 1263 1244 717 1262 1243 718 1265 1246 885 1266 1247 886 1267 1248 887 1268 1249 888 1267 1248 887 1266 1247 886 1269 1250 889 1270 1251 726 1271 1252 725 1272 1253 727 1271 1252 725 1270 1251 726 1273 1254 728 1274 1255 890 1275 1256 729 1264 1245 884 1275 1256 729 1262 1243 718 1264 1245 884 1276 1257 891 1268 1249 888 1277 1258 732 1268 1249 888 1276 1257 891 1266 1247 886 1273 1254 728 1278 1259 733 1271 1252 725 1278 1259 733 1273 1254 728 1279 1260 734 1274 1255 890 1280 1261 735 1275 1256 729 1275 1256 729 1280 1261 735 1281 1262 736 1276 1257 891 1282 1263 737 1283 1264 892 1282 1263 737 1276 1257 891 1277 1258 732 1284 1265 893 1285 1266 741 1286 1267 740 1286 1267 740 1285 1266 741 1287 1268 742 1278 1259 733 1279 1260 734 1288 1269 744 1278 1259 733 1288 1269 744 1289 1270 743 1290 1244 745 1281 1262 736 1280 1261 735 1281 1262 736 1290 1244 745 1291 1271 746 1283 1264 892 1292 1248 747 1293 1272 894 1292 1248 747 1283 1264 892 1282 1263 737 1294 1273 895 1289 1270 743 1288 1269 744 1294 1273 895 1295 1274 750 1289 1270 743 1296 1275 731 1297 1276 896 1298 1277 897 1297 1276 896 1296 1275 731 1299 1278 738 1300 1279 752 1284 1265 893 1286 1267 740 1284 1265 893 1300 1279 752 1301 1280 751 1302 1281 753 1300 1279 752 1303 1282 754 1300 1279 752 1302 1281 753 1301 1280 751 1304 1281 898 1287 1268 742 1285 1266 741 1287 1268 742 1304 1281 898 1305 1283 899 1303 1282 754 1273 1254 728 1270 1251 726 1273 1254 728 1303 1282 754 1300 1279 752 1305 1283 899 1288 1269 744 1287 1268 742 1288 1269 744 1305 1283 899 1294 1273 895 1286 1267 740 1287 1268 742 1279 1260 734 1279 1260 734 1287 1268 742 1288 1269 744 1300 1279 752 1279 1260 734 1273 1254 728 1279 1260 734 1300 1279 752 1286 1267 740 1264 1245 884 1272 1253 727 1271 1252 725 1272 1253 727 1264 1245 884 1263 1244 717 1295 1274 750 1280 1261 735 1289 1270 743 1280 1261 735 1295 1274 750 1290 1244 745 1278 1259 733 1289 1270 743 1274 1255 890 1274 1255 890 1289 1270 743 1280 1261 735 1274 1255 890 1271 1252 725 1278 1259 733 1271 1252 725 1274 1255 890 1264 1245 884 1268 1249 888 1265 1246 885 1262 1243 718 1265 1246 885 1268 1249 888 1267 1248 887 1281 1262 736 1291 1271 746 1282 1263 737 1282 1263 737 1291 1271 746 1292 1248 747 1277 1258 732 1275 1256 729 1281 1262 736 1277 1258 732 1281 1262 736 1282 1263 737 1277 1258 732 1262 1243 718 1275 1256 729 1262 1243 718 1277 1258 732 1268 1249 888 1298 1277 897 1269 1250 889 1266 1247 886 1269 1250 889 1298 1277 897 1306 1276 723 1299 1278 738 1283 1264 892 1297 1276 896 1283 1264 892 1293 1272 894 1297 1276 896 1296 1275 731 1283 1264 892 1299 1278 738 1283 1264 892 1296 1275 731 1276 1257 891 1296 1275 731 1266 1247 886 1276 1257 891 1266 1247 886 1296 1275 731 1298 1277 897 1307 1284 900 1308 1285 901 1309 1286 902 1308 1285 901 1310 1287 903 1309 1286 902 1311 1288 904 1312 1289 905 1313 1290 906 1312 1289 905 1314 1291 907 1313 1290 906 1315 1292 908 1311 1288 904 1316 1293 909 1311 1288 904 1315 1292 908 1312 1289 905 1317 1294 910 1318 1295 911 1319 1296 912 1317 1294 910 1319 1296 912 1320 1297 913 1321 1298 914 1322 1299 915 1323 1300 916 1322 1299 915 1321 1298 914 1324 1301 917 1324 1301 917 1325 1302 918 1322 1299 915 1325 1302 918 1324 1301 917 1326 1303 919 1327 1304 920 1328 1305 921 1329 1306 922 1327 1304 920 1330 1307 923 1328 1305 921 1331 1308 924 1332 1309 925 1333 1310 926 1332 1309 925 1334 1311 927 1333 1310 926 1335 1312 928 1336 1313 929 1337 1314 930 1336 1313 929 1335 1312 928 1338 1315 931 1339 1316 932 1340 1317 933 1341 1318 934 1341 1318 934 1340 1317 933 1342 1319 935 1343 1320 936 1344 1321 937 1345 1322 938 1344 1321 937 1343 1320 936 1346 1323 939 1347 1324 940 1348 1325 941 1349 1326 942 1348 1325 941 1347 1324 940 1350 1327 943 1351 1328 944 1352 1329 945 1353 1330 946 1352 1329 945 1351 1328 944 1354 1331 947 1355 1332 948 1308 1285 901 1356 1333 949 1357 1334 950 1358 1335 951 1359 1336 952 1358 1335 951 1357 1334 950 1360 1337 953 1358 1335 951 1361 1338 954 1359 1336 952 1361 1338 954 1358 1335 951 1362 1339 955 1363 1340 956 1364 1341 957 1365 1342 958 1364 1341 957 1363 1340 956 1366 1343 959 1367 1344 960 1368 1345 961 1369 1346 962 1368 1345 961 1367 1344 960 1370 1347 963 1371 1348 964 1372 1349 965 1373 1350 966 1372 1349 965 1371 1348 964 1374 1351 967 1375 1352 968 1376 1353 969 1377 1354 970 1375 1352 968 1377 1354 970 1378 1355 971 1379 1356 972 1380 1357 973 1381 1358 974 1380 1357 973 1379 1356 972 1382 1359 975 1383 1360 976 1384 1361 977 1385 1362 978 1384 1361 977 1383 1360 976 1386 1363 979 1387 1364 980 1388 1365 981 1389 1366 982 1388 1365 981 1390 1367 983 1389 1366 982 1391 1368 984 1392 1369 985 1393 1370 986 1392 1369 985 1391 1368 984 1394 1371 987 1395 1372 988 1393 1370 986 1396 1373 989 1393 1370 986 1395 1372 988 1391 1368 984 1397 1374 990 1398 1375 991 1399 1376 992 1398 1375 991 1397 1374 990 1400 1377 993 1401 1378 994 1402 1379 995 1403 1380 996 1402 1379 995 1401 1378 994 1404 1381 997 1405 1382 998 1406 1383 999 1407 1384 1000 1406 1383 999 1405 1382 998 1408 1385 1001 1409 1386 1002 1410 1387 1003 1411 1388 1004 1410 1387 1003 1409 1386 1002 1412 1389 1005 1413 1390 1006 1414 1391 1007 1415 1392 1008 1414 1391 1007 1413 1390 1006 1416 1393 1009 1417 1394 1010 1418 1395 1011 1419 1396 1012 1417 1394 1010 1419 1396 1012 1420 1397 1013 1421 1398 1014 1308 1285 901 1422 1399 1015 1423 1400 1016 1422 1399 1015 1308 1285 901 1424 1401 1017 1425 1402 1018 1426 1403 1019 1424 1401 1017 1426 1403 1019 1427 1404 1020 1428 1405 1021 1429 1406 1022 1430 1407 1023 1428 1405 1021 1430 1407 1023 1431 1408 1024 1432 1409 1025 1433 1410 1026 1429 1406 1022 1429 1406 1022 1428 1405 1021 1432 1409 1025 1434 1411 1027 1435 1412 1028 1433 1410 1026 1433 1410 1026 1432 1409 1025 1434 1411 1027 1436 1413 1029 1437 1414 1030 1438 1415 1031 1436 1413 1029 1438 1415 1031 1439 1416 1032 1440 1417 1033 1436 1413 1029 1441 1418 1034 1436 1413 1029 1440 1417 1033 1437 1414 1030 1442 1419 1035 1443 1420 1036 1444 1421 1037 1443 1420 1036 1445 1422 1038 1444 1421 1037 1446 1423 1039 1447 1424 1040 1442 1419 1035 1446 1423 1039 1442 1419 1035 1444 1421 1037 1448 1425 1041 1446 1423 1039 1449 1426 1042 1446 1423 1039 1448 1425 1041 1447 1424 1040 1446 1423 1039 1450 1427 1043 1449 1426 1042 1449 1426 1042 1450 1427 1043 1451 1428 1044 1311 1288 904 1452 1429 1045 1453 1430 1046 1452 1429 1045 1311 1288 904 1313 1290 906 1316 1293 909 1453 1430 1046 1454 1431 1047 1453 1430 1046 1316 1293 909 1311 1288 904 1455 1432 1048 1317 1294 910 1320 1297 913 1455 1432 1048 1320 1297 913 1456 1433 1049 1457 1434 1050 1324 1301 917 1321 1298 914 1324 1301 917 1457 1434 1050 1458 1435 1051 1458 1435 1051 1326 1303 919 1324 1301 917 1326 1303 919 1458 1435 1051 1459 1436 1052 1460 1437 1053 1329 1306 922 1461 1438 1054 1329 1306 922 1460 1437 1053 1327 1304 920 1462 1439 1055 1463 1440 1056 1464 1441 1057 1463 1440 1056 1462 1439 1055 1465 1442 1058 1465 1442 1058 1462 1439 1055 1466 1443 1059 1465 1442 1058 1466 1443 1059 1467 1444 1060 1468 1445 1061 1469 1446 1062 1470 1447 1063 1469 1446 1062 1471 1448 1064 1470 1447 1063 1470 1447 1063 1471 1448 1064 1472 1449 1065 1471 1448 1064 1473 1450 1066 1472 1449 1065 1473 1450 1066 1474 1451 1067 1472 1449 1065 1474 1451 1067 1473 1450 1066 1475 1452 1068 1476 1453 1069 1477 1454 1070 1478 1455 1071 1477 1454 1070 1479 1456 1072 1478 1455 1071 1480 1457 1073 1481 1458 1074 1482 1459 1075 1481 1458 1074 1480 1457 1073 1483 1460 1076 1484 1461 1077 1354 1331 947 1351 1328 944 1354 1331 947 1484 1461 1077 1485 1462 1078 1486 1463 1079 1487 1464 1080 1488 1465 1081 1487 1464 1080 1486 1463 1079 1489 1466 1082 1490 1467 1083 1491 1468 1084 1492 1469 1085 1491 1468 1084 1490 1467 1083 1493 1470 1086 1494 1471 1087 1495 1472 1088 1496 1473 1089 1495 1472 1088 1494 1471 1087 1497 1474 1090 1498 1475 1091 1404 1381 997 1401 1378 994 1404 1381 997 1498 1475 1091 1499 1476 1092 1500 1477 1093 1501 1478 1094 1502 1479 1095 1501 1478 1094 1500 1477 1093 1503 1480 1096 1504 1481 1097 1505 1482 1098 1506 1483 1099 1506 1483 1099 1507 1484 1100 1504 1481 1097 1508 1485 1101 1509 1486 1102 1510 1487 1103 1509 1486 1102 1511 1488 1104 1510 1487 1103 1510 1487 1103 1511 1488 1104 1512 1489 1105 1511 1488 1104 1513 1490 1106 1512 1489 1105 1514 1491 1107 1515 1492 1108 1516 1493 1109 1517 1494 1110 1516 1493 1109 1515 1492 1108 1518 1495 1111 1519 1496 1112 1520 1497 1113 1519 1496 1112 1518 1495 1111 1521 1498 1114 1522 1499 1115 1523 1500 1116 1524 1501 1117 1524 1501 1117 1525 1502 1118 1522 1499 1115 1526 1503 1119 1527 1504 1120 1528 1505 1121 1527 1504 1120 1526 1503 1119 1529 1506 1122 1525 1502 1118 1524 1501 1117 1530 1507 1123 1525 1502 1118 1530 1507 1123 1531 1508 1124 1532 1509 1125 1533 1510 1126 1534 1511 1127 1533 1510 1126 1532 1509 1125 1535 1512 1128 1536 1513 1129 1537 1514 1130 1538 1515 1131 1536 1513 1129 1538 1515 1131 1539 1516 1132 1540 1517 1133 1541 1518 1134 1542 1519 1135 1541 1518 1134 1543 1520 1136 1542 1519 1135 1544 1521 1137 1545 1522 1138 1546 1523 1139 1545 1522 1138 1544 1521 1137 1547 1524 1140 1548 1525 1141 1365 1342 958 1364 1341 957 1365 1342 958 1548 1525 1141 1549 1526 1142 1546 1523 1139 1550 1527 1143 1551 1528 1144 1550 1527 1143 1546 1523 1139 1545 1522 1138 1552 1529 1145 1553 1530 1146 1554 1531 1147 1553 1530 1146 1552 1529 1145 1555 1532 1148 1556 1533 1149 1557 1534 1150 1558 1535 1151 1557 1534 1150 1556 1533 1149 1559 1536 1152 1560 1537 1153 1372 1349 965 1561 1538 1154 1372 1349 965 1560 1537 1153 1373 1350 966 1375 1352 968 1562 1539 1155 1563 1540 1156 1562 1539 1155 1375 1352 968 1378 1355 971 1564 1541 1157 1385 1362 978 1565 1542 1158 1385 1362 978 1564 1541 1157 1383 1360 976 1566 1543 1159 1526 1503 1119 1567 1544 1160 1567 1544 1160 1526 1503 1119 1528 1505 1121 1568 1545 1161 1569 1546 1162 1570 1547 1163 1569 1546 1162 1568 1545 1161 1571 1548 1164 1570 1547 1163 1569 1546 1162 1572 1549 1165 1572 1549 1165 1573 1550 1166 1570 1547 1163 1574 1551 1167 1575 1552 1168 1576 1553 1169 1575 1552 1168 1574 1551 1167 1577 1554 1170 1578 1555 1171 1579 1556 1172 1580 1557 1173 1579 1556 1172 1578 1555 1171 1581 1558 1174 1582 1559 1175 1583 1560 1176 1584 1561 1177 1583 1560 1176 1582 1559 1175 1585 1562 1178 1586 1563 1179 1496 1473 1089 1587 1564 1180 1496 1473 1089 1586 1563 1179 1494 1471 1087 1588 1565 1181 1589 1566 1182 1590 1567 1183 1589 1566 1182 1588 1565 1181 1591 1568 1184 1403 1380 996 1592 1569 1185 1593 1570 1186 1592 1569 1185 1403 1380 996 1402 1379 995 1594 1571 1187 1595 1572 1188 1596 1573 1189 1595 1572 1188 1594 1571 1187 1597 1574 1190 1445 1422 1038 1598 1575 1191 1444 1421 1037 1446 1423 1039 1598 1575 1191 1450 1427 1043 1598 1575 1191 1446 1423 1039 1444 1421 1037 1464 1441 1057 1599 1576 1192 1462 1439 1055 1599 1576 1192 1600 1577 1193 1462 1439 1055 1601 1578 1194 1462 1439 1055 1600 1577 1193 1462 1439 1055 1601 1578 1194 1466 1443 1059 1471 1448 1064 1469 1446 1062 1602 1579 1195 1602 1579 1195 1603 1580 1196 1471 1448 1064 1471 1448 1064 1603 1580 1196 1473 1450 1066 1603 1580 1196 1604 1581 1197 1473 1450 1066 1605 1582 1198 1473 1450 1066 1604 1581 1197 1473 1450 1066 1605 1582 1198 1475 1452 1068 1606 1583 1199 1477 1454 1070 1607 1584 1200 1477 1454 1070 1606 1583 1199 1479 1456 1072 1608 1585 1201 1609 1586 1202 1610 1587 1203 1609 1586 1202 1608 1585 1201 1611 1588 1204 1483 1460 1076 1612 1589 1205 1481 1458 1074 1612 1589 1205 1613 1590 1206 1481 1458 1074 1614 1591 1207 1592 1569 1185 1402 1379 995 1402 1379 995 1615 1592 1208 1614 1591 1207 1487 1464 1080 1489 1466 1082 1616 1593 1209 1616 1593 1209 1617 1594 1210 1487 1464 1080 1618 1595 1211 1619 1596 1212 1620 1597 1213 1619 1596 1212 1618 1595 1211 1621 1598 1214 1491 1468 1084 1493 1470 1086 1622 1599 1215 1622 1599 1215 1623 1600 1216 1491 1468 1084 1624 1601 1217 1625 1602 1218 1626 1603 1219 1625 1602 1218 1627 1604 1220 1626 1603 1219 1628 1605 1221 1595 1572 1188 1597 1574 1190 1595 1572 1188 1628 1605 1221 1629 1606 1222 1503 1480 1096 1630 1607 1223 1501 1478 1094 1630 1607 1223 1503 1480 1096 1631 1608 1224 1632 1609 1225 1584 1561 1177 1633 1610 1226 1584 1561 1177 1632 1609 1225 1582 1559 1175 1634 1611 1227 1509 1486 1102 1635 1612 1228 1509 1486 1102 1634 1611 1227 1511 1488 1104 1636 1613 1229 1511 1488 1104 1634 1611 1227 1511 1488 1104 1636 1613 1229 1513 1490 1106 1346 1323 939 1637 1614 1230 1344 1321 937 1637 1614 1230 1346 1323 939 1638 1615 1231 1587 1564 1180 1639 1616 1232 1586 1563 1179 1639 1616 1232 1587 1564 1180 1640 1617 1233 1641 1618 1234 1518 1495 1111 1642 1619 1235 1518 1495 1111 1641 1618 1234 1521 1498 1114 1643 1620 1236 1523 1500 1116 1644 1621 1237 1523 1500 1116 1643 1620 1236 1524 1501 1117 1524 1501 1117 1645 1622 1238 1530 1507 1123 1645 1622 1238 1524 1501 1117 1643 1620 1236 1646 1623 1239 1534 1511 1127 1647 1624 1240 1534 1511 1127 1646 1623 1239 1532 1509 1125 1537 1514 1130 1648 1625 1241 1538 1515 1131 1648 1625 1241 1537 1514 1130 1649 1626 1242 1650 1627 1243 1543 1520 1136 1651 1628 1244 1541 1518 1134 1651 1628 1244 1543 1520 1136 1652 1629 1245 1653 1630 1246 1654 1631 1247 1653 1630 1246 1652 1629 1245 1655 1632 1248 1656 1633 1249 1657 1634 1250 1658 1635 1251 1657 1634 1250 1656 1633 1249 1659 1636 1252 1660 1637 1253 1661 1638 1254 1662 1639 1255 1661 1638 1254 1660 1637 1253 1663 1640 1256 1664 1641 1257 1393 1370 986 1392 1369 985 1393 1370 986 1664 1641 1257 1665 1642 1258 1393 1370 986 1666 1643 1259 1396 1373 989 1666 1643 1259 1393 1370 986 1665 1642 1258 1667 1644 1260 1668 1645 1261 1669 1646 1262 1667 1644 1260 1669 1646 1262 1670 1647 1263 1399 1376 992 1671 1648 1264 1672 1649 1265 1671 1648 1264 1399 1376 992 1398 1375 991 1673 1650 1266 1674 1651 1267 1675 1652 1268 1674 1651 1267 1673 1650 1266 1676 1653 1269 1677 1654 1270 1678 1655 1271 1679 1656 1272 1679 1656 1272 1678 1655 1271 1680 1657 1273 1681 1658 1274 1677 1654 1270 1679 1656 1272 1677 1654 1270 1681 1658 1274 1682 1659 1275 1407 1384 1000 1683 1660 1276 1684 1661 1277 1683 1660 1276 1407 1384 1000 1406 1383 999 1410 1387 1003 1685 1662 1278 1411 1388 1004 1685 1662 1278 1410 1387 1003 1686 1663 1279 1615 1592 1208 1402 1379 995 1404 1381 997 1404 1381 997 1687 1664 1280 1615 1592 1208 1688 1665 1281 1420 1397 1013 1689 1666 1282 1420 1397 1013 1688 1665 1281 1417 1394 1010 1690 1667 1283 1691 1668 1284 1692 1669 1285 1691 1668 1284 1690 1667 1283 1693 1670 1286 1694 1671 1287 1695 1672 1288 1308 1285 901 1308 1285 901 1695 1672 1288 1696 1673 1289 1697 1674 1290 1427 1404 1020 1698 1675 1291 1427 1404 1020 1697 1674 1290 1424 1401 1017 1428 1405 1021 1431 1408 1024 1699 1676 1292 1699 1676 1292 1431 1408 1024 1700 1677 1293 1428 1405 1021 1701 1678 1294 1432 1409 1025 1701 1678 1294 1428 1405 1021 1699 1676 1292 1432 1409 1025 1702 1679 1295 1434 1411 1027 1702 1679 1295 1432 1409 1025 1701 1678 1294 1439 1416 1032 1703 1680 1296 1436 1413 1029 1703 1680 1296 1439 1416 1032 1704 1681 1297 1441 1418 1034 1703 1680 1296 1705 1682 1298 1703 1680 1296 1441 1418 1034 1436 1413 1029 1706 1683 1299 1707 1684 1300 1708 1685 1301 1707 1684 1300 1709 1686 1302 1708 1685 1301 1710 1687 1303 1706 1683 1299 1711 1688 1304 1706 1683 1299 1708 1685 1301 1711 1688 1304 1712 1689 1305 1713 1690 1306 1714 1691 1307 1713 1690 1306 1712 1689 1305 1715 1692 1308 1715 1692 1308 1716 1693 1309 1713 1690 1306 1716 1693 1309 1715 1692 1308 1717 1694 1310 1717 1694 1310 1718 1695 1311 1716 1693 1309 1718 1695 1311 1717 1694 1310 1719 1696 1312 1720 1697 1313 1721 1698 1314 1722 1699 1315 1720 1697 1313 1722 1699 1315 1723 1700 1316 1724 1701 1317 1725 1702 1318 1726 1703 1319 1725 1702 1318 1724 1701 1317 1727 1704 1320 1728 1705 1321 1729 1706 1322 1730 1707 1323 1729 1706 1322 1728 1705 1321 1731 1708 1324 1732 1709 1325 1733 1710 1326 1734 1711 1327 1732 1709 1325 1734 1711 1327 1735 1712 1328 1687 1664 1280 1499 1476 1092 1736 1713 1329 1499 1476 1092 1687 1664 1280 1404 1381 997 1737 1714 1330 1738 1715 1331 1739 1716 1332 1739 1716 1332 1738 1715 1331 1740 1717 1333 1741 1718 1334 1742 1719 1335 1743 1720 1336 1742 1719 1335 1741 1718 1334 1744 1721 1337 1745 1722 1338 1679 1656 1272 1746 1723 1339 1679 1656 1272 1745 1722 1338 1681 1658 1274 1747 1724 1340 1748 1725 1341 1749 1726 1342 1748 1725 1341 1747 1724 1340 1750 1727 1343 1751 1728 1344 1752 1729 1345 1753 1730 1346 1752 1729 1345 1751 1728 1344 1754 1731 1347 1755 1732 1348 1756 1733 1349 1757 1734 1350 1756 1733 1349 1755 1732 1348 1758 1735 1351 1759 1736 1352 1758 1735 1351 1755 1732 1348 1758 1735 1351 1759 1736 1352 1760 1737 1353 1761 1738 1354 1762 1739 1355 1763 1740 1356 1762 1739 1355 1761 1738 1354 1764 1741 1357 1765 1742 1358 1766 1743 1359 1767 1744 1360 1766 1743 1359 1765 1742 1358 1768 1745 1361 1680 1657 1273 1746 1723 1339 1679 1656 1272 1746 1723 1339 1680 1657 1273 1769 1746 1362 1770 1747 1363 1771 1748 1364 1772 1749 1365 1771 1748 1364 1770 1747 1363 1773 1750 1366 1774 1751 1367 1719 1696 1312 1717 1694 1310 1719 1696 1312 1774 1751 1367 1775 1752 1368 1776 1753 1369 1717 1694 1310 1715 1692 1308 1717 1694 1310 1776 1753 1369 1774 1751 1367 1777 1754 1370 1715 1692 1308 1712 1689 1305 1715 1692 1308 1777 1754 1370 1776 1753 1369 1778 1755 1371 1779 1756 1372 1780 1757 1373 1779 1756 1372 1778 1755 1371 1781 1758 1374 1782 1759 1375 1783 1760 1376 1784 1761 1377 1783 1760 1376 1782 1759 1375 1785 1762 1378 1369 1346 962 1786 1763 1379 1787 1764 1380 1786 1763 1379 1369 1346 962 1368 1345 961 1788 1286 1381 1789 1765 1382 1790 1766 1383 1789 1765 1382 1791 1767 1384 1790 1766 1383 1792 1287 1385 1793 1768 1386 1794 1769 1387 1794 1769 1387 1795 1770 1388 1792 1287 1385 1796 1771 1389 1797 1772 1390 1798 1773 1391 1797 1772 1390 1796 1771 1389 1799 1774 1392 1355 1332 948 1800 1775 1393 1308 1285 901 1801 1776 1394 1308 1285 901 1800 1775 1393 1310 1287 903 1308 1285 901 1802 1768 1395 1801 1776 1394 1802 1768 1395 1308 1285 901 1791 1767 1384 1803 1777 1396 1790 1766 1383 1803 1777 1396 1791 1767 1384 1804 1778 1397 1785 1762 1378 1805 1779 1398 1806 1780 1399 1805 1779 1398 1785 1762 1378 1782 1759 1375 1694 1671 1287 1308 1285 901 1807 1777 1400 1308 1285 901 1307 1284 900 1807 1777 1400 1389 1366 982 1808 1781 1401 1387 1364 980 1808 1781 1401 1389 1366 982 1809 1782 1402 1810 1667 1403 1811 1783 1404 1308 1285 901 1423 1400 1016 1308 1285 901 1811 1783 1404 1812 1784 1405 1813 1785 1406 1814 1786 1407 1814 1786 1407 1813 1785 1406 1815 1787 1408 1816 1788 1409 1812 1784 1405 1814 1786 1407 1812 1784 1405 1816 1788 1409 1817 1789 1410 1818 1790 1411 1819 1791 1412 1820 1792 1413 1819 1791 1412 1818 1790 1411 1821 1793 1414 1822 1794 1415 1823 1795 1416 1824 1796 1417 1824 1796 1417 1825 1797 1418 1822 1794 1415 1822 1794 1415 1825 1797 1418 1826 1798 1419 1825 1797 1418 1827 1799 1420 1826 1798 1419 1828 1800 1421 1829 1801 1422 1330 1307 923 1330 1307 923 1327 1304 920 1828 1800 1421 1465 1442 1058 1830 1802 1423 1463 1440 1056 1831 1803 1424 1463 1440 1056 1830 1802 1423 1467 1444 1060 1830 1802 1423 1465 1442 1058 1830 1802 1423 1467 1444 1060 1832 1804 1425 1470 1447 1063 1833 1805 1426 1468 1445 1061 1834 1806 1427 1468 1445 1061 1833 1805 1426 1470 1447 1063 1835 1807 1428 1833 1805 1426 1835 1807 1428 1470 1447 1063 1472 1449 1065 1472 1449 1065 1836 1808 1429 1835 1807 1428 1836 1808 1429 1472 1449 1065 1474 1451 1067 1476 1453 1069 1837 1809 1430 1838 1810 1431 1837 1809 1430 1476 1453 1069 1478 1455 1071 1480 1457 1073 1839 1811 1432 1840 1812 1433 1839 1811 1432 1480 1457 1073 1482 1459 1075 1841 1813 1434 1486 1463 1079 1488 1465 1081 1841 1813 1434 1488 1465 1081 1842 1814 1435 1843 1815 1436 1490 1467 1083 1492 1469 1085 1843 1815 1436 1492 1469 1085 1844 1816 1437 1845 1817 1438 1846 1818 1439 1847 1819 1440 1848 1820 1441 1847 1819 1440 1846 1818 1439 1849 1821 1442 1850 1822 1443 1851 1823 1444 1849 1821 1442 1851 1823 1444 1852 1824 1445 1853 1825 1446 1854 1826 1447 1855 1827 1448 1855 1827 1448 1854 1826 1447 1856 1828 1449 1857 1829 1450 1500 1477 1093 1502 1479 1095 1857 1829 1450 1502 1479 1095 1858 1830 1451 1508 1485 1101 1859 1831 1452 1860 1832 1453 1859 1831 1452 1508 1485 1101 1510 1487 1103 1510 1487 1103 1861 1833 1454 1859 1831 1452 1861 1833 1454 1510 1487 1103 1512 1489 1105 1520 1497 1113 1862 1834 1455 1863 1835 1456 1862 1834 1455 1520 1497 1113 1519 1496 1112 1864 1836 1457 1522 1499 1115 1525 1502 1118 1864 1836 1457 1525 1502 1118 1865 1837 1458 1525 1502 1118 1531 1508 1124 1865 1837 1458 1865 1837 1458 1531 1508 1124 1866 1838 1459 1566 1543 1159 1867 1839 1460 1868 1840 1461 1867 1839 1460 1566 1543 1159 1567 1544 1160 1869 1841 1462 1535 1512 1128 1870 1842 1463 1535 1512 1128 1869 1841 1462 1533 1510 1126 1536 1513 1129 1539 1516 1132 1871 1843 1464 1871 1843 1464 1539 1516 1132 1872 1844 1465 1873 1845 1466 1540 1517 1133 1542 1519 1135 1540 1517 1133 1873 1845 1466 1874 1846 1467 1875 1847 1468 1547 1524 1140 1544 1521 1137 1875 1847 1468 1544 1521 1137 1876 1848 1469 1877 1849 1470 1548 1525 1141 1878 1850 1471 1548 1525 1141 1877 1849 1470 1549 1526 1142 1879 1851 1472 1360 1337 953 1357 1334 950 1360 1337 953 1879 1851 1472 1880 1852 1473 1356 1333 949 1308 1285 901 1881 1851 1474 1308 1285 901 1882 1585 1475 1881 1851 1474 1308 1285 901 1421 1398 1014 1882 1585 1475 1611 1588 1204 1883 1853 1476 1609 1586 1202 1883 1853 1476 1611 1588 1204 1884 1399 1477 1885 1854 1478 1886 1855 1479 1887 1856 1480 1886 1855 1479 1885 1854 1478 1888 1857 1481 1889 1858 1482 1890 1859 1483 1891 1860 1484 1890 1859 1483 1889 1858 1482 1892 1861 1485 1893 1862 1486 1894 1863 1487 1895 1864 1488 1893 1862 1486 1895 1864 1488 1896 1865 1489 1897 1866 1490 1898 1867 1491 1899 1868 1492 1898 1867 1491 1897 1866 1490 1900 1869 1493 1901 1870 1494 1902 1871 1495 1903 1872 1496 1902 1871 1495 1901 1870 1494 1904 1873 1497 1905 1874 1498 1906 1875 1499 1907 1876 1500 1906 1875 1499 1905 1874 1498 1908 1877 1501 1909 1878 1502 1907 1876 1500 1910 1879 1503 1907 1876 1500 1909 1878 1502 1905 1874 1498 1911 1880 1504 1912 1881 1505 1913 1882 1506 1912 1881 1505 1911 1880 1504 1914 1883 1507 1915 1884 1508 1914 1883 1507 1911 1880 1504 1914 1883 1507 1915 1884 1508 1916 1885 1509 1917 1886 1510 1918 1887 1511 1919 1888 1512 1918 1887 1511 1917 1886 1510 1920 1889 1513 1900 1869 1493 1921 1890 1514 1898 1867 1491 1898 1867 1491 1921 1890 1514 1922 1891 1515 1923 1892 1516 1924 1893 1517 1925 1894 1518 1924 1893 1517 1923 1892 1516 1926 1895 1519 1927 1896 1520 1928 1897 1521 1929 1898 1522 1928 1897 1521 1927 1896 1520 1930 1899 1523 1931 1900 1524 1331 1308 924 1932 1901 1525 1331 1308 924 1333 1310 926 1932 1901 1525 1933 1902 1526 1934 1903 1527 1935 1904 1528 1934 1903 1527 1933 1902 1526 1936 1905 1529 1937 1906 1530 1938 1907 1531 1939 1908 1532 1938 1907 1531 1937 1906 1530 1940 1909 1533 1941 1910 1534 1942 1911 1535 1943 1912 1536 1944 1913 1537 1943 1912 1536 1942 1911 1535 1945 1914 1538 1946 1915 1539 1947 1916 1540 1946 1915 1539 1945 1914 1538 1948 1917 1541 1949 1918 1542 1950 1919 1543 1951 1920 1544 1950 1919 1543 1952 1921 1545 1951 1920 1544 1953 1922 1546 1949 1918 1542 1954 1923 1547 1949 1918 1542 1953 1922 1546 1950 1919 1543 1955 1924 1548 1954 1923 1547 1956 1925 1549 1954 1923 1547 1955 1924 1548 1953 1922 1546 1957 1926 1550 1958 1927 1551 1959 1928 1552 1958 1927 1551 1957 1926 1550 1960 1929 1553 1961 1930 1554 1959 1928 1552 1962 1931 1555 1959 1928 1552 1961 1930 1554 1957 1926 1550 1963 1932 1556 1964 1933 1557 1965 1934 1558 1964 1933 1557 1963 1932 1556 1966 1935 1559 1967 1936 1560 1965 1934 1558 1968 1937 1561 1965 1934 1558 1967 1936 1560 1963 1932 1556 1969 1938 1562 1968 1937 1561 1970 1939 1563 1968 1937 1561 1969 1938 1562 1967 1936 1560 1971 1940 1564 1972 1941 1565 1973 1942 1566 1972 1941 1565 1971 1940 1564 1974 1943 1567 1975 1944 1568 1971 1940 1564 1973 1942 1566 1971 1940 1564 1975 1944 1568 1976 1945 1569 1977 1946 1570 1978 1947 1571 1979 1948 1572 1977 1946 1570 1979 1948 1572 1980 1949 1573 1981 1950 1574 1982 1951 1575 1978 1947 1571 1981 1950 1574 1978 1947 1571 1977 1946 1570 1983 1952 1576 1984 1953 1577 1985 1954 1578 1984 1953 1577 1983 1952 1576 1986 1955 1579 1987 1956 1580 1988 1957 1581 1989 1958 1582 1989 1958 1582 1988 1957 1581 1990 1959 1583 1988 1957 1581 1991 1960 1584 1990 1959 1583 1990 1959 1583 1991 1960 1584 1992 1961 1585 1993 1962 1586 1382 1359 975 1379 1356 972 1994 1963 1587 1382 1359 975 1993 1962 1586 1995 1964 1588 1868 1840 1461 1996 1965 1589 1868 1840 1461 1995 1964 1588 1566 1543 1159 1995 1964 1588 1997 1966 1590 1566 1543 1159 1566 1543 1159 1997 1966 1590 1526 1503 1119 1997 1966 1590 1998 1967 1591 1526 1503 1119 1526 1503 1119 1998 1967 1591 1529 1506 1122 1999 1968 1592 2000 1969 1593 1347 1324 940 1347 1324 940 2000 1969 1593 1350 1327 943 2001 1970 1594 2002 1971 1595 2003 1972 1596 2002 1971 1595 2001 1970 1594 2004 1973 1597 2005 1974 1598 1778 1755 1371 1780 1757 1373 1778 1755 1371 2005 1974 1598 2006 1975 1599 2007 1976 1600 1574 1551 1167 1576 1553 1169 1574 1551 1167 2007 1976 1600 2008 1977 1601 1851 1823 1444 2009 1978 1602 1852 1824 1445 2009 1978 1602 1851 1823 1444 2010 1979 1603 2011 1980 1604 2012 1981 1605 2013 1982 1606 2012 1981 1605 2011 1980 1604 2014 1983 1607 2003 1972 1596 2002 1971 1595 2015 1984 1608 2015 1984 1608 2002 1971 1595 2016 1985 1609 2017 1986 1610 1764 1741 1357 1761 1738 1354 1764 1741 1357 2017 1986 1610 2018 1987 1611 2019 1988 1612 1897 1866 1490 1899 1868 1492 1897 1866 1490 2019 1988 1612 2020 1989 1613 1974 1943 1567 2020 1989 1613 1972 1941 1565 1897 1866 1490 2020 1989 1613 1974 1943 1567 2021 1990 1614 2022 1991 1615 2023 1992 1616 2022 1991 1615 2021 1990 1614 2024 1993 1617 2025 1994 1618 2026 1995 1619 1343 1320 936 1343 1320 936 2026 1995 1619 1346 1323 939 2026 1995 1619 2027 1996 1620 1346 1323 939 1346 1323 939 2027 1996 1620 1638 1615 1231 2021 1990 1614 2028 1997 1621 2024 1993 1617 2028 1997 1621 2021 1990 1614 2029 1998 1622 1632 1609 1225 2030 1999 1623 1582 1559 1175 1582 1559 1175 2030 1999 1623 2031 2000 1624 2031 2000 1624 1585 1562 1178 1582 1559 1175 1585 1562 1178 2031 2000 1624 2032 2001 1625 2033 2002 1626 2034 2003 1627 2035 2004 1628 2035 2004 1628 2034 2003 1627 2036 2005 1629 2037 2006 1630 1675 1652 1268 2038 2007 1631 1675 1652 1268 2037 2006 1630 1673 1650 1266 2039 2008 1632 2040 2009 1633 2041 2010 1634 2040 2009 1633 2039 2008 1632 2042 2011 1635 2043 2012 1636 1668 1645 1261 2044 2013 1637 1668 1645 1261 2043 2012 1636 1669 1646 1262 2045 2014 1638 2046 2015 1639 2047 2016 1640 2046 2015 1639 2045 2014 1638 2048 2017 1641 2049 2018 1642 1887 1856 1480 2050 2019 1643 1887 1856 1480 2049 2018 1642 1885 1854 1478 2048 2017 1641 2051 2020 1644 2046 2015 1639 2051 2020 1644 2048 2017 1641 2052 2021 1645 1696 1673 1289 2053 2022 1646 1308 1285 901 1308 1285 901 2053 2022 1646 1810 1667 1403 2054 1673 1647 2055 2023 1648 2056 2024 1649 2055 2023 1648 2054 1673 1647 2057 2025 1650 2058 2026 1651 2059 2027 1652 2060 2028 1653 2059 2027 1652 2061 2029 1654 2060 2028 1653 2062 2030 1655 2063 2031 1656 2064 2032 1657 2063 2031 1656 2062 2030 1655 2065 2033 1658 2066 2034 1659 2067 2035 1660 2068 2036 1661 2067 2035 1660 2066 2034 1659 2069 2037 1662 2070 2038 1663 2071 2039 1664 2072 2040 1665 2071 2039 1664 2070 2038 1663 2073 2041 1666 2074 2042 1667 2075 2043 1668 2076 2044 1669 2075 2043 1668 2074 2042 1667 2077 2045 1670 2078 2046 1671 2079 2047 1672 2080 2048 1673 2079 2047 1672 2078 2046 1671 2081 2049 1674 2082 2050 1675 2083 2051 1676 2084 2052 1677 2085 2053 1678 2084 2052 1677 2083 2051 1676 2086 2054 1679 2087 2055 1680 2088 2056 1681 2087 2055 1680 2086 2054 1679 2089 2057 1682 2090 2058 1683 2035 2004 1628 2091 2059 1684 2035 2004 1628 2090 2058 1683 2033 2002 1626 2089 2057 1682 2086 2054 1679 2092 2060 1685 2093 2061 1686 2092 2060 1685 2086 2054 1679 2094 2062 1687 2095 2063 1688 2096 2064 1689 2095 2063 1688 2094 2062 1687 2097 2065 1690 2041 2010 1634 2040 2009 1633 2098 2066 1691 2041 2010 1634 2098 2066 1691 2099 2067 1692 2100 2068 1693 2101 2069 1694 2102 2070 1695 2101 2069 1694 2103 2071 1696 2102 2070 1695 2104 2072 1697 2105 2073 1698 2100 2068 1693 2105 2073 1698 2101 2069 1694 2100 2068 1693 2106 2074 1699 1581 1558 1174 1578 1555 1171 1581 1558 1174 2106 2074 1699 2107 2075 1700 2108 2076 1701 2109 2077 1702 2110 2078 1703 2109 2077 1702 2108 2076 1701 2111 2079 1704 2112 2080 1705 2113 2081 1706 2114 2082 1707 2113 2081 1706 2112 2080 1705 2115 2083 1708 2116 2084 1709 2115 2083 1708 2112 2080 1705 2115 2083 1708 2116 2084 1709 2117 2085 1710 2118 2086 1711 2119 2087 1712 2120 2088 1713 2118 2086 1711 2120 2088 1713 2121 2089 1714 2119 2087 1712 2122 2090 1715 2120 2088 1713 2122 2090 1715 2119 2087 1712 2123 2091 1716 2123 2091 1716 2124 2092 1717 2122 2090 1715 2124 2092 1717 2123 2091 1716 2125 2093 1718 2126 2094 1719 2127 2095 1720 2128 2096 1721 2127 2095 1720 2126 2094 1719 2129 2097 1722 2130 2098 1723 2131 2099 1724 2132 2100 1725 2131 2099 1724 2130 2098 1723 2133 2101 1726 2134 2102 1727 2133 2101 1726 2130 2098 1723 2133 2101 1726 2134 2102 1727 2135 2103 1728 2136 2104 1729 2137 2105 1730 2138 2106 1731 2138 2106 1731 2137 2105 1730 2139 2107 1732 2140 2108 1733 2141 2109 1734 2142 2110 1735 2142 2110 1735 2141 2109 1734 2143 2111 1736 2144 2112 1737 2145 2113 1738 2146 2114 1739 2145 2113 1738 2144 2112 1737 2147 2115 1740 2148 2116 1741 2149 2117 1742 2150 2118 1743 2151 2119 1744 2150 2118 1743 2149 2117 1742 2149 2117 1742 2152 2120 1745 2153 2121 1746 2152 2120 1745 2149 2117 1742 2148 2116 1741 1390 1367 983 2154 2122 1747 1389 1366 982 2154 2122 1747 1390 1367 983 2155 2123 1748 1389 1366 982 2156 2124 1749 1809 1782 1402 2156 2124 1749 1389 1366 982 2154 2122 1747 1598 1575 1191 2157 2125 1750 1450 1427 1043 2157 2125 1750 1598 1575 1191 2158 2126 1751 2159 2127 1752 2158 2126 1751 1598 1575 1191 1598 1575 1191 1445 1422 1038 2159 2127 1752 2160 2128 1753 1706 1683 1299 2161 2129 1754 1706 1683 1299 2160 2128 1753 1707 1684 1300 2161 2129 1754 1710 1687 1303 2162 2130 1755 1710 1687 1303 2161 2129 1754 1706 1683 1299 1460 1437 1053 1461 1438 1054 2163 2131 1756 2163 2131 1756 2164 2132 1757 1460 1437 1053 2165 2133 1758 2166 2134 1759 1459 1436 1052 2165 2133 1758 1459 1436 1052 1458 1435 1051 2167 2135 1760 2165 2133 1758 1458 1435 1051 1458 1435 1051 1457 1434 1050 2167 2135 1760 1456 1433 1049 2168 2136 1761 1455 1432 1048 2168 2136 1761 1456 1433 1049 2169 2137 1762 2170 2138 1763 1454 1431 1047 1453 1430 1046 1454 1431 1047 2170 2138 1763 2171 2139 1764 2172 2140 1765 1453 1430 1046 1452 1429 1045 1453 1430 1046 2172 2140 1765 2170 2138 1763 1451 1428 1044 2157 2125 1750 2173 2141 1766 2157 2125 1750 1451 1428 1044 1450 1427 1043 1879 1851 1472 1608 1585 1201 1610 1587 1203 1879 1851 1472 1610 1587 1203 1880 1852 1473 1878 1850 1471 2050 2019 1643 1877 1849 1470 2050 2019 1643 1878 1850 1471 2049 2018 1642 1875 1847 1468 2045 2014 1638 2047 2016 1640 2045 2014 1638 1875 1847 1468 1876 1848 1469 1873 1845 1466 2044 2013 1637 1874 1846 1467 2044 2013 1637 1873 1845 1466 2043 2012 1636 1871 1843 1464 2042 2011 1635 2039 2008 1632 2042 2011 1635 1871 1843 1464 1872 1844 1465 1870 1842 1463 2038 2007 1631 1869 1841 1462 2038 2007 1631 1870 1842 1463 2037 2006 1630 1865 1837 1458 2032 2001 1625 2031 2000 1624 2032 2001 1625 1865 1837 1458 1866 1838 1459 1865 1837 1458 2031 2000 1624 1864 1836 1457 2030 1999 1623 1864 1836 1457 2031 2000 1624 1863 1835 1456 1862 1834 1455 2029 1998 1622 2029 1998 1622 1862 1834 1455 2028 1997 1621 2026 1995 1619 1861 1833 1454 2027 1996 1620 1861 1833 1454 2026 1995 1619 1859 1831 1452 1860 1832 1453 1859 1831 1452 2025 1994 1618 2025 1994 1618 1859 1831 1452 2026 1995 1619 2018 1987 1611 2017 1986 1610 1857 1829 1450 1857 1829 1450 1858 1830 1451 2018 1987 1611 2116 2084 1709 2118 2086 1711 2117 2085 1710 2118 2086 1711 2121 2089 1714 2117 2085 1710 2007 1976 1600 1843 1815 1436 2008 1977 1601 1843 1815 1436 1844 1816 1437 2008 1977 1601 2005 1974 1598 1841 1813 1434 2006 1975 1599 1841 1813 1434 1842 1814 1435 2006 1975 1599 2001 1970 1594 1839 1811 1432 2004 1973 1597 1839 1811 1432 2001 1970 1594 1840 1812 1433 1999 1968 1592 1837 1809 1430 2000 1969 1593 1837 1809 1430 1999 1968 1592 1838 1810 1431 1835 1807 1428 1836 1808 1429 1997 1966 1590 1997 1966 1590 1836 1808 1429 1998 1967 1591 1995 1964 1588 1835 1807 1428 1997 1966 1590 1835 1807 1428 1995 1964 1588 1833 1805 1426 1833 1805 1426 1996 1965 1589 1834 1806 1427 1996 1965 1589 1833 1805 1426 1995 1964 1588 2033 2002 1626 1832 1804 1425 2034 2003 1627 1832 1804 1425 2033 2002 1626 1830 1802 1423 1831 1803 1424 2033 2002 1626 2090 2058 1683 2033 2002 1626 1831 1803 1424 1830 1802 1423 1828 1800 1421 1994 1963 1587 1829 1801 1422 1994 1963 1587 1828 1800 1421 1382 1359 975 1988 1957 1581 1826 1798 1419 1991 1960 1584 1826 1798 1419 1988 1957 1581 1822 1794 1415 1987 1956 1580 1822 1794 1415 1988 1957 1581 1822 1794 1415 1987 1956 1580 1823 1795 1416 1985 1954 1578 1821 1793 1414 1818 1790 1411 1821 1793 1414 1985 1954 1578 1984 1953 1577 1817 1789 1410 1977 1946 1570 1812 1784 1405 1977 1946 1570 1817 1789 1410 1981 1950 1574 1812 1784 1405 1980 1949 1573 1813 1785 1406 1980 1949 1573 1812 1784 1405 1977 1946 1570 1969 1938 1562 1973 1942 1566 1967 1936 1560 1973 1942 1566 1969 1938 1562 1975 1944 1568 1973 1942 1566 1963 1932 1556 1967 1936 1560 1963 1932 1556 1973 1942 1566 1972 1941 1565 1972 1941 1565 1966 1935 1559 1963 1932 1556 1966 1935 1559 1972 1941 1565 2020 1989 1613 1849 1821 1442 1957 1926 1550 1961 1930 1554 1957 1926 1550 1849 1821 1442 1852 1824 1445 1852 1824 1445 1960 1929 1553 1957 1926 1550 1960 1929 1553 1852 1824 1445 2009 1978 1602 1640 1617 1233 1953 1922 1546 1955 1924 1548 1953 1922 1546 1640 1617 1233 1587 1564 1180 1587 1564 1180 1950 1919 1543 1953 1922 1546 1950 1919 1543 1587 1564 1180 1496 1473 1089 1950 1919 1543 1496 1473 1089 1952 1921 1545 1496 1473 1089 1495 1472 1088 1952 1921 1545 1590 1567 1183 1948 1917 1541 1945 1914 1538 1948 1917 1541 1590 1567 1183 1589 1566 1182 1749 1726 1342 1936 1905 1529 1933 1902 1526 1936 1905 1529 1749 1726 1342 1748 1725 1341 1930 1899 1523 2012 1981 1605 1928 1897 1521 2012 1981 1605 1930 1899 1523 2013 1982 1606 1926 1895 1519 1342 1319 935 1924 1893 1517 1342 1319 935 1926 1895 1519 1341 1318 934 2142 2110 1735 2143 2111 1736 2136 2104 1729 2136 2104 1729 2143 2111 1736 2137 2105 1730 1920 1889 1513 1856 1828 1449 1918 1887 1511 1856 1828 1449 1920 1889 1513 1855 1827 1448 1916 1885 1509 1595 1572 1188 1914 1883 1507 1595 1572 1188 1916 1885 1509 1596 1573 1189 1914 1883 1507 1629 1606 1222 1912 1881 1505 1629 1606 1222 1914 1883 1507 1595 1572 1188 1773 1750 1366 2146 2114 1739 1771 1748 1364 2146 2114 1739 1773 1750 1366 2144 2112 1737 2149 2117 1742 1905 1874 1498 2151 2119 1744 1905 1874 1498 1909 1878 1502 2151 2119 1744 2149 2117 1742 1908 1877 1501 1905 1874 1498 1908 1877 1501 2149 2117 1742 2153 2121 1746 2084 2052 1677 1902 1871 1495 2082 2050 1675 1902 1871 1495 1904 1873 1497 2082 2050 1675 1894 1863 1487 2078 2046 1671 2080 2048 1673 1894 1863 1487 2080 2048 1673 1895 1864 1488 2075 2043 1668 1890 1859 1483 2076 2044 1669 2076 2044 1669 1890 1859 1483 1892 1861 1485 2059 2027 1652 2067 2035 1660 2061 2029 1654 2067 2035 1660 2069 2037 1662 2061 2029 1654 1939 1908 1532 1727 1704 1320 1937 1906 1530 1727 1704 1320 1939 1908 1532 1725 1702 1318 2054 1673 1647 1941 1910 1534 2057 2025 1650 1943 1912 1536 2057 2025 1650 1941 1910 1534 1322 1299 915 1827 1799 1420 1825 1797 1418 1827 1799 1420 1322 1299 915 1325 1302 918 1323 1300 916 1825 1797 1418 1824 1796 1417 1825 1797 1418 1323 1300 916 1322 1299 915 1820 1792 1413 1319 1296 912 1318 1295 911 1319 1296 912 1820 1792 1413 1819 1791 1412 2174 1788 1767 2175 1786 1768 1315 1292 908 1315 1292 908 2175 1786 1768 1312 1289 905 1312 1289 905 2175 1786 1768 1314 1291 907 2175 1786 1768 2176 1787 1769 1314 1291 907 2177 2142 1770 1447 1424 1040 1448 1425 1041 1447 1424 1040 2177 2142 1770 2178 1937 1771 1447 1424 1040 2178 1937 1771 2179 2143 1772 1447 1424 1040 2179 2143 1772 1442 1419 1035 2179 2143 1772 2180 2144 1773 1442 1419 1035 2180 2144 1773 1443 1420 1036 1442 1419 1035 2181 2145 1774 1437 1414 1030 1440 1417 1033 1437 1414 1030 2181 2145 1774 2182 2146 1775 1437 1414 1030 2182 2146 1775 2183 2147 1776 1437 1414 1030 2183 2147 1776 1438 1415 1031 1435 1412 1028 2184 2148 1777 2185 2149 1778 2185 2149 1778 1433 1410 1026 1435 1412 1028 1433 1410 1026 2185 2149 1778 2186 2150 1779 1433 1410 1026 2186 2150 1779 1429 1406 1022 1429 1406 1022 2186 2150 1779 2187 2151 1780 1429 1406 1022 2187 2151 1780 1430 1407 1023 1425 1402 1018 2188 2152 1781 2189 2153 1782 1425 1402 1018 2189 2153 1782 1426 1403 1019 1418 1395 1011 2190 2154 1783 2191 2155 1784 1418 1395 1011 2191 2155 1784 1419 1396 1012 2192 2156 1785 1412 1389 1005 1409 1386 1002 1412 1389 1005 2192 2156 1785 2193 1898 1786 2194 2157 1787 1408 1385 1001 1405 1382 998 1408 1385 1001 2194 2157 1787 2195 2158 1788 2196 2159 1789 2135 2103 1728 2134 2102 1727 2135 2103 1728 2196 2159 1789 2197 2160 1790 2198 1886 1791 1400 1377 993 1397 1374 990 1400 1377 993 2198 1886 1791 2199 1888 1792 2200 2161 1793 1391 1368 984 1395 1372 988 1391 1368 984 2200 2161 1793 2201 2162 1794 2201 2162 1794 1394 1371 987 1391 1368 984 1394 1371 987 2201 2162 1794 2202 2163 1795 2203 2164 1796 2107 2075 1700 2106 2074 1699 2107 2075 1700 2203 2164 1796 2204 2165 1797 2155 2123 1748 2205 2166 1798 2154 2122 1747 2205 2166 1798 2155 2123 1748 2206 2167 1799 2154 2122 1747 2207 2168 1800 2156 2124 1749 2207 2168 1800 2154 2122 1747 2205 2166 1798 1386 1363 979 2208 1870 1801 2209 2169 1802 1386 1363 979 2209 2169 1802 1384 1361 977 1376 1353 969 2210 2170 1803 2211 2171 1804 1376 1353 969 2211 2171 1804 1377 1354 970 2212 1858 1805 1374 1351 967 1371 1348 964 1374 1351 967 2212 1858 1805 2213 1860 1806 2214 2172 1807 1370 1347 963 1367 1344 960 1370 1347 963 2214 2172 1807 2215 2028 1808 2216 1701 1809 1806 1780 1399 1805 1779 1398 1806 1780 1399 2216 1701 1809 2217 1703 1810 1804 1778 1397 2218 1911 1811 1803 1777 1396 2218 1911 1811 1804 1778 1397 2219 2173 1812 1780 1757 1373 2016 1985 1609 2002 1971 1595 2016 1985 1609 1780 1757 1373 1779 1756 1372 1845 1817 1438 1624 1601 1217 1846 1818 1439 1624 1601 1217 1845 1817 1438 1625 1602 1218 1750 1727 1343 2013 1982 1606 1748 1725 1341 2013 1982 1606 1750 1727 1343 2011 1980 1604 1936 1905 1529 2013 1982 1606 1930 1899 1523 2013 1982 1606 1936 1905 1529 1748 1725 1341 1934 1903 1527 1930 1899 1523 1927 1896 1520 1930 1899 1523 1934 1903 1527 1936 1905 1529 2191 2155 1784 1409 1386 1002 1419 1396 1012 1409 1386 1002 2191 2155 1784 2192 2156 1785 1419 1396 1012 1411 1388 1004 1420 1397 1013 1411 1388 1004 1419 1396 1012 1409 1386 1002 1689 1666 1282 1411 1388 1004 1685 1662 1278 1411 1388 1004 1689 1666 1282 1420 1397 1013 1734 1711 1327 1737 1714 1330 1735 1712 1328 1735 1712 1328 1737 1714 1330 1739 1716 1332 1613 1590 1206 1489 1466 1082 1481 1458 1074 1489 1466 1082 1613 1590 1206 1616 1593 1209 1481 1458 1074 1489 1466 1082 1482 1459 1075 1482 1459 1075 1489 1466 1082 1486 1463 1079 1839 1811 1432 1482 1459 1075 1486 1463 1079 1839 1811 1432 1486 1463 1079 1841 1813 1434 1839 1811 1432 2005 1974 1598 2004 1973 1597 2005 1974 1598 1839 1811 1432 1841 1813 1434 2004 1973 1597 1780 1757 1373 2002 1971 1595 1780 1757 1373 2004 1973 1597 2005 1974 1598 1350 1327 943 2015 1984 1608 1348 1325 941 2015 1984 1608 1350 1327 943 2003 1972 1596 1514 1491 1107 1848 1820 1441 1515 1492 1108 1848 1820 1441 1514 1491 1107 1847 1819 1440 1591 1568 1184 1749 1726 1342 1589 1566 1182 1749 1726 1342 1591 1568 1184 1747 1724 1340 1589 1566 1182 1933 1902 1526 1948 1917 1541 1933 1902 1526 1589 1566 1182 1749 1726 1342 1948 1917 1541 1935 1904 1528 1946 1915 1539 1935 1904 1528 1948 1917 1541 1933 1902 1526 1426 1403 1019 2189 2153 1782 2190 2154 1783 1426 1403 1019 2190 2154 1783 1418 1395 1011 1427 1404 1020 1426 1403 1019 1418 1395 1011 1427 1404 1020 1418 1395 1011 1417 1394 1010 1698 1675 1291 1417 1394 1010 1688 1665 1281 1417 1394 1010 1698 1675 1291 1427 1404 1020 1723 1700 1316 1722 1699 1315 1733 1710 1326 1723 1700 1316 1733 1710 1326 1732 1709 1325 1612 1589 1205 1479 1456 1072 1606 1583 1199 1479 1456 1072 1612 1589 1205 1483 1460 1076 1479 1456 1072 1480 1457 1073 1478 1455 1071 1480 1457 1073 1479 1456 1072 1483 1460 1076 1478 1455 1071 1840 1812 1433 1837 1809 1430 1840 1812 1433 1478 1455 1071 1480 1457 1073 1837 1809 1430 1840 1812 1433 2000 1969 1593 2000 1969 1593 1840 1812 1433 2001 1970 1594 2000 1969 1593 2001 1970 1594 1350 1327 943 1350 1327 943 2001 1970 1594 2003 1972 1596 1719 1696 1312 1720 1697 1313 1718 1695 1311 1720 1697 1313 1719 1696 1312 1721 1698 1314 1607 1584 1200 1475 1452 1068 1605 1582 1198 1475 1452 1068 1607 1584 1200 1477 1454 1070 1474 1451 1067 1475 1452 1068 1477 1454 1070 1474 1451 1067 1477 1454 1070 1476 1453 1069 1836 1808 1429 1474 1451 1067 1476 1453 1069 1836 1808 1429 1476 1453 1069 1838 1810 1431 1836 1808 1429 1838 1810 1431 1998 1967 1591 1998 1967 1591 1838 1810 1431 1999 1968 1592 1998 1967 1591 1347 1324 940 1529 1506 1122 1347 1324 940 1998 1967 1591 1999 1968 1592 1529 1506 1122 1349 1326 942 1527 1504 1120 1349 1326 942 1529 1506 1122 1347 1324 940 1499 1476 1092 1498 1475 1091 1516 1493 1109 1516 1493 1109 1517 1494 1110 1499 1476 1092 2166 2134 1759 2163 2131 1756 1461 1438 1054 2166 2134 1759 1461 1438 1054 1459 1436 1052 1459 1436 1052 1329 1306 922 1326 1303 919 1329 1306 922 1459 1436 1052 1461 1438 1054 1326 1303 919 1328 1305 921 1325 1302 918 1328 1305 921 1326 1303 919 1329 1306 922 1325 1302 918 1330 1307 923 1827 1799 1420 1330 1307 923 1325 1302 918 1328 1305 921 1827 1799 1420 1829 1801 1422 1826 1798 1419 1829 1801 1422 1827 1799 1420 1330 1307 923 1826 1798 1419 1829 1801 1422 1991 1960 1584 1991 1960 1584 1829 1801 1422 1994 1963 1587 1991 1960 1584 1994 1963 1587 1992 1961 1585 1992 1961 1585 1994 1963 1587 1993 1962 1586 1353 1330 946 1379 1356 972 1381 1358 974 1379 1356 972 1353 1330 946 1352 1329 945 2168 2136 1761 2167 2135 1760 1457 1434 1050 1457 1434 1050 1455 1432 1048 2168 2136 1761 1457 1434 1050 1321 1298 914 1317 1294 910 1457 1434 1050 1317 1294 910 1455 1432 1048 1321 1298 914 1323 1300 916 1318 1295 911 1321 1298 914 1318 1295 911 1317 1294 910 1323 1300 916 1824 1796 1417 1820 1792 1413 1323 1300 916 1820 1792 1413 1318 1295 911 1823 1795 1416 1820 1792 1413 1824 1796 1417 1820 1792 1413 1823 1795 1416 1818 1790 1411 1987 1956 1580 1818 1790 1411 1823 1795 1416 1818 1790 1411 1987 1956 1580 1985 1954 1578 1989 1958 1582 1985 1954 1578 1987 1956 1580 1985 1954 1578 1989 1958 1582 1983 1952 1576 1413 1390 1006 1485 1462 1078 1484 1461 1077 1485 1462 1078 1413 1390 1006 1415 1392 1008 1454 1431 1047 2169 2137 1762 1456 1433 1049 2169 2137 1762 1454 1431 1047 2171 2139 1764 1320 1297 913 1454 1431 1047 1456 1433 1049 1454 1431 1047 1320 1297 913 1316 1293 909 1319 1296 912 1316 1293 909 1320 1297 913 1316 1293 909 1319 1296 912 1315 1292 908 1819 1791 1412 1315 1292 908 1319 1296 912 1315 1292 908 1819 1791 1412 2174 1788 1767 1821 1793 1414 1816 1788 1409 1819 1791 1412 1816 1788 1409 1821 1793 1414 1817 1789 1410 1821 1793 1414 1984 1953 1577 1981 1950 1574 1821 1793 1414 1981 1950 1574 1817 1789 1410 1984 1953 1577 1986 1955 1579 1982 1951 1575 1984 1953 1577 1982 1951 1575 1981 1950 1574 1416 1393 1009 1332 1309 925 1414 1391 1007 1332 1309 925 1416 1393 1009 1334 1311 927 1921 1890 1514 1931 1900 1524 1922 1891 1515 1922 1891 1515 1931 1900 1524 1932 1901 1525 1980 1949 1573 1979 1948 1572 1976 1945 1569 1980 1949 1573 1976 1945 1569 1975 1944 1568 1813 1785 1406 1975 1944 1568 1969 1938 1562 1975 1944 1568 1813 1785 1406 1980 1949 1573 1813 1785 1406 1970 1939 1563 1815 1787 1408 1970 1939 1563 1813 1785 1406 1969 1938 1562 2176 1787 1769 1448 1425 1041 1314 1291 907 1448 1425 1041 2176 1787 1769 2177 2142 1770 1314 1291 907 1449 1426 1042 1313 1290 906 1449 1426 1042 1314 1291 907 1448 1425 1041 1313 1290 906 1451 1428 1044 1452 1429 1045 1451 1428 1044 1313 1290 906 1449 1426 1042 2173 2141 1766 1452 1429 1045 1451 1428 1044 1452 1429 1045 2173 2141 1766 2172 2140 1765 2220 2174 1813 1680 1657 1273 1678 1655 1271 2220 2174 1813 2221 2175 1814 1680 1657 1273 2221 2175 1814 2222 2176 1815 1769 1746 1362 2221 2175 1814 1769 1746 1362 1680 1657 1273 2010 1979 1603 2223 2177 1816 2009 1978 1602 2223 2177 1816 2010 1979 1603 2224 2178 1817 2009 1978 1602 2225 2179 1818 1960 1929 1553 2225 2179 1818 2009 1978 1602 2223 2177 1816 1960 1929 1553 2226 2180 1819 1958 1927 1551 2226 2180 1819 1960 1929 1553 2225 2179 1818 1438 1415 1031 2183 2147 1776 2227 2180 1820 1438 1415 1031 2227 2180 1820 2228 2181 1821 1439 1416 1032 1438 1415 1031 2228 2181 1821 2228 2181 1821 2229 2182 1822 1439 1416 1032 2229 2182 1822 1704 1681 1297 1439 1416 1032 1704 1681 1297 2229 2182 1822 2230 2183 1823 2231 2184 1824 1709 1686 1302 2232 2185 1825 1709 1686 1302 2231 2184 1824 1708 1685 1301 2233 2186 1826 1708 1685 1301 2231 2184 1824 1708 1685 1301 2233 2186 1826 1711 1688 1304 1601 1578 1194 2234 2187 1827 1466 1443 1059 2234 2187 1827 1601 1578 1194 2235 2188 1828 1467 1444 1060 1466 1443 1059 2234 2187 1827 1467 1444 1060 2234 2187 1827 2236 2189 1829 1832 1804 1425 1467 1444 1060 2236 2189 1829 1832 1804 1425 2236 2189 1829 2237 2190 1830 1832 1804 1425 2237 2190 1830 2034 2003 1627 2034 2003 1627 2237 2190 1830 2238 2191 1831 2034 2003 1627 2238 2191 1831 2036 2005 1629 2036 2005 1629 2238 2191 1831 2239 2192 1832 1884 1399 1477 2240 2193 1833 1883 1853 1476 2240 2193 1833 1884 1399 1477 2241 1400 1834 2242 2194 1835 1888 1857 1481 2243 2195 1836 1888 1857 1481 2242 2194 1835 1886 1855 1479 2052 2021 1645 2244 2196 1837 2051 2020 1644 2244 2196 1837 2052 2021 1645 2245 2197 1838 2246 2198 1839 1667 1644 1260 1670 1647 1263 2246 2198 1839 1670 1647 1263 2247 2199 1840 2248 2200 1841 2099 2067 1692 2098 2066 1691 2099 2067 1692 2248 2200 1841 2249 2201 1842 1676 1653 1269 2250 2202 1843 1674 1651 1267 2250 2202 1843 1676 1653 1269 2251 2203 1844 1584 1561 1177 2252 2204 1845 2253 2205 1846 2252 2204 1845 1584 1561 1177 1583 1560 1176 1633 1610 1226 2253 2205 1846 2254 2206 1847 2253 2205 1846 1633 1610 1226 1584 1561 1177 2023 1992 1616 2255 2207 1848 2256 2208 1849 2255 2207 1848 2023 1992 1616 2022 1991 1615 1344 1321 937 2257 2209 1850 2258 2210 1851 2257 2209 1850 1344 1321 937 1637 1614 1230 1345 1322 938 2258 2210 1851 2259 2211 1852 2258 2210 1851 1345 1322 938 1344 1321 937 1763 1740 1356 1762 1739 1355 2260 2212 1853 2260 2212 1853 1762 1739 1355 2261 2213 1854 2113 2081 1706 2262 2214 1855 2114 2082 1707 2262 2214 1855 2113 2081 1706 2263 2215 1856 1577 1554 1170 2264 2216 1857 1575 1552 1168 2264 2216 1857 1577 1554 1170 2265 2217 1858 1781 1758 1374 2266 2218 1859 1779 1756 1372 2266 2218 1859 1781 1758 1374 2267 2219 1860 1779 1756 1372 2268 2220 1861 2016 1985 1609 2268 2220 1861 1779 1756 1372 2266 2218 1859 2015 1984 1608 2268 2220 1861 2269 2221 1862 2268 2220 1861 2015 1984 1608 2016 1985 1609 1348 1325 941 2269 2221 1862 2270 2222 1863 2269 2221 1862 1348 1325 941 2015 1984 1608 1349 1326 942 2270 2222 1863 2271 2223 1864 2270 2222 1863 1349 1326 942 1348 1325 941 1527 1504 1120 2271 2223 1864 2272 2224 1865 2271 2223 1864 1527 1504 1120 1349 1326 942 1528 1505 1121 2272 2224 1865 2273 2225 1866 2272 2224 1865 1528 1505 1121 1527 1504 1120 1567 1544 1160 2273 2225 1866 2274 2226 1867 2273 2225 1866 1567 1544 1160 1528 1505 1121 1867 1839 1460 2274 2226 1867 2275 2227 1868 2274 2226 1867 1867 1839 1460 1567 1544 1160 2036 2005 1629 2239 2192 1832 2276 2228 1869 2276 2228 1869 2239 2192 1832 2277 2229 1870 2036 2005 1629 2278 2230 1871 2035 2004 1628 2278 2230 1871 2036 2005 1629 2276 2228 1869 2091 2059 1684 2035 2004 1628 2279 2231 1872 2279 2231 1872 2035 2004 1628 2278 2230 1871 1380 1357 973 2280 2232 1873 1381 1358 974 2280 2232 1873 1380 1357 973 2281 2233 1874 1381 1358 974 2282 2234 1875 1353 1330 946 2282 2234 1875 1381 1358 974 2280 2232 1873 2283 2235 1876 1353 1330 946 2282 2234 1875 1353 1330 946 2283 2235 1876 1351 1328 944 2284 2236 1877 1351 1328 944 2283 2235 1876 1351 1328 944 2284 2236 1877 1484 1461 1077 1484 1461 1077 2285 2237 1878 1413 1390 1006 2285 2237 1878 1484 1461 1077 2284 2236 1877 2285 2237 1878 1416 1393 1009 1413 1390 1006 1416 1393 1009 2285 2237 1878 2286 2238 1879 2286 2238 1879 1334 1311 927 1416 1393 1009 1334 1311 927 2286 2238 1879 2287 2239 1880 1334 1311 927 2288 2240 1881 1333 1310 926 2288 2240 1881 1334 1311 927 2287 2239 1880 1333 1310 926 2289 2241 1882 1932 1901 1525 2289 2241 1882 1333 1310 926 2288 2240 1881 2290 2242 1883 1932 1901 1525 2289 2241 1882 1932 1901 1525 2290 2242 1883 1922 1891 1515 2291 2243 1884 1922 1891 1515 2290 2242 1883 1922 1891 1515 2291 2243 1884 1898 1867 1491 1899 1868 1492 2291 2243 1884 2292 2244 1885 2291 2243 1884 1899 1868 1492 1898 1867 1491 2292 2244 1885 2019 1988 1612 1899 1868 1492 2019 1988 1612 2292 2244 1885 2293 2245 1886 1745 1722 1338 1851 1823 1444 1850 1822 1443 1851 1823 1444 1745 1722 1338 1746 1723 1339 1746 1723 1339 2010 1979 1603 1851 1823 1444 2010 1979 1603 1746 1723 1339 1769 1746 1362 2010 1979 1603 1769 1746 1362 2222 2176 1815 2222 2176 1815 2224 2178 1817 2010 1979 1603 1586 1563 1179 1614 1591 1207 1615 1592 1208 1614 1591 1207 1586 1563 1179 1639 1616 1232 1615 1592 1208 1687 1664 1280 1586 1563 1179 1687 1664 1280 1494 1471 1087 1586 1563 1179 1494 1471 1087 1687 1664 1280 1736 1713 1329 1736 1713 1329 1497 1474 1090 1494 1471 1087 1517 1494 1110 1591 1568 1184 1588 1565 1181 1591 1568 1184 1517 1494 1110 1515 1492 1108 1515 1492 1108 1747 1724 1340 1591 1568 1184 1747 1724 1340 1515 1492 1108 1848 1820 1441 1848 1820 1441 1750 1727 1343 1747 1724 1340 1750 1727 1343 1848 1820 1441 1846 1818 1439 1846 1818 1439 2011 1980 1604 1750 1727 1343 2011 1980 1604 1846 1818 1439 1624 1601 1217 1624 1601 1217 2014 1983 1607 2011 1980 1604 2014 1983 1607 1624 1601 1217 1626 1603 1219 1339 1316 932 1335 1312 928 1337 1314 930 1339 1316 932 1337 1314 930 1340 1317 933 2140 2108 1733 2108 2076 1701 2110 2078 1703 2140 2108 1733 2110 2078 1703 2141 2109 1734 1853 1825 1446 1618 1595 1211 1620 1597 1213 1853 1825 1446 1620 1597 1213 1854 1826 1447 2104 2072 1697 1597 1574 1190 1594 1571 1187 1597 1574 1190 2104 2072 1697 2100 2068 1693 2100 2068 1693 1628 1605 1221 1597 1574 1190 1628 1605 1221 2100 2068 1693 2102 2070 1695 2147 2115 1740 1767 1744 1360 2145 2113 1738 1767 1744 1360 1766 1743 1359 2145 2113 1738 2150 2118 1743 2093 2061 1686 2148 2116 1741 2093 2061 1686 2086 2054 1679 2148 2116 1741 2148 2116 1741 2088 2056 1681 2152 2120 1745 2088 2056 1681 2148 2116 1741 2086 2054 1679 2083 2051 1676 2097 2065 1690 2085 2053 1678 2094 2062 1687 2085 2053 1678 2097 2065 1690 1507 1484 1100 2081 2049 1674 1504 1481 1097 2081 2049 1674 1507 1484 1100 2079 2047 1672 2077 2045 1670 2070 2038 1663 2072 2040 1665 2070 2038 1663 2077 2045 1670 2074 2042 1667 2066 2034 1659 2063 2031 1656 2065 2033 1658 2063 2031 1656 2066 2034 1659 2068 2036 1661 1940 1909 1533 1730 1707 1323 1938 1907 1531 1730 1707 1323 1940 1909 1533 1728 1705 1321 2056 2024 1649 1693 1670 1286 1690 1667 1283 1693 1670 1286 2056 2024 1649 2055 2023 1648 1792 1287 1385 1795 1770 1388 1788 1286 1381 1795 1770 1388 1789 1765 1382 1788 1286 1381 1798 1773 1391 1784 1761 1377 1783 1760 1376 1784 1761 1377 1798 1773 1391 1797 1772 1390 1552 1529 1145 1786 1763 1379 1555 1532 1148 1786 1763 1379 1552 1529 1145 1787 1764 1380 1556 1533 1149 1561 1538 1154 1559 1536 1152 1561 1538 1154 1556 1533 1149 1560 1537 1153 1652 1629 1245 1563 1540 1156 1655 1632 1248 1563 1540 1156 1562 1539 1155 1655 1632 1248 1657 1634 1250 1564 1541 1157 1565 1542 1158 1564 1541 1157 1657 1634 1250 1659 1636 1252 1808 1781 1401 1570 1547 1163 1387 1364 980 1570 1547 1163 1808 1781 1401 1568 1545 1161 1570 1547 1163 1573 1550 1166 1387 1364 980 1573 1550 1166 1388 1365 981 1387 1364 980 1580 1557 1173 1662 1639 1255 1661 1638 1254 1662 1639 1255 1580 1557 1173 1579 1556 1172 1664 1641 1257 1755 1732 1348 1665 1642 1258 1755 1732 1348 1664 1641 1257 1759 1736 1352 1665 1642 1258 1757 1734 1350 1666 1643 1259 1757 1734 1350 1665 1642 1258 1755 1732 1348 1672 1649 1265 1754 1731 1347 1751 1728 1344 1754 1731 1347 1672 1649 1265 1671 1648 1264 2126 2094 1719 2132 2100 1725 2129 2097 1722 2132 2100 1725 2131 2099 1724 2129 2097 1722 1684 1661 1277 1744 1721 1337 1741 1718 1334 1744 1721 1337 1684 1661 1277 1683 1660 1276 1737 1714 1330 1685 1662 1278 1686 1663 1279 1737 1714 1330 1686 1663 1279 1738 1715 1331 1734 1711 1327 1685 1662 1278 1737 1714 1330 1685 1662 1278 1734 1711 1327 1689 1666 1282 1733 1710 1326 1689 1666 1282 1734 1711 1327 1689 1666 1282 1733 1710 1326 1688 1665 1281 1722 1699 1315 1688 1665 1281 1733 1710 1326 1688 1665 1281 1722 1699 1315 1698 1675 1291 1721 1698 1314 1698 1675 1291 1722 1699 1315 1698 1675 1291 1721 1698 1314 1697 1674 1290 1699 1676 1292 1775 1752 1368 1774 1751 1367 1775 1752 1368 1699 1676 1292 1700 1677 1293 1701 1678 1294 1774 1751 1367 1776 1753 1369 1774 1751 1367 1701 1678 1294 1699 1676 1292 1701 1678 1294 1777 1754 1370 1702 1679 1295 1777 1754 1370 1701 1678 1294 1776 1753 1369 1704 1681 1297 2232 2185 1825 1709 1686 1302 2232 2185 1825 1704 1681 1297 2230 2183 1823 1703 1680 1296 1709 1686 1302 1707 1684 1300 1709 1686 1302 1703 1680 1296 1704 1681 1297 2160 2128 1753 1703 1680 1296 1707 1684 1300 1703 1680 1296 2160 2128 1753 1705 1682 1298 2159 2127 1752 2294 2246 1887 2158 2126 1751 2294 2246 1887 2159 2127 1752 2295 2247 1888 2296 2248 1889 2158 2126 1751 2294 2246 1887 2158 2126 1751 2296 2248 1889 2157 2125 1750 2173 2141 1766 2296 2248 1889 2297 2249 1890 2296 2248 1889 2173 2141 1766 2157 2125 1750 2297 2249 1890 2172 2140 1765 2173 2141 1766 2172 2140 1765 2297 2249 1890 2298 2250 1891 2298 2250 1891 2170 2138 1763 2172 2140 1765 2170 2138 1763 2298 2250 1891 2299 2251 1892 2299 2251 1892 2171 2139 1764 2170 2138 1763 2171 2139 1764 2299 2251 1892 2300 2252 1893 2171 2139 1764 2301 2253 1894 2169 2137 1762 2301 2253 1894 2171 2139 1764 2300 2252 1893 2169 2137 1762 2302 2254 1895 2168 2136 1761 2302 2254 1895 2169 2137 1762 2301 2253 1894 2302 2254 1895 2303 2255 1896 2167 2135 1760 2167 2135 1760 2168 2136 1761 2302 2254 1895 2303 2255 1896 2304 2256 1897 2165 2133 1758 2165 2133 1758 2167 2135 1760 2303 2255 1896 2304 2256 1897 2305 2257 1898 2166 2134 1759 2304 2256 1897 2166 2134 1759 2165 2133 1758 2163 2131 1756 2166 2134 1759 2305 2257 1898 2305 2257 1898 2306 2258 1899 2163 2131 1756 2164 2132 1757 2163 2131 1756 2306 2258 1899 2306 2258 1899 2307 2259 1900 2164 2132 1757 1599 1576 1192 2308 2260 1901 1600 1577 1193 2308 2260 1901 2309 2261 1902 1600 1577 1193 1600 1577 1193 2309 2261 1902 1601 1578 1194 2309 2261 1902 2310 2262 1903 1601 1578 1194 2311 2263 1904 1601 1578 1194 2310 2262 1903 1601 1578 1194 2311 2263 1904 2235 2188 1828 2312 2264 1905 1602 1579 1195 2313 2265 1906 1602 1579 1195 2312 2264 1905 1603 1580 1196 2314 2266 1907 1603 1580 1196 2312 2264 1905 1603 1580 1196 2314 2266 1907 1604 1581 1197 2314 2266 1907 2315 2267 1908 1604 1581 1197 1604 1581 1197 2315 2267 1908 1605 1582 1198 2316 2268 1909 1605 1582 1198 2315 2267 1908 1605 1582 1198 2316 2268 1909 1607 1584 1200 2317 2269 1910 1607 1584 1200 2316 2268 1909 1607 1584 1200 2317 2269 1910 1606 1583 1199 1606 1583 1199 2318 2270 1911 1612 1589 1205 2318 2270 1911 1606 1583 1199 2317 2269 1910 1612 1589 1205 2319 2271 1912 1613 1590 1206 2319 2271 1912 1612 1589 1205 2318 2270 1911 2319 2271 1912 1616 1593 1209 1613 1590 1206 1616 1593 1209 2319 2271 1912 2320 2272 1913 1617 1594 1210 1616 1593 1209 2320 2272 1913 2320 2272 1913 2321 2273 1914 1617 1594 1210 1623 1600 1216 1622 1599 1215 2322 2274 1915 2322 2274 1915 2323 2275 1916 1623 1600 1216 2124 2092 1717 2125 2093 1718 2324 2276 1917 2324 2276 1917 2325 2277 1918 2124 2092 1717 1630 1607 1223 1631 1608 1224 2326 2278 1919 2326 2278 1919 2327 2279 1920 1630 1607 1223 2328 2280 1921 1635 1612 1228 2329 2281 1922 1635 1612 1228 2328 2280 1921 1634 1611 1227 2330 2282 1923 1634 1611 1227 2328 2280 1921 1634 1611 1227 2330 2282 1923 1636 1613 1229 2331 2283 1924 1642 1619 1235 2332 2284 1925 1642 1619 1235 2331 2283 1924 1641 1618 1234 2333 2285 1926 1644 1621 1237 2334 2286 1927 1644 1621 1237 2333 2285 1926 1643 1620 1236 1643 1620 1236 2335 2287 1928 1645 1622 1238 2335 2287 1928 1643 1620 1236 2333 2285 1926 2336 2288 1929 1646 1623 1239 2337 2289 1930 1647 1624 1240 2337 2289 1930 1646 1623 1239 2338 2290 1931 1649 1626 1242 2339 2291 1932 1649 1626 1242 2338 2290 1931 1648 1625 1241 2340 2292 1933 1650 1627 1243 2341 2293 1934 1651 1628 1244 2341 2293 1934 1650 1627 1243 2342 2294 1935 1551 1528 1144 1550 1527 1143 1551 1528 1144 2342 2294 1935 2343 2295 1936 2344 2296 1937 1366 1343 959 1363 1340 956 1366 1343 959 2344 2296 1937 2345 2297 1938 1362 1339 955 2346 2298 1939 1361 1338 954 2346 2298 1939 1362 1339 955 2347 2299 1940 1992 1961 1585 1993 1962 1586 1352 1329 945 1352 1329 945 1993 1962 1586 1379 1356 972 1990 1959 1583 1992 1961 1585 1354 1331 947 1354 1331 947 1992 1961 1585 1352 1329 945 1989 1958 1582 1990 1959 1583 1485 1462 1078 1354 1331 947 1485 1462 1078 1990 1959 1583 1485 1462 1078 1983 1952 1576 1989 1958 1582 1983 1952 1576 1485 1462 1078 1415 1392 1008 1415 1392 1008 1986 1955 1579 1983 1952 1576 1986 1955 1579 1415 1392 1008 1414 1391 1007 1986 1955 1579 1414 1391 1007 1332 1309 925 1986 1955 1579 1332 1309 925 1982 1951 1575 1982 1951 1575 1331 1308 924 1978 1947 1571 1982 1951 1575 1332 1309 925 1331 1308 924 1978 1947 1571 1931 1900 1524 1979 1948 1572 1978 1947 1571 1331 1308 924 1931 1900 1524 1979 1948 1572 1921 1890 1514 1976 1945 1569 1921 1890 1514 1979 1948 1572 1931 1900 1524 1976 1945 1569 1900 1869 1493 1971 1940 1564 1900 1869 1493 1976 1945 1569 1921 1890 1514 1900 1869 1493 1897 1866 1490 1974 1943 1567 1900 1869 1493 1974 1943 1567 1971 1940 1564 1738 1715 1331 1741 1718 1334 1740 1717 1333 1740 1717 1333 1741 1718 1334 1743 1720 1336 2321 2273 1914 1622 1599 1215 1617 1594 1210 1622 1599 1215 2321 2273 1914 2322 2274 1915 1617 1594 1210 1493 1470 1086 1487 1464 1080 1493 1470 1086 1617 1594 1210 1622 1599 1215 1487 1464 1080 1493 1470 1086 1488 1465 1081 1488 1465 1081 1493 1470 1086 1490 1467 1083 1842 1814 1435 1488 1465 1081 1490 1467 1083 1842 1814 1435 1490 1467 1083 1843 1815 1436 1842 1814 1435 2007 1976 1600 2006 1975 1599 2007 1976 1600 1842 1814 1435 1843 1815 1436 2006 1975 1599 1576 1553 1169 1778 1755 1371 1576 1553 1169 2006 1975 1599 2007 1976 1600 1576 1553 1169 1781 1758 1374 1778 1755 1371 1781 1758 1374 1576 1553 1169 1575 1552 1168 1575 1552 1168 2267 2219 1860 1781 1758 1374 2267 2219 1860 1575 1552 1168 2264 2216 1857 1627 1604 1220 1335 1312 928 1626 1603 1219 1335 1312 928 1627 1604 1220 1338 1315 931 1626 1603 1219 1339 1316 932 2014 1983 1607 1339 1316 932 1626 1603 1219 1335 1312 928 2014 1983 1607 1341 1318 934 2012 1981 1605 1341 1318 934 2014 1983 1607 1339 1316 932 1928 1897 1521 1341 1318 934 1926 1895 1519 1341 1318 934 1928 1897 1521 2012 1981 1605 1929 1898 1522 1926 1895 1519 1923 1892 1516 1926 1895 1519 1929 1898 1522 1928 1897 1521 2193 1898 1786 1405 1382 998 1412 1389 1005 1405 1382 998 2193 1898 1786 2194 2157 1787 1412 1389 1005 1407 1384 1000 1410 1387 1003 1407 1384 1000 1412 1389 1005 1405 1382 998 1407 1384 1000 1686 1663 1279 1410 1387 1003 1686 1663 1279 1407 1384 1000 1684 1661 1277 1738 1715 1331 1684 1661 1277 1741 1718 1334 1684 1661 1277 1738 1715 1331 1686 1663 1279 1844 1816 1437 1492 1469 1085 2119 2087 1712 1844 1816 1437 2119 2087 1712 2118 2086 1711 1844 1816 1437 2116 2084 1709 2008 1977 1601 2116 2084 1709 1844 1816 1437 2118 2086 1711 2008 1977 1601 2112 2080 1705 1574 1551 1167 2112 2080 1705 2008 1977 1601 2116 2084 1709 1574 1551 1167 2114 2082 1707 1577 1554 1170 2114 2082 1707 1574 1551 1167 2112 2080 1705 2114 2082 1707 2265 2217 1858 1577 1554 1170 2265 2217 1858 2114 2082 1707 2262 2214 1855 2111 2079 1704 1337 1314 930 1336 1313 929 1337 1314 930 2111 2079 1704 2108 2076 1701 1337 1314 930 2108 2076 1701 1340 1317 933 1340 1317 933 2108 2076 1701 2140 2108 1733 1340 1317 933 2140 2108 1733 1342 1319 935 1342 1319 935 2140 2108 1733 2142 2110 1735 1924 1893 1517 2142 2110 1735 2136 2104 1729 2142 2110 1735 1924 1893 1517 1342 1319 935 1925 1894 1518 2136 2104 1729 2138 2106 1731 2136 2104 1729 1925 1894 1518 1924 1893 1517 2195 2158 1788 2134 2102 1727 1408 1385 1001 2134 2102 1727 2195 2158 1788 2196 2159 1789 1408 1385 1001 2130 2098 1723 1406 1383 999 2130 2098 1723 1408 1385 1001 2134 2102 1727 1406 1383 999 2132 2100 1725 1683 1660 1276 2132 2100 1725 1406 1383 999 2130 2098 1723 1683 1660 1276 2126 2094 1719 1744 1721 1337 2126 2094 1719 1683 1660 1276 2132 2100 1725 1744 1721 1337 2128 2096 1721 1742 1719 1335 2128 2096 1721 1744 1721 1337 2126 2094 1719 2323 2275 1916 2125 2093 1718 1623 1600 1216 2125 2093 1718 2323 2275 1916 2324 2276 1917 1623 1600 1216 2125 2093 1718 1491 1468 1084 1491 1468 1084 2125 2093 1718 2123 2091 1716 1491 1468 1084 2123 2091 1716 1492 1469 1085 1492 1469 1085 2123 2091 1716 2119 2087 1712 2120 2088 1713 1503 1480 1096 1500 1477 1093 1503 1480 1096 2120 2088 1713 2122 2090 1715 2121 2089 1714 2120 2088 1713 1500 1477 1093 2121 2089 1714 1500 1477 1093 1857 1829 1450 2121 2089 1714 2017 1986 1610 2117 2085 1710 2017 1986 1610 2121 2089 1714 1857 1829 1450 2117 2085 1710 1761 1738 1354 2115 2083 1708 1761 1738 1354 2117 2085 1710 2017 1986 1610 2115 2083 1708 1763 1740 1356 2113 2081 1706 1763 1740 1356 2115 2083 1708 1761 1738 1354 1763 1740 1356 2263 2215 1856 2113 2081 1706 2263 2215 1856 1763 1740 1356 2260 2212 1853 2109 2077 1702 1621 1598 1214 2110 2078 1703 2110 2078 1703 1621 1598 1214 1618 1595 1211 2141 2109 1734 2110 2078 1703 1618 1595 1211 2141 2109 1734 1618 1595 1211 1853 1825 1446 2141 2109 1734 1853 1825 1446 2143 2111 1736 2143 2111 1736 1853 1825 1446 1855 1827 1448 2143 2111 1736 1855 1827 1448 2137 2105 1730 2137 2105 1730 1855 1827 1448 1920 1889 1513 2137 2105 1730 1920 1889 1513 2139 2107 1732 2139 2107 1732 1920 1889 1513 1917 1886 1510 2197 2160 1790 1397 1374 990 2135 2103 1728 1397 1374 990 2197 2160 1790 2198 1886 1791 2135 2103 1728 1399 1376 992 2133 2101 1726 1399 1376 992 2135 2103 1728 1397 1374 990 2133 2101 1726 1672 1649 1265 2131 2099 1724 1672 1649 1265 2133 2101 1726 1399 1376 992 2131 2099 1724 1751 1728 1344 2129 2097 1722 1751 1728 1344 2131 2099 1724 1672 1649 1265 2129 2097 1722 1753 1730 1346 2127 2095 1720 1753 1730 1346 2129 2097 1722 1751 1728 1344 2325 2277 1918 1631 1608 1224 2124 2092 1717 1631 1608 1224 2325 2277 1918 2326 2278 1919 2124 2092 1717 1631 1608 1224 2122 2090 1715 2122 2090 1715 1631 1608 1224 1503 1480 1096 2348 2300 1941 1502 1479 1095 1501 1478 1094 1501 1478 1094 2349 2301 1942 2348 2300 1941 1502 1479 1095 2350 2302 1943 1858 1830 1451 2350 2302 1943 1502 1479 1095 2348 2300 1941 1858 1830 1451 2350 2302 1943 2018 1987 1611 2018 1987 1611 2350 2302 1943 2351 2303 1944 2018 1987 1611 2351 2303 1944 1764 1741 1357 1764 1741 1357 2351 2303 1944 2352 2304 1945 1764 1741 1357 2352 2304 1945 1762 1739 1355 1762 1739 1355 2352 2304 1945 2353 2305 1946 1762 1739 1355 2354 2306 1947 2261 2213 1854 2354 2306 1947 1762 1739 1355 2353 2305 1946 1619 1596 1212 2355 2307 1948 1620 1597 1213 2355 2307 1948 1619 1596 1212 2356 2308 1949 1620 1597 1213 2357 2309 1950 1854 1826 1447 2357 2309 1950 1620 1597 1213 2355 2307 1948 1854 1826 1447 2357 2309 1950 1856 1828 1449 1856 1828 1449 2357 2309 1950 2358 2310 1951 1918 1887 1511 2358 2310 1951 2359 2311 1952 2358 2310 1951 1918 1887 1511 1856 1828 1449 1919 1888 1512 2359 2311 1952 2360 2312 1953 2359 2311 1952 1919 1888 1512 1918 1887 1511 2199 1888 1792 2361 2313 1954 1400 1377 993 2361 2313 1954 2199 1888 1792 2362 2312 1955 1400 1377 993 2363 2314 1956 1398 1375 991 2363 2314 1956 1400 1377 993 2361 2313 1954 1398 1375 991 2364 2315 1957 1671 1648 1264 2364 2315 1957 1398 1375 991 2363 2314 1956 1754 1731 1347 2364 2315 1957 2365 2316 1958 2364 2315 1957 1754 1731 1347 1671 1648 1264 2365 2316 1958 1752 1729 1345 1754 1731 1347 1752 1729 1345 2365 2316 1958 2366 2317 1959 2367 2318 1960 1630 1607 1223 2327 2279 1920 1630 1607 1223 2367 2318 1960 2368 2319 1961 1630 1607 1223 2349 2301 1942 1501 1478 1094 2349 2301 1942 1630 1607 1223 2368 2319 1961 1512 1489 1105 1863 1835 1456 1861 1833 1454 1863 1835 1456 1512 1489 1105 1520 1497 1113 2027 1996 1620 1861 1833 1454 1863 1835 1456 2027 1996 1620 1863 1835 1456 2029 1998 1622 2027 1996 1620 2029 1998 1622 1638 1615 1231 1638 1615 1231 2029 1998 1622 2021 1990 1614 1638 1615 1231 2023 1992 1616 1637 1614 1230 2023 1992 1616 1638 1615 1231 2021 1990 1614 1637 1614 1230 2256 2208 1849 2257 2209 1850 2256 2208 1849 1637 1614 1230 2023 1992 1616 2103 2071 1696 1767 1744 1360 2102 2070 1695 1767 1744 1360 2103 2071 1696 1765 1742 1358 1767 1744 1360 1628 1605 1221 2102 2070 1695 1628 1605 1221 1767 1744 1360 2147 2115 1740 1629 1606 1222 1628 1605 1221 2147 2115 1740 1629 1606 1222 2147 2115 1740 2144 2112 1737 1912 1881 1505 2144 2112 1737 1773 1750 1366 2144 2112 1737 1912 1881 1505 1629 1606 1222 1913 1882 1506 1773 1750 1366 1770 1747 1363 1773 1750 1366 1913 1882 1506 1912 1881 1505 2202 2163 1795 2106 2074 1699 1394 1371 987 2106 2074 1699 2202 2163 1795 2203 2164 1796 1394 1371 987 1578 1555 1171 1392 1369 985 1578 1555 1171 1394 1371 987 2106 2074 1699 1392 1369 985 1580 1557 1173 1664 1641 1257 1580 1557 1173 1392 1369 985 1578 1555 1171 1661 1638 1254 1664 1641 1257 1580 1557 1173 1664 1641 1257 1661 1638 1254 1759 1736 1352 1661 1638 1254 1760 1737 1353 1759 1736 1352 1760 1737 1353 1661 1638 1254 1663 1640 1256 2332 2284 1925 1636 1613 1229 2330 2282 1923 1636 1613 1229 2332 2284 1925 1642 1619 1235 1642 1619 1235 1513 1490 1106 1636 1613 1229 1513 1490 1106 1642 1619 1235 1518 1495 1111 1513 1490 1106 1520 1497 1113 1512 1489 1105 1520 1497 1113 1513 1490 1106 1518 1495 1111 2348 2300 1941 1860 1832 1453 2350 2302 1943 1860 1832 1453 2348 2300 1941 1508 1485 1101 2348 2300 1941 2349 2301 1942 1508 1485 1101 2349 2301 1942 1509 1486 1102 1508 1485 1101 1509 1486 1102 2349 2301 1942 2368 2319 1961 2368 2319 1961 1635 1612 1228 1509 1486 1102 2329 2281 1922 2368 2319 1961 2367 2318 1960 2368 2319 1961 2329 2281 1922 1635 1612 1228 1757 1734 1350 2366 2317 1959 2365 2316 1958 2366 2317 1959 1757 1734 1350 1756 1733 1349 2364 2315 1957 1666 1643 1259 2365 2316 1958 1666 1643 1259 1757 1734 1350 2365 2316 1958 2363 2314 1956 1666 1643 1259 2364 2315 1957 1666 1643 1259 2363 2314 1956 1396 1373 989 2361 2313 1954 1396 1373 989 2363 2314 1956 1396 1373 989 2361 2313 1954 1395 1372 988 2362 2312 1955 1395 1372 988 2361 2313 1954 1395 1372 988 2362 2312 1955 2200 2161 1793 2359 2311 1952 1916 1885 1509 2360 2312 1953 2360 2312 1953 1916 1885 1509 1915 1884 1508 2358 2310 1951 1596 1573 1189 2359 2311 1952 2359 2311 1952 1596 1573 1189 1916 1885 1509 2357 2309 1950 1594 1571 1187 2358 2310 1951 2358 2310 1951 1594 1571 1187 1596 1573 1189 2355 2307 1948 1594 1571 1187 2357 2309 1950 1594 1571 1187 2355 2307 1948 2104 2072 1697 2104 2072 1697 2355 2307 1948 2356 2308 1949 2356 2308 1949 2105 2073 1698 2104 2072 1697 2353 2305 1946 2259 2211 1852 2354 2306 1947 2259 2211 1852 2353 2305 1946 1345 1322 938 2352 2304 1945 1343 1320 936 2353 2305 1946 2353 2305 1946 1343 1320 936 1345 1322 938 2351 2303 1944 2025 1994 1618 2352 2304 1945 2352 2304 1945 2025 1994 1618 1343 1320 936 2351 2303 1944 1860 1832 1453 2025 1994 1618 1860 1832 1453 2351 2303 1944 2350 2302 1943 2369 2320 1962 2370 2321 1963 2371 2322 1964 2370 2321 1963 2369 2320 1962 2372 2323 1965 2371 2322 1964 2373 2324 1966 2374 2325 1967 2373 2324 1966 2371 2322 1964 2370 2321 1963 2375 2326 1968 2373 2324 1966 2376 2327 1969 2373 2324 1966 2375 2326 1968 2374 2325 1967 2375 2326 1968 2377 2328 1970 2378 2329 1971 2377 2328 1970 2375 2326 1968 2376 2327 1969 2378 2329 1971 2379 2330 1972 2380 2331 1973 2379 2330 1972 2378 2329 1971 2377 2328 1970 2381 2332 1974 2382 2333 1975 2383 2334 1976 2382 2333 1975 2381 2332 1974 2384 2335 1977 2383 2334 1976 2385 2336 1978 2386 2337 1979 2385 2336 1978 2383 2334 1976 2382 2333 1975 2386 2337 1979 2385 2336 1978 2387 2338 1980 2387 2338 1980 2385 2336 1978 2388 2339 1981 2387 2338 1980 2388 2339 1981 2389 2340 1982 2389 2340 1982 2388 2339 1981 2390 2341 1983 2389 2340 1982 2390 2341 1983 2391 2342 1984 2391 2342 1984 2390 2341 1983 2392 2343 1985 2393 2344 1986 2394 2345 1987 2395 2346 1988 2394 2345 1987 2393 2344 1986 2396 2347 1989 2395 2346 1988 2397 2348 1990 2398 2349 1991 2397 2348 1990 2395 2346 1988 2394 2345 1987 2398 2349 1991 2399 2350 1992 2400 2351 1993 2399 2350 1992 2398 2349 1991 2397 2348 1990 2400 2351 1993 2401 2352 1994 2402 2353 1995 2401 2352 1994 2400 2351 1993 2399 2350 1992 2402 2353 1995 2403 2354 1996 2404 2355 1997 2403 2354 1996 2402 2353 1995 2401 2352 1994 2405 2356 1998 2406 2357 1999 2407 2358 2000 2406 2357 1999 2405 2356 1998 2408 2359 2001 2406 2357 1999 2408 2359 2001 2409 2360 2002 2409 2360 2002 2408 2359 2001 2410 2361 2003 2409 2360 2002 2372 2323 1965 2369 2320 1962 2372 2323 1965 2409 2360 2002 2410 2361 2003 1522 1499 1115 2370 2321 1963 2372 2323 1965 2370 2321 1963 1522 1499 1115 1864 1836 1457 2370 2321 1963 2030 1999 1623 2373 2324 1966 2030 1999 1623 2370 2321 1963 1864 1836 1457 2373 2324 1966 1632 1609 1225 2376 2327 1969 1632 1609 1225 2373 2324 1966 2030 1999 1623 2376 2327 1969 1633 1610 1226 2377 2328 1970 1633 1610 1226 2376 2327 1969 1632 1609 1225 2377 2328 1970 2254 2206 1847 2379 2330 1972 2254 2206 1847 2377 2328 1970 1633 1610 1226 2384 2335 1977 2093 2061 1686 2382 2333 1975 2093 2061 1686 2384 2335 1977 2092 2060 1685 2382 2333 1975 2150 2118 1743 2385 2336 1978 2150 2118 1743 2382 2333 1975 2093 2061 1686 2385 2336 1978 2151 2119 1744 2388 2339 1981 2151 2119 1744 2385 2336 1978 2150 2118 1743 2388 2339 1981 1909 1878 1502 2390 2341 1983 1909 1878 1502 2388 2339 1981 2151 2119 1744 2390 2341 1983 1909 1878 1502 2392 2343 1985 2392 2343 1985 1909 1878 1502 1910 1879 1503 2396 2347 1989 2155 2123 1748 2394 2345 1987 2155 2123 1748 2396 2347 1989 2206 2167 1799 2394 2345 1987 1390 1367 983 2397 2348 1990 1390 1367 983 2394 2345 1987 2155 2123 1748 2397 2348 1990 1388 1365 981 2399 2350 1992 1388 1365 981 2397 2348 1990 1390 1367 983 1388 1365 981 2401 2352 1994 2399 2350 1992 2401 2352 1994 1388 1365 981 1573 1550 1166 1573 1550 1166 2403 2354 1996 2401 2352 1994 2403 2354 1996 1573 1550 1166 1572 1549 1165 2405 2356 1998 2334 2286 1927 2408 2359 2001 2408 2359 2001 2334 2286 1927 1644 1621 1237 2408 2359 2001 1644 1621 1237 2410 2361 2003 2410 2361 2003 1644 1621 1237 1523 1500 1116 2372 2323 1965 2410 2361 2003 1523 1500 1116 2372 2323 1965 1523 1500 1116 1522 1499 1115 1519 1496 1112 2371 2322 1964 1862 1834 1455 2371 2322 1964 1519 1496 1112 2369 2320 1962 1862 1834 1455 2371 2322 1964 2028 1997 1621 2028 1997 1621 2371 2322 1964 2374 2325 1967 2024 1993 1617 2374 2325 1967 2375 2326 1968 2374 2325 1967 2024 1993 1617 2028 1997 1621 2024 1993 1617 2378 2329 1971 2022 1991 1615 2378 2329 1971 2024 1993 1617 2375 2326 1968 2022 1991 1615 2380 2331 1973 2255 2207 1848 2380 2331 1973 2022 1991 1615 2378 2329 1971 1768 1745 1361 2383 2334 1976 1766 1743 1359 2383 2334 1976 1768 1745 1361 2381 2332 1974 1766 1743 1359 2386 2337 1979 2145 2113 1738 2386 2337 1979 1766 1743 1359 2383 2334 1976 2145 2113 1738 2386 2337 1979 2146 2114 1739 2146 2114 1739 2386 2337 1979 2387 2338 1980 2146 2114 1739 2387 2338 1980 1771 1748 1364 1771 1748 1364 2387 2338 1980 2389 2340 1982 1771 1748 1364 2389 2340 1982 1772 1749 1365 1772 1749 1365 2389 2340 1982 2391 2342 1984 2204 2165 1797 2395 2346 1988 2107 2075 1700 2395 2346 1988 2204 2165 1797 2393 2344 1986 2107 2075 1700 2398 2349 1991 1581 1558 1174 2398 2349 1991 2107 2075 1700 2395 2346 1988 1581 1558 1174 2400 2351 1993 1579 1556 1172 2400 2351 1993 1581 1558 1174 2398 2349 1991 1579 1556 1172 2402 2353 1995 1662 1639 1255 2402 2353 1995 1579 1556 1172 2400 2351 1993 1662 1639 1255 2404 2355 1997 1660 1637 1253 2404 2355 1997 1662 1639 1255 2402 2353 1995 2407 2358 2000 1641 1618 1234 2331 2283 1924 1641 1618 1234 2407 2358 2000 2406 2357 1999 2406 2357 1999 1521 1498 1114 1641 1618 1234 1521 1498 1114 2406 2357 1999 2409 2360 2002 1521 1498 1114 2369 2320 1962 1519 1496 1112 2369 2320 1962 1521 1498 1114 2409 2360 2002 1793 1768 1386 2346 2298 1939 2347 2299 1940 2347 2299 1940 1794 1769 1387 1793 1768 1386 1796 1771 1389 2345 2297 1938 1799 1774 1392 2344 2296 1937 1799 1774 1392 2345 2297 1938 2342 2294 1935 1554 1531 1147 2343 2295 1936 2343 2295 1936 1554 1531 1147 1553 1530 1146 1557 1534 1150 2340 2292 1933 1558 1535 1151 2341 2293 1934 1558 1535 1151 2340 2292 1933 2339 2291 1932 1653 1630 1246 2338 2290 1931 1653 1630 1246 2339 2291 1932 1654 1631 1247 1656 1633 1249 2336 2288 1929 2337 2289 1930 2336 2288 1929 1656 1633 1249 1658 1635 1251 1571 1548 1164 2333 2285 1926 1569 1546 1162 2333 2285 1926 1571 1548 1164 2335 2287 1928 1569 1546 1162 2334 2286 1927 1572 1549 1165 2334 2286 1927 1569 1546 1162 2333 2285 1926 1572 1549 1165 2405 2356 1998 2403 2354 1996 2405 2356 1998 1572 1549 1165 2334 2286 1927 2404 2355 1997 2405 2356 1998 2407 2358 2000 2405 2356 1998 2404 2355 1997 2403 2354 1996 1660 1637 1253 2407 2358 2000 2331 2283 1924 2407 2358 2000 1660 1637 1253 2404 2355 1997 1660 1637 1253 2332 2284 1925 1663 1640 1256 2332 2284 1925 1660 1637 1253 2331 2283 1924 1663 1640 1256 2330 2282 1923 1760 1737 1353 2330 2282 1923 1663 1640 1256 2332 2284 1925 1760 1737 1353 2328 2280 1921 1758 1735 1351 2328 2280 1921 1760 1737 1353 2330 2282 1923 1758 1735 1351 2329 2281 1922 1756 1733 1349 2329 2281 1922 1758 1735 1351 2328 2280 1921 1756 1733 1349 2367 2318 1960 2366 2317 1959 2367 2318 1960 1756 1733 1349 2329 2281 1922 2366 2317 1959 2327 2279 1920 1752 1729 1345 2327 2279 1920 2366 2317 1959 2367 2318 1960 1753 1730 1346 2327 2279 1920 2326 2278 1919 2327 2279 1920 1753 1730 1346 1752 1729 1345 2127 2095 1720 2326 2278 1919 2325 2277 1918 2326 2278 1919 2127 2095 1720 1753 1730 1346 2128 2096 1721 2325 2277 1918 2324 2276 1917 2325 2277 1918 2128 2096 1721 2127 2095 1720 1742 1719 1335 2324 2276 1917 2323 2275 1916 2324 2276 1917 1742 1719 1335 2128 2096 1721 1743 1720 1336 2323 2275 1916 2322 2274 1915 2323 2275 1916 1743 1720 1336 1742 1719 1335 1740 1717 1333 2322 2274 1915 2321 2273 1914 2322 2274 1915 1740 1717 1333 1743 1720 1336 1739 1716 1332 2321 2273 1914 2320 2272 1913 2321 2273 1914 1739 1716 1332 1740 1717 1333 2319 2271 1912 1735 1712 1328 1739 1716 1332 2319 2271 1912 1739 1716 1332 2320 2272 1913 2318 2270 1911 1732 1709 1325 1735 1712 1328 2318 2270 1911 1735 1712 1328 2319 2271 1912 2317 2269 1910 1723 1700 1316 1732 1709 1325 2317 2269 1910 1732 1709 1325 2318 2270 1911 2316 2268 1909 1720 1697 1313 1723 1700 1316 2316 2268 1909 1723 1700 1316 2317 2269 1910 1718 1695 1311 2316 2268 1909 2315 2267 1908 2316 2268 1909 1718 1695 1311 1720 1697 1313 1716 1693 1309 2315 2267 1908 2314 2266 1907 2315 2267 1908 1716 1693 1309 1718 1695 1311 1713 1690 1306 1716 1693 1309 2312 2264 1905 2312 2264 1905 1716 1693 1309 2314 2266 1907 1714 1691 1307 1713 1690 1306 2313 2265 1906 2313 2265 1906 1713 1690 1306 2312 2264 1905 1711 1688 1304 2311 2263 1904 2310 2262 1903 2311 2263 1904 1711 1688 1304 2233 2186 1826 2309 2261 1902 1710 1687 1303 2310 2262 1903 1710 1687 1303 1711 1688 1304 2310 2262 1903 2308 2260 1901 2162 2130 1755 2309 2261 1902 2162 2130 1755 1710 1687 1303 2309 2261 1902 1682 1659 1275 2278 2230 1871 1677 1654 1270 2278 2230 1871 1682 1659 1275 2279 2231 1872 2276 2228 1869 1677 1654 1270 2278 2230 1871 1677 1654 1270 2276 2228 1869 1678 1655 1271 2277 2229 1870 1678 1655 1271 2276 2228 1869 1678 1655 1271 2277 2229 1870 2220 2174 1813 1593 1570 1186 2275 2227 1868 1403 1380 996 2275 2227 1868 2274 2226 1867 1403 1380 996 1403 1380 996 2274 2226 1867 1401 1378 994 2274 2226 1867 2273 2225 1866 1401 1378 994 2272 2224 1865 1401 1378 994 2273 2225 1866 1401 1378 994 2272 2224 1865 1498 1475 1091 1498 1475 1091 2272 2224 1865 2271 2223 1864 2271 2223 1864 1516 1493 1109 1498 1475 1091 2270 2222 1863 1514 1491 1107 2271 2223 1864 1516 1493 1109 2271 2223 1864 1514 1491 1107 2270 2222 1863 1847 1819 1440 1514 1491 1107 1847 1819 1440 2270 2222 1863 2269 2221 1862 2268 2220 1861 1845 1817 1438 2269 2221 1862 1847 1819 1440 2269 2221 1862 1845 1817 1438 2268 2220 1861 1625 1602 1218 1845 1817 1438 1625 1602 1218 2268 2220 1861 2266 2218 1859 1625 1602 1218 2267 2219 1860 1627 1604 1220 2267 2219 1860 1625 1602 1218 2266 2218 1859 1627 1604 1220 2264 2216 1857 1338 1315 931 2264 2216 1857 1627 1604 1220 2267 2219 1860 1338 1315 931 2265 2217 1858 1336 1313 929 2265 2217 1858 1338 1315 931 2264 2216 1857 1336 1313 929 2262 2214 1855 2111 2079 1704 2262 2214 1855 1336 1313 929 2265 2217 1858 2111 2079 1704 2263 2215 1856 2109 2077 1702 2263 2215 1856 2111 2079 1704 2262 2214 1855 2109 2077 1702 2260 2212 1853 1621 1598 1214 2260 2212 1853 2109 2077 1702 2263 2215 1856 1621 1598 1214 2261 2213 1854 1619 1596 1212 2261 2213 1854 1621 1598 1214 2260 2212 1853 2261 2213 1854 2356 2308 1949 1619 1596 1212 2356 2308 1949 2261 2213 1854 2354 2306 1947 2105 2073 1698 2356 2308 1949 2354 2306 1947 2354 2306 1947 2259 2211 1852 2105 2073 1698 2105 2073 1698 2259 2211 1852 2101 2069 1694 2259 2211 1852 2258 2210 1851 2101 2069 1694 2101 2069 1694 2258 2210 1851 2103 2071 1696 2258 2210 1851 2257 2209 1850 2103 2071 1696 2257 2209 1850 1765 1742 1358 2103 2071 1696 1765 1742 1358 2257 2209 1850 2256 2208 1849 2256 2208 1849 1768 1745 1361 1765 1742 1358 1768 1745 1361 2256 2208 1849 2255 2207 1848 2255 2207 1848 2381 2332 1974 1768 1745 1361 2381 2332 1974 2255 2207 1848 2380 2331 1973 2380 2331 1973 2384 2335 1977 2381 2332 1974 2384 2335 1977 2380 2331 1973 2379 2330 1972 2379 2330 1972 2092 2060 1685 2384 2335 1977 2092 2060 1685 2379 2330 1972 2254 2206 1847 2253 2205 1846 2089 2057 1682 2254 2206 1847 2092 2060 1685 2254 2206 1847 2089 2057 1682 2089 2057 1682 2253 2205 1846 2087 2055 1680 2253 2205 1846 2252 2204 1845 2087 2055 1680 2095 2063 1688 2251 2203 1844 2096 2064 1689 2251 2203 1844 2095 2063 1688 2250 2202 1843 2249 2201 1842 1506 1483 1099 1505 1482 1098 1506 1483 1099 2249 2201 1842 2248 2200 1841 2247 2199 1840 2073 2041 1666 2246 2198 1839 2073 2041 1666 2247 2199 1840 2071 2039 1664 2245 2197 1838 2064 2032 1657 2244 2196 1837 2064 2032 1657 2245 2197 1838 2062 2030 1655 1731 1708 1324 2243 2195 1836 1729 1706 1322 2243 2195 1836 1731 1708 1324 2242 2194 1835 1692 1669 1285 2240 2193 1833 2241 1400 1834 2240 2193 1833 1692 1669 1285 1691 1668 1284 1828 1800 1421 1327 1304 920 1831 1803 1424 1327 1304 920 1463 1440 1056 1831 1803 1424 1460 1437 1053 1463 1440 1056 1327 1304 920 1463 1440 1056 1460 1437 1053 1464 1441 1057 1464 1441 1057 1460 1437 1053 2164 2132 1757 2164 2132 1757 1599 1576 1192 1464 1441 1057 2164 2132 1757 2307 2259 1900 1599 1576 1192 2307 2259 1900 2308 2260 1901 1599 1576 1192 2162 2130 1755 2308 2260 1901 2411 2362 2004 2307 2259 1900 2411 2362 2004 2308 2260 1901 2412 2363 2005 2162 2130 1755 2411 2362 2004 2162 2130 1755 2412 2363 2005 2161 2129 1754 2412 2363 2005 2295 2247 1888 2160 2128 1753 2412 2363 2005 2160 2128 1753 2161 2129 1754 2295 2247 1888 2159 2127 1752 1705 1682 1298 2295 2247 1888 1705 1682 1298 2160 2128 1753 1445 1422 1038 1705 1682 1298 2159 2127 1752 1705 1682 1298 1445 1422 1038 1441 1418 1034 1445 1422 1038 1443 1420 1036 1440 1417 1033 1445 1422 1038 1440 1417 1033 1441 1418 1034 2180 2144 1773 1440 1417 1033 1443 1420 1036 1440 1417 1033 2180 2144 1773 2181 2145 1774 1966 1935 1559 1962 1931 1555 1964 1933 1557 1962 1931 1555 1966 1935 1559 1961 1930 1554 2020 1989 1613 1961 1930 1554 1966 1935 1559 1961 1930 1554 2020 1989 1613 1849 1821 1442 2020 1989 1613 2019 1988 1612 1850 1822 1443 1850 1822 1443 1849 1821 1442 2020 1989 1613 2293 2245 1886 1850 1822 1443 2019 1988 1612 1850 1822 1443 2293 2245 1886 1745 1722 1338 2413 2364 2006 1745 1722 1338 2293 2245 1886 1745 1722 1338 2413 2364 2006 1681 1658 1274 2413 2364 2006 2414 2365 2007 1682 1659 1275 2413 2364 2006 1682 1659 1275 1681 1658 1274 2414 2365 2007 2281 2233 1874 2279 2231 1872 2414 2365 2007 2279 2231 1872 1682 1659 1275 1380 1357 973 2091 2059 1684 2281 2233 1874 2281 2233 1874 2091 2059 1684 2279 2231 1872 1382 1359 975 2091 2059 1684 1380 1357 973 2091 2059 1684 1382 1359 975 2090 2058 1683 1382 1359 975 1828 1800 1421 2090 2058 1683 1828 1800 1421 1831 1803 1424 2090 2058 1683 2415 2366 2008 2416 2367 2009 2417 2368 2010 2416 2367 2009 2415 2366 2008 2418 2369 2011 2415 2366 2008 2417 2368 2010 2419 2370 2012 2419 2370 2012 2417 2368 2010 2420 2371 2013 2420 2371 2013 2421 2372 2014 2419 2370 2012 2421 2372 2014 2420 2371 2013 2422 2373 2015 2421 2372 2014 2423 2374 2016 2424 2375 2017 2423 2374 2016 2421 2372 2014 2422 2373 2015 2424 2375 2017 2425 2376 2018 2426 2377 2019 2425 2376 2018 2424 2375 2017 2423 2374 2016 2426 2377 2019 2427 2378 2020 2428 2379 2021 2427 2378 2020 2426 2377 2019 2425 2376 2018 2428 2379 2021 2429 2380 2022 2430 2381 2023 2429 2380 2022 2428 2379 2021 2427 2378 2020 2430 2381 2023 2431 2382 2024 2432 2383 2025 2431 2382 2024 2430 2381 2023 2429 2380 2022 2431 2382 2024 2433 2384 2026 2432 2383 2025 2433 2384 2026 2431 2382 2024 2434 2385 2027 2433 2384 2026 2434 2385 2027 2435 2386 2028 2435 2386 2028 2434 2385 2027 2436 2387 2029 2436 2387 2029 2437 2388 2030 2435 2386 2028 2437 2388 2030 2436 2387 2029 2438 2389 2031 2438 2389 2031 2439 2390 2032 2437 2388 2030 2439 2390 2032 2438 2389 2031 2440 2391 2033 2439 2390 2032 2441 2392 2034 2442 2393 2035 2441 2392 2034 2439 2390 2032 2440 2391 2033 2442 2393 2035 2443 2394 2036 2444 2395 2037 2443 2394 2036 2442 2393 2035 2441 2392 2034 2445 2396 2038 2446 2397 2039 2447 2398 2040 2446 2397 2039 2445 2396 2038 2448 2399 2041 2449 2400 2042 2447 2398 2040 2450 2401 2043 2447 2398 2040 2449 2400 2042 2445 2396 2038 2449 2400 2042 2451 2402 2044 2452 2403 2045 2451 2402 2044 2449 2400 2042 2450 2401 2043 2452 2403 2045 2453 2404 2046 2454 2405 2047 2453 2404 2046 2452 2403 2045 2451 2402 2044 2454 2405 2047 2455 2406 2048 2456 2407 2049 2455 2406 2048 2454 2405 2047 2453 2404 2046 2456 2407 2049 2416 2367 2009 2418 2369 2011 2416 2367 2009 2456 2407 2049 2455 2406 2048 2339 2291 1932 1649 1626 1242 2336 2288 1929 1646 1623 1239 2336 2288 1929 1649 1626 1242 1646 1623 1239 1537 1514 1130 1532 1509 1125 1537 1514 1130 1646 1623 1239 1649 1626 1242 1537 1514 1130 1536 1513 1129 1535 1512 1128 1535 1512 1128 1532 1509 1125 1537 1514 1130 1870 1842 1463 1536 1513 1129 1871 1843 1464 1536 1513 1129 1870 1842 1463 1535 1512 1128 2037 2006 1630 1871 1843 1464 2039 2008 1632 1871 1843 1464 2037 2006 1630 1870 1842 1463 2039 2008 1632 1673 1650 1266 2037 2006 1630 1673 1650 1266 2039 2008 1632 2041 2010 1634 2041 2010 1634 1676 1653 1269 1673 1650 1266 1676 1653 1269 2041 2010 1634 2099 2067 1692 2099 2067 1692 2251 2203 1844 1676 1653 1269 2251 2203 1844 2099 2067 1692 2249 2201 1842 2096 2064 1689 2249 2201 1842 1505 1482 1098 2249 2201 1842 2096 2064 1689 2251 2203 1844 2094 2062 1687 1505 1482 1098 1504 1481 1097 1505 1482 1098 2094 2062 1687 2096 2064 1689 2085 2053 1678 1504 1481 1097 2081 2049 1674 1504 1481 1097 2085 2053 1678 2094 2062 1687 2084 2052 1677 2085 2053 1678 2078 2046 1671 2081 2049 1674 2078 2046 1671 2085 2053 1678 2078 2046 1671 1894 1863 1487 2084 2052 1677 1894 1863 1487 1902 1871 1495 2084 2052 1677 1902 1871 1495 1893 1862 1486 1903 1872 1496 1893 1862 1486 1902 1871 1495 1894 1863 1487 1384 1361 977 2209 2169 1802 2210 2170 1803 1384 1361 977 2210 2170 1803 1376 1353 969 1385 1362 978 1376 1353 969 1375 1352 968 1376 1353 969 1385 1362 978 1384 1361 977 1565 1542 1158 1375 1352 968 1563 1540 1156 1375 1352 968 1565 1542 1158 1385 1362 978 1652 1629 1245 1565 1542 1158 1563 1540 1156 1565 1542 1158 1652 1629 1245 1657 1634 1250 1658 1635 1251 1657 1634 1250 1654 1631 1247 1652 1629 1245 1654 1631 1247 1657 1634 1250 1654 1631 1247 2339 2291 1932 1658 1635 1251 1658 1635 1251 2339 2291 1932 2336 2288 1929 2420 2371 2013 2417 2368 2010 1647 1624 1240 2420 2371 2013 1647 1624 1240 1534 1511 1127 2422 2373 2015 2420 2371 2013 1534 1511 1127 2422 2373 2015 1534 1511 1127 1533 1510 1126 2422 2373 2015 1533 1510 1126 2423 2374 2016 2423 2374 2016 1533 1510 1126 1869 1841 1462 2423 2374 2016 2038 2007 1631 2425 2376 2018 2038 2007 1631 2423 2374 2016 1869 1841 1462 2425 2376 2018 1675 1652 1268 2427 2378 2020 1675 1652 1268 2425 2376 2018 2038 2007 1631 2427 2378 2020 1674 1651 1267 2429 2380 2022 1674 1651 1267 2427 2378 2020 1675 1652 1268 1674 1651 1267 2431 2382 2024 2429 2380 2022 2431 2382 2024 1674 1651 1267 2250 2202 1843 2250 2202 1843 2434 2385 2027 2431 2382 2024 2434 2385 2027 2250 2202 1843 2095 2063 1688 2095 2063 1688 2436 2387 2029 2434 2385 2027 2436 2387 2029 2095 2063 1688 2097 2065 1690 2438 2389 2031 2097 2065 1690 2083 2051 1676 2097 2065 1690 2438 2389 2031 2436 2387 2029 2440 2391 2033 2083 2051 1676 2082 2050 1675 2083 2051 1676 2440 2391 2033 2438 2389 2031 2441 2392 2034 2440 2391 2033 2082 2050 1675 2441 2392 2034 2082 2050 1675 1904 1873 1497 2443 2394 2036 2441 2392 2034 1904 1873 1497 2443 2394 2036 1904 1873 1497 1901 1870 1494 2446 2397 2039 1386 1363 979 2447 2398 2040 1386 1363 979 2446 2397 2039 2208 1870 1801 2447 2398 2040 1383 1360 976 2450 2401 2043 1383 1360 976 2447 2398 2040 1386 1363 979 2450 2401 2043 1564 1541 1157 2451 2402 2044 1564 1541 1157 2450 2401 2043 1383 1360 976 2451 2402 2044 1659 1636 1252 2453 2404 2046 1659 1636 1252 2451 2402 2044 1564 1541 1157 2453 2404 2046 1656 1633 1249 2455 2406 2048 1656 1633 1249 2453 2404 2046 1659 1636 1252 2455 2406 2048 2337 2289 1930 2416 2367 2009 2337 2289 1930 2455 2406 2048 1656 1633 1249 2416 2367 2009 1647 1624 1240 2417 2368 2010 1647 1624 1240 2416 2367 2009 2337 2289 1930 1530 1507 1123 2415 2366 2008 2419 2370 2012 2415 2366 2008 1530 1507 1123 1645 1622 1238 1530 1507 1123 2421 2372 2014 1531 1508 1124 2421 2372 2014 1530 1507 1123 2419 2370 2012 1531 1508 1124 2424 2375 2017 1866 1838 1459 2424 2375 2017 1531 1508 1124 2421 2372 2014 1866 1838 1459 2426 2377 2019 2032 2001 1625 2426 2377 2019 1866 1838 1459 2424 2375 2017 2032 2001 1625 2428 2379 2021 1585 1562 1178 2428 2379 2021 2032 2001 1625 2426 2377 2019 1585 1562 1178 2430 2381 2023 1583 1560 1176 2430 2381 2023 1585 1562 1178 2428 2379 2021 1583 1560 1176 2432 2383 2025 2252 2204 1845 2432 2383 2025 1583 1560 1176 2430 2381 2023 2432 2383 2025 2087 2055 1680 2252 2204 1845 2087 2055 1680 2432 2383 2025 2433 2384 2026 2087 2055 1680 2433 2384 2026 2088 2056 1681 2088 2056 1681 2433 2384 2026 2435 2386 2028 2435 2386 2028 2152 2120 1745 2088 2056 1681 2152 2120 1745 2435 2386 2028 2437 2388 2030 2152 2120 1745 2439 2390 2032 2153 2121 1746 2439 2390 2032 2152 2120 1745 2437 2388 2030 2153 2121 1746 2442 2393 2035 1908 1877 1501 2442 2393 2035 2153 2121 1746 2439 2390 2032 1908 1877 1501 2444 2395 2037 1906 1875 1499 2444 2395 2037 1908 1877 1501 2442 2393 2035 2156 2124 1749 2448 2399 2041 2445 2396 2038 2448 2399 2041 2156 2124 1749 2207 2168 1800 2445 2396 2038 1809 1782 1402 2156 2124 1749 1809 1782 1402 2445 2396 2038 2449 2400 2042 2449 2400 2042 1808 1781 1401 1809 1782 1402 1808 1781 1401 2449 2400 2042 2452 2403 2045 1808 1781 1401 2454 2405 2047 1568 1545 1161 2454 2405 2047 1808 1781 1401 2452 2403 2045 1568 1545 1161 2456 2407 2049 1571 1548 1164 2456 2407 2049 1568 1545 1161 2454 2405 2047 1571 1548 1164 2456 2407 2049 2335 2287 1928 2335 2287 1928 2456 2407 2049 2418 2369 2011 2335 2287 1928 2418 2369 2011 1645 1622 1238 1645 1622 1238 2418 2369 2011 2415 2366 2008 2457 2408 2050 2458 2409 2051 2459 2410 2052 2458 2409 2051 2457 2408 2050 2460 2411 2053 2461 2412 2054 2459 2410 2052 2462 2413 2055 2459 2410 2052 2461 2412 2054 2457 2408 2050 2461 2412 2054 2462 2413 2055 2463 2414 2056 2463 2414 2056 2462 2413 2055 2464 2415 2057 2463 2414 2056 2465 2416 2058 2466 2417 2059 2465 2416 2058 2463 2414 2056 2464 2415 2057 2466 2417 2059 2467 2418 2060 2468 2419 2061 2467 2418 2060 2466 2417 2059 2465 2416 2058 2468 2419 2061 2467 2418 2060 2469 2420 2062 2468 2419 2061 2469 2420 2062 2470 2421 2063 2470 2421 2063 2469 2420 2062 2471 2422 2064 2470 2421 2063 2471 2422 2064 2472 2423 2065 2472 2423 2065 2473 2424 2066 2474 2425 2067 2473 2424 2066 2472 2423 2065 2471 2422 2064 2475 2426 2068 2474 2425 2067 2473 2424 2066 2473 2424 2066 2476 2427 2069 2475 2426 2068 2476 2427 2069 2477 2428 2070 2475 2426 2068 2477 2428 2070 2476 2427 2069 2478 2429 2071 2478 2429 2071 2479 2430 2072 2477 2428 2070 2479 2430 2072 2478 2429 2071 2480 2431 2073 2479 2430 2072 2481 2432 2074 2482 2433 2075 2481 2432 2074 2479 2430 2072 2480 2431 2073 2482 2433 2075 2483 2434 2076 2484 2435 2077 2483 2434 2076 2482 2433 2075 2481 2432 2074 2485 2436 2078 2486 2437 2079 2487 2438 2080 2485 2436 2078 2487 2438 2080 2488 2439 2081 2485 2436 2078 2488 2439 2081 2489 2440 2082 2488 2439 2081 2490 2441 2083 2489 2440 2082 2489 2440 2082 2491 2442 2084 2492 2443 2085 2491 2442 2084 2489 2440 2082 2490 2441 2083 2492 2443 2085 2493 2444 2086 2494 2445 2087 2493 2444 2086 2492 2443 2085 2491 2442 2084 2494 2445 2087 2495 2446 2088 2496 2447 2089 2495 2446 2088 2494 2445 2087 2493 2444 2086 2497 2448 2090 2495 2446 2088 2498 2449 2091 2495 2446 2088 2497 2448 2090 2496 2447 2089 2460 2411 2053 2498 2449 2091 2458 2409 2051 2498 2449 2091 2460 2411 2053 2497 2448 2090 2462 2413 2055 1541 1518 1134 1540 1517 1133 2462 2413 2055 2459 2410 2052 1541 1518 1134 2462 2413 2055 1540 1517 1133 2464 2415 2057 2464 2415 2057 1540 1517 1133 1874 1846 1467 2464 2415 2057 2044 2013 1637 2465 2416 2058 2044 2013 1637 2464 2415 2057 1874 1846 1467 2465 2416 2058 1668 1645 1261 2467 2418 2060 1668 1645 1261 2465 2416 2058 2044 2013 1637 2467 2418 2060 1668 1645 1261 1667 1644 1260 2467 2418 2060 1667 1644 1260 2469 2420 2062 2469 2420 2062 1667 1644 1260 2246 2198 1839 2469 2420 2062 2246 2198 1839 2471 2422 2064 2473 2424 2066 2471 2422 2064 2246 2198 1839 2246 2198 1839 2073 2041 1666 2473 2424 2066 2476 2427 2069 2473 2424 2066 2073 2041 1666 2073 2041 1666 2070 2038 1663 2476 2427 2069 2478 2429 2071 2070 2038 1663 2074 2042 1667 2070 2038 1663 2478 2429 2071 2476 2427 2069 2480 2431 2073 2074 2042 1667 2076 2044 1669 2074 2042 1667 2480 2431 2073 2478 2429 2071 2480 2431 2073 1892 1861 1485 2481 2432 2074 1892 1861 1485 2480 2431 2073 2076 2044 1669 2481 2432 2074 1889 1858 1482 2483 2434 2076 1889 1858 1482 2481 2432 2074 1892 1861 1485 2488 2439 2081 2487 2438 2080 2212 1858 1805 2488 2439 2081 2212 1858 1805 1371 1348 964 2490 2441 2083 2488 2439 2081 1371 1348 964 2490 2441 2083 1371 1348 964 1373 1350 966 2490 2441 2083 1560 1537 1153 2491 2442 2084 1560 1537 1153 2490 2441 2083 1373 1350 966 2491 2442 2084 1556 1533 1149 2493 2444 2086 1556 1533 1149 2491 2442 2084 1560 1537 1153 2493 2444 2086 1558 1535 1151 2495 2446 2088 1558 1535 1151 2493 2444 2086 1556 1533 1149 2498 2449 2091 1558 1535 1151 2341 2293 1934 1558 1535 1151 2498 2449 2091 2495 2446 2088 2458 2409 2051 2341 2293 1934 1651 1628 1244 2341 2293 1934 2458 2409 2051 2498 2449 2091 2459 2410 2052 1651 1628 1244 1541 1518 1134 1651 1628 1244 2459 2410 2052 2458 2409 2051 1538 1515 1131 2460 2411 2053 2457 2408 2050 1538 1515 1131 1648 1625 1241 2460 2411 2053 1539 1516 1132 2457 2408 2050 2461 2412 2054 2457 2408 2050 1539 1516 1132 1538 1515 1131 1539 1516 1132 2461 2412 2054 1872 1844 1465 1872 1844 1465 2461 2412 2054 2463 2414 2056 1872 1844 1465 2466 2417 2059 2042 2011 1635 2466 2417 2059 1872 1844 1465 2463 2414 2056 2042 2011 1635 2468 2419 2061 2040 2009 1633 2468 2419 2061 2042 2011 1635 2466 2417 2059 2040 2009 1633 2470 2421 2063 2098 2066 1691 2040 2009 1633 2468 2419 2061 2470 2421 2063 2098 2066 1691 2470 2421 2063 2472 2423 2065 2098 2066 1691 2472 2423 2065 2248 2200 1841 2248 2200 1841 2474 2425 2067 1506 1483 1099 2474 2425 2067 2248 2200 1841 2472 2423 2065 1507 1484 1100 1506 1483 1099 2474 2425 2067 2474 2425 2067 2475 2426 2068 1507 1484 1100 2475 2426 2068 2079 2047 1672 1507 1484 1100 2079 2047 1672 2475 2426 2068 2477 2428 2070 2477 2428 2070 2080 2048 1673 2079 2047 1672 2080 2048 1673 2477 2428 2070 2479 2430 2072 2080 2048 1673 2482 2433 2075 1895 1864 1488 2482 2433 2075 2080 2048 1673 2479 2430 2072 1895 1864 1488 2484 2435 2077 1896 1865 1489 2484 2435 2077 1895 1864 1488 2482 2433 2075 1377 1354 970 2211 2171 1804 2486 2437 2079 1377 1354 970 2486 2437 2079 2485 2436 2078 1377 1354 970 2485 2436 2078 1378 1355 971 2485 2436 2078 2489 2440 2082 1378 1355 971 1378 1355 971 2492 2443 2085 1562 1539 1155 2492 2443 2085 1378 1355 971 2489 2440 2082 1562 1539 1155 2494 2445 2087 1655 1632 1248 2494 2445 2087 1562 1539 1155 2492 2443 2085 1655 1632 1248 2496 2447 2089 1653 1630 1246 2496 2447 2089 1655 1632 1248 2494 2445 2087 2338 2290 1931 2496 2447 2089 2497 2448 2090 2496 2447 2089 2338 2290 1931 1653 1630 1246 1648 1625 1241 2497 2448 2090 2460 2411 2053 2497 2448 2090 1648 1625 1241 2338 2290 1931 1542 1519 1135 1543 1520 1136 1547 1524 1140 1543 1520 1136 1545 1522 1138 1547 1524 1140 1875 1847 1468 1542 1519 1135 1547 1524 1140 1542 1519 1135 1875 1847 1468 1873 1845 1466 1875 1847 1468 2047 2016 1640 2043 2012 1636 1875 1847 1468 2043 2012 1636 1873 1845 1466 2047 2016 1640 1669 1646 1262 2043 2012 1636 1669 1646 1262 2047 2016 1640 2046 2015 1639 1670 1647 1263 1669 1646 1262 2046 2015 1639 1670 1647 1263 2046 2015 1639 2051 2020 1644 2247 2199 1840 1670 1647 1263 2051 2020 1644 2247 2199 1840 2051 2020 1644 2244 2196 1837 2244 2196 1837 2071 2039 1664 2247 2199 1840 2071 2039 1664 2244 2196 1837 2064 2032 1657 2072 2040 1665 2064 2032 1657 2063 2031 1656 2064 2032 1657 2072 2040 1665 2071 2039 1664 2068 2036 1661 2072 2040 1665 2063 2031 1656 2072 2040 1665 2068 2036 1661 2077 2045 1670 2077 2045 1670 2067 2035 1660 2075 2043 1668 2067 2035 1660 2077 2045 1670 2068 2036 1661 2067 2035 1660 2059 2027 1652 2075 2043 1668 2075 2043 1668 2059 2027 1652 1890 1859 1483 1891 1860 1484 2059 2027 1652 2058 2026 1651 2059 2027 1652 1891 1860 1484 1890 1859 1483 2213 1860 1806 1367 1344 960 1374 1351 967 1367 1344 960 2213 1860 1806 2214 2172 1807 1374 1351 967 1369 1346 962 1372 1349 965 1369 1346 962 1374 1351 967 1367 1344 960 1561 1538 1154 1372 1349 965 1787 1764 1380 1787 1764 1380 1372 1349 965 1369 1346 962 1559 1536 1152 1561 1538 1154 1552 1529 1145 1787 1764 1380 1552 1529 1145 1561 1538 1154 1559 1536 1152 1554 1531 1147 1557 1534 1150 1554 1531 1147 1559 1536 1152 1552 1529 1145 1557 1534 1150 2342 2294 1935 2340 2292 1933 2342 2294 1935 1557 1534 1150 1554 1531 1147 2340 2292 1933 1550 1527 1143 1650 1627 1243 1550 1527 1143 2340 2292 1933 2342 2294 1935 1650 1627 1243 1545 1522 1138 1543 1520 1136 1545 1522 1138 1650 1627 1243 1550 1527 1143 2499 2450 2092 2500 2451 2093 2501 2452 2094 2500 2451 2093 2499 2450 2092 2502 2453 2095 2503 2454 2096 2501 2452 2094 2504 2455 2097 2503 2454 2096 2499 2450 2092 2501 2452 2094 2503 2454 2096 2504 2455 2097 2505 2456 2098 2505 2456 2098 2504 2455 2097 2506 2457 2099 2505 2456 2098 2507 2458 2100 2508 2459 2101 2507 2458 2100 2505 2456 2098 2506 2457 2099 2508 2459 2101 2509 2460 2102 2510 2461 2103 2509 2460 2102 2508 2459 2101 2507 2458 2100 2510 2461 2103 2511 2462 2104 2512 2463 2105 2511 2462 2104 2510 2461 2103 2509 2460 2102 2512 2463 2105 2513 2464 2106 2514 2465 2107 2513 2464 2106 2512 2463 2105 2511 2462 2104 2514 2465 2107 2513 2464 2106 2515 2466 2108 2514 2465 2107 2515 2466 2108 2516 2467 2109 2515 2466 2108 2517 2468 2110 2516 2467 2109 2517 2468 2110 2515 2466 2108 2518 2469 2111 2518 2469 2111 2519 2470 2112 2517 2468 2110 2519 2470 2112 2518 2469 2111 2520 2471 2113 2520 2471 2113 2521 2472 2114 2519 2470 2112 2521 2472 2114 2520 2471 2113 2522 2473 2115 2521 2472 2114 2523 2474 2116 2524 2475 2117 2523 2474 2116 2521 2472 2114 2522 2473 2115 2524 2475 2117 2523 2474 2116 2525 2476 2118 2525 2476 2118 2523 2474 2116 2526 2477 2119 2527 2476 2120 2528 2478 2121 2529 2479 2122 2528 2478 2121 2527 2476 2120 2530 2480 2123 2531 2481 2124 2528 2478 2121 2532 2482 2125 2528 2478 2121 2531 2481 2124 2529 2479 2122 2531 2481 2124 2533 2483 2126 2534 2484 2127 2533 2483 2126 2531 2481 2124 2532 2482 2125 2534 2484 2127 2535 2485 2128 2536 2486 2129 2535 2485 2128 2534 2484 2127 2533 2483 2126 2536 2486 2129 2537 2487 2130 2538 2488 2131 2537 2487 2130 2536 2486 2129 2535 2485 2128 2539 2489 2132 2537 2487 2130 2540 2490 2133 2537 2487 2130 2539 2489 2132 2538 2488 2131 2502 2453 2095 2540 2490 2133 2500 2451 2093 2540 2490 2133 2502 2453 2095 2539 2489 2132 2541 2491 2134 2501 2452 2094 2542 2492 2135 2501 2452 2094 2541 2491 2134 2504 2455 2097 2506 2457 2099 2504 2455 2097 2541 2491 2134 2506 2457 2099 2541 2491 2134 2543 2493 2136 2506 2457 2099 2544 2494 2137 2507 2458 2100 2544 2494 2137 2506 2457 2099 2543 2493 2136 2544 2494 2137 2509 2460 2102 2507 2458 2100 2509 2460 2102 2544 2494 2137 2545 2495 2138 2509 2460 2102 2546 2496 2139 2511 2462 2104 2546 2496 2139 2509 2460 2102 2545 2495 2138 2511 2462 2104 2547 2497 2140 2513 2464 2106 2547 2497 2140 2511 2462 2104 2546 2496 2139 2513 2464 2106 2547 2497 2140 2548 2498 2141 2513 2464 2106 2548 2498 2141 2515 2466 2108 2515 2466 2108 2548 2498 2141 2549 2499 2142 2515 2466 2108 2549 2499 2142 2518 2469 2111 2518 2469 2111 2549 2499 2142 2550 2500 2143 2518 2469 2111 2550 2500 2143 2520 2471 2113 2520 2471 2113 2551 2501 2144 2522 2473 2115 2551 2501 2144 2520 2471 2113 2550 2500 2143 2551 2501 2144 2523 2474 2116 2522 2473 2115 2523 2474 2116 2551 2501 2144 2552 2502 2145 2523 2474 2116 2552 2502 2145 2526 2477 2119 2526 2477 2119 2552 2502 2145 2553 2503 2146 2530 2480 2123 2554 2504 2147 2528 2478 2121 2554 2504 2147 2530 2480 2123 2555 2503 2148 2528 2478 2121 2556 2505 2149 2532 2482 2125 2556 2505 2149 2528 2478 2121 2554 2504 2147 2556 2505 2149 2533 2483 2126 2532 2482 2125 2533 2483 2126 2556 2505 2149 2557 2506 2150 2533 2483 2126 2557 2506 2150 2535 2485 2128 2558 2507 2151 2535 2485 2128 2557 2506 2150 2537 2487 2130 2558 2507 2151 2559 2508 2152 2558 2507 2151 2537 2487 2130 2535 2485 2128 2540 2490 2133 2559 2508 2152 2560 2509 2153 2559 2508 2152 2540 2490 2133 2537 2487 2130 2500 2451 2093 2560 2509 2153 2561 2510 2154 2560 2509 2153 2500 2451 2093 2540 2490 2133 2501 2452 2094 2561 2510 2154 2542 2492 2135 2561 2510 2154 2501 2452 2094 2500 2451 2093 1544 1521 1137 2499 2450 2092 2503 2454 2096 2499 2450 2092 1544 1521 1137 1546 1523 1139 1544 1521 1137 2503 2454 2096 1876 1848 1469 1876 1848 1469 2503 2454 2096 2505 2456 2098 1876 1848 1469 2508 2459 2101 2045 2014 1638 2508 2459 2101 1876 1848 1469 2505 2456 2098 2045 2014 1638 2510 2461 2103 2048 2017 1641 2510 2461 2103 2045 2014 1638 2508 2459 2101 2048 2017 1641 2512 2463 2105 2052 2021 1645 2512 2463 2105 2048 2017 1641 2510 2461 2103 2052 2021 1645 2514 2465 2107 2245 2197 1838 2514 2465 2107 2052 2021 1645 2512 2463 2105 2514 2465 2107 2062 2030 1655 2245 2197 1838 2062 2030 1655 2514 2465 2107 2516 2467 2109 2516 2467 2109 2065 2033 1658 2062 2030 1655 2065 2033 1658 2516 2467 2109 2517 2468 2110 2517 2468 2110 2066 2034 1659 2065 2033 1658 2066 2034 1659 2517 2468 2110 2519 2470 2112 2519 2470 2112 2069 2037 1662 2066 2034 1659 2069 2037 1662 2519 2470 2112 2521 2472 2114 2069 2037 1662 2524 2475 2117 2061 2029 1654 2524 2475 2117 2069 2037 1662 2521 2472 2114 2061 2029 1654 2525 2476 2118 2060 2028 1653 2525 2476 2118 2061 2029 1654 2524 2475 2117 2215 2028 1808 2529 2479 2122 1370 1347 963 2529 2479 2122 2215 2028 1808 2527 2476 2120 1368 1345 961 2529 2479 2122 2531 2481 2124 2529 2479 2122 1368 1345 961 1370 1347 963 1368 1345 961 2534 2484 2127 1786 1763 1379 2534 2484 2127 1368 1345 961 2531 2481 2124 1786 1763 1379 2536 2486 2129 1555 1532 1148 2536 2486 2129 1786 1763 1379 2534 2484 2127 1555 1532 1148 2538 2488 2131 1553 1530 1146 2538 2488 2131 1555 1532 1148 2536 2486 2129 1553 1530 1146 2539 2489 2132 2343 2295 1936 2539 2489 2132 1553 1530 1146 2538 2488 2131 1551 1528 1144 2539 2489 2132 2502 2453 2095 2539 2489 2132 1551 1528 1144 2343 2295 1936 1546 1523 1139 2502 2453 2095 2499 2450 2092 2502 2453 2095 1546 1523 1139 1551 1528 1144 2561 2510 2154 1365 1342 958 2542 2492 2135 1365 1342 958 2561 2510 2154 1363 1340 956 2560 2509 2153 1363 1340 956 2561 2510 2154 1363 1340 956 2560 2509 2153 2344 2296 1937 1799 1774 1392 2344 2296 1937 2559 2508 2152 2559 2508 2152 2344 2296 1937 2560 2509 2153 1799 1774 1392 2558 2507 2151 1797 1772 1390 2558 2507 2151 1799 1774 1392 2559 2508 2152 1797 1772 1390 2557 2506 2150 1784 1761 1377 2557 2506 2150 1797 1772 1390 2558 2507 2151 2556 2505 2149 1784 1761 1377 2557 2506 2150 1784 1761 1377 2556 2505 2149 1782 1759 1375 1782 1759 1375 2554 2504 2147 1805 1779 1398 2554 2504 2147 1782 1759 1375 2556 2505 2149 2555 2503 2148 1805 1779 1398 2554 2504 2147 1805 1779 1398 2555 2503 2148 2216 1701 1809 2553 2503 2146 2552 2502 2145 1727 1704 1320 2553 2503 2146 1727 1704 1320 1724 1701 1317 2551 2501 2144 1727 1704 1320 2552 2502 2145 1727 1704 1320 2551 2501 2144 1937 1906 1530 2551 2501 2144 1940 1909 1533 1937 1906 1530 1940 1909 1533 2551 2501 2144 2550 2500 2143 1728 1705 1321 1940 1909 1533 2550 2500 2143 1728 1705 1321 2550 2500 2143 2549 2499 2142 2549 2499 2142 1731 1708 1324 1728 1705 1321 1731 1708 1324 2549 2499 2142 2548 2498 2141 2548 2498 2141 2242 2194 1835 1731 1708 1324 2548 2498 2141 2547 2497 2140 2242 2194 1835 2547 2497 2140 1886 1855 1479 2242 2194 1835 2547 2497 2140 2546 2496 2139 1886 1855 1479 2546 2496 2139 2545 2495 2138 1887 1856 1480 2546 2496 2139 1887 1856 1480 1886 1855 1479 2050 2019 1643 2545 2495 2138 2544 2494 2137 2545 2495 2138 2050 2019 1643 1887 1856 1480 1877 1849 1470 2544 2494 2137 2543 2493 2136 2544 2494 2137 1877 1849 1470 2050 2019 1643 2543 2493 2136 1549 1526 1142 1877 1849 1470 1549 1526 1142 2543 2493 2136 2541 2491 2134 2541 2491 2134 2542 2492 2135 1549 1526 1142 1549 1526 1142 2542 2492 2135 1365 1342 958 2562 2511 2155 1366 1343 959 2563 2512 2156 1366 1343 959 2562 2511 2155 1364 1341 957 2563 2512 2156 2345 2297 1938 2564 2513 2157 2345 2297 1938 2563 2512 2156 1366 1343 959 2564 2513 2157 1796 1771 1389 2565 2514 2158 1796 1771 1389 2564 2513 2157 2345 2297 1938 2565 2514 2158 1798 1773 1391 2566 2515 2159 1798 1773 1391 2565 2514 2158 1796 1771 1389 2566 2515 2159 1783 1760 1376 2567 2516 2160 1783 1760 1376 2566 2515 2159 1798 1773 1391 2567 2516 2160 1785 1762 1378 2568 2517 2161 1785 1762 1378 2567 2516 2160 1783 1760 1376 1785 1762 1378 2569 2518 2162 2568 2517 2161 2569 2518 2162 1785 1762 1378 1806 1780 1399 1806 1780 1399 2570 2519 2163 2569 2518 2162 2570 2519 2163 1806 1780 1399 2217 1703 1810 1726 1703 1319 1725 1702 1318 2571 2520 2164 1725 1702 1318 2572 2521 2165 2571 2520 2164 1725 1702 1318 1939 1908 1532 2572 2521 2165 1939 1908 1532 2573 2522 2166 2572 2521 2165 1938 1907 1531 2574 2523 2167 1939 1908 1532 2574 2523 2167 2573 2522 2166 1939 1908 1532 1730 1707 1323 2575 2524 2168 1938 1907 1531 2575 2524 2168 2574 2523 2167 1938 1907 1531 2576 2525 2169 1730 1707 1323 1729 1706 1322 1730 1707 1323 2576 2525 2169 2575 2524 2168 2577 2526 2170 1729 1706 1322 2243 2195 1836 1729 1706 1322 2577 2526 2170 2576 2525 2169 2577 2526 2170 2243 2195 1836 2578 2527 2171 1888 1857 1481 2578 2527 2171 2243 2195 1836 2578 2527 2171 1888 1857 1481 2579 2528 2172 1885 1854 1478 2579 2528 2172 1888 1857 1481 2579 2528 2172 1885 1854 1478 2580 2529 2173 2049 2018 1642 2580 2529 2173 1885 1854 1478 2580 2529 2173 2049 2018 1642 2581 2530 2174 2581 2530 2174 2049 2018 1642 1878 1850 1471 2581 2530 2174 1548 1525 1141 2582 2531 2175 1548 1525 1141 2581 2530 2174 1878 1850 1471 2582 2531 2175 1364 1341 957 2562 2511 2155 1364 1341 957 2582 2531 2175 1548 1525 1141 2562 2511 2155 1362 1339 955 1358 1335 951 1362 1339 955 2562 2511 2155 2563 2512 2156 2563 2512 2156 2347 2299 1940 1362 1339 955 2347 2299 1940 2563 2512 2156 2564 2513 2157 2347 2299 1940 2565 2514 2158 1794 1769 1387 2565 2514 2158 2347 2299 1940 2564 2513 2157 1794 1769 1387 2566 2515 2159 1795 1770 1388 2566 2515 2159 1794 1769 1387 2565 2514 2158 1795 1770 1388 2567 2516 2160 1789 1765 1382 2567 2516 2160 1795 1770 1388 2566 2515 2159 1789 1765 1382 2568 2517 2161 1791 1767 1384 2568 2517 2161 1789 1765 1382 2567 2516 2160 1804 1778 1397 1791 1767 1384 2569 2518 2162 2569 2518 2162 1791 1767 1384 2568 2517 2161 2569 2518 2162 2570 2519 2163 1804 1778 1397 2570 2519 2163 2219 2173 1812 1804 1778 1397 2571 2520 2164 1943 1912 1536 1944 1913 1537 1943 1912 1536 2571 2520 2164 2572 2521 2165 2572 2521 2165 2057 2025 1650 1943 1912 1536 2057 2025 1650 2572 2521 2165 2573 2522 2166 2057 2025 1650 2573 2522 2166 2055 2023 1648 2574 2523 2167 2055 2023 1648 2573 2522 2166 2055 2023 1648 2574 2523 2167 1693 1670 1286 2575 2524 2168 1693 1670 1286 2574 2523 2167 1691 1668 1284 2575 2524 2168 2576 2525 2169 2575 2524 2168 1691 1668 1284 1693 1670 1286 2240 2193 1833 2576 2525 2169 2577 2526 2170 2576 2525 2169 2240 2193 1833 1691 1668 1284 2240 2193 1833 2577 2526 2170 1883 1853 1476 2578 2527 2171 1883 1853 1476 2577 2526 2170 1883 1853 1476 2578 2527 2171 1609 1586 1202 2579 2528 2172 1609 1586 1202 2578 2527 2171 1609 1586 1202 2579 2528 2172 1610 1587 1203 2580 2529 2173 1610 1587 1203 2579 2528 2172 2581 2530 2174 1610 1587 1203 2580 2529 2173 1610 1587 1203 2581 2530 2174 1880 1852 1473 2581 2530 2174 2582 2531 2175 1360 1337 953 2581 2530 2174 1360 1337 953 1880 1852 1473 2582 2531 2175 1358 1335 951 1360 1337 953 1358 1335 951 2582 2531 2175 2562 2511 2155 1714 1691 1307 2231 2184 1824 1712 1689 1305 2231 2184 1824 1714 1691 1307 2233 2186 1826 2231 2184 1824 1777 1754 1370 1712 1689 1305 1777 1754 1370 2231 2184 1824 2232 2185 1825 1702 1679 1295 1777 1754 1370 2232 2185 1825 1702 1679 1295 2232 2185 1825 2230 2183 1823 2229 2182 1822 1434 1411 1027 2230 2183 1823 1434 1411 1027 1702 1679 1295 2230 2183 1823 2229 2182 1822 2228 2181 1821 1435 1412 1028 1435 1412 1028 1434 1411 1027 2229 2182 1822 2228 2181 1821 2227 2180 1820 2184 2148 1777 2184 2148 1777 1435 1412 1028 2228 2181 1821 2225 2179 1818 1956 1925 1549 2226 2180 1819 1956 1925 1549 2225 2179 1818 1955 1924 1548 2223 2177 1816 1955 1924 1548 2225 2179 1818 1955 1924 1548 2223 2177 1816 1640 1617 1233 1640 1617 1233 2224 2178 1817 1639 1616 1232 2224 2178 1817 1640 1617 1233 2223 2177 1816 1639 1616 1232 2222 2176 1815 1614 1591 1207 2222 2176 1815 1639 1616 1232 2224 2178 1817 1614 1591 1207 2221 2175 1814 1592 1569 1185 2221 2175 1814 1614 1591 1207 2222 2176 1815 1593 1570 1186 2221 2175 1814 2220 2174 1813 2221 2175 1814 1593 1570 1186 1592 1569 1185 2275 2227 1868 2220 2174 1813 2277 2229 1870 2220 2174 1813 2275 2227 1868 1593 1570 1186 2239 2192 1832 1867 1839 1460 2277 2229 1870 2277 2229 1870 1867 1839 1460 2275 2227 1868 1868 1840 1461 2239 2192 1832 2238 2191 1831 2239 2192 1832 1868 1840 1461 1867 1839 1460 2238 2191 1831 1996 1965 1589 1868 1840 1461 1834 1806 1427 2238 2191 1831 2237 2190 1830 2238 2191 1831 1834 1806 1427 1996 1965 1589 2237 2190 1830 2236 2189 1829 1834 1806 1427 2236 2189 1829 1468 1445 1061 1834 1806 1427 2236 2189 1829 2234 2187 1827 1468 1445 1061 2234 2187 1827 1469 1446 1062 1468 1445 1061 1469 1446 1062 2234 2187 1827 2235 2188 1828 2235 2188 1828 1602 1579 1195 1469 1446 1062 2235 2188 1828 2311 2263 1904 1602 1579 1195 2311 2263 1904 2313 2265 1906 1602 1579 1195 2233 2186 1826 2313 2265 1906 2311 2263 1904 2313 2265 1906 2233 2186 1826 1714 1691 1307 1497 1474 1090 1588 1565 1181 1495 1472 1088 1588 1565 1181 1590 1567 1183 1495 1472 1088 1495 1472 1088 1945 1914 1538 1952 1921 1545 1945 1914 1538 1495 1472 1088 1590 1567 1183 1952 1921 1545 1947 1916 1540 1951 1920 1544 1947 1916 1540 1952 1921 1545 1945 1914 1538 1430 1407 1023 2187 2151 1780 2188 2152 1781 1430 1407 1023 2188 2152 1781 1425 1402 1018 1431 1408 1024 1430 1407 1023 1425 1402 1018 1431 1408 1024 1425 1402 1018 1424 1401 1017 1431 1408 1024 1697 1674 1290 1700 1677 1293 1697 1674 1290 1431 1408 1024 1424 1401 1017 1700 1677 1293 1697 1674 1290 1775 1752 1368 1775 1752 1368 1697 1674 1290 1721 1698 1314 1721 1698 1314 1719 1696 1312 1775 1752 1368 1736 1713 1329 1499 1476 1092 1517 1494 1110 1736 1713 1329 1588 1565 1181 1497 1474 1090 1588 1565 1181 1736 1713 1329 1517 1494 1110 2583 2532 266 2584 2533 268 2585 2534 267 2584 2533 268 2583 2532 266 2586 2535 269 2583 2532 266 2587 2536 270 2586 2535 269 2587 2536 270 2583 2532 266 2588 2537 271 2584 2533 268 2589 2538 272 2590 2539 273 2589 2538 272 2584 2533 268 2586 2535 269 2591 2540 274 2589 2538 272 2586 2535 269 2589 2538 272 2591 2540 274 2592 2541 275 2591 2540 274 2586 2535 269 2593 2542 276 2586 2535 269 2587 2536 270 2593 2542 276 2594 2543 278 2595 2544 277 2596 2542 279 2595 2544 277 2594 2543 278 2597 2545 280 2598 2546 281 2597 2545 280 2594 2543 278 2597 2545 280 2598 2546 281 2599 2547 282 2600 2548 283 2601 2549 285 2602 2550 284 2603 2551 286 2602 2550 284 2604 2552 287 2602 2550 284 2603 2551 286 2600 2548 283 2605 2540 288 2603 2551 286 2606 2553 289 2603 2551 286 2605 2540 288 2600 2548 283 2607 2554 290 2593 2542 276 2587 2536 270 2593 2542 276 2607 2554 290 2608 2555 291 2609 2556 292 2596 2542 279 2610 2557 293 2609 2556 292 2611 2558 294 2596 2542 279 2612 2559 296 2613 2560 295 2614 2561 297 2613 2560 295 2612 2559 296 2615 2562 298 2614 2561 297 2616 2563 299 2612 2559 296 2616 2563 299 2614 2561 297 2617 2564 300 2618 2565 301 2619 2566 303 2620 2567 302 2621 2568 305 2622 2569 304 2623 2570 306 2622 2569 304 2621 2568 305 2624 2571 307 2625 2572 309 2626 2573 308 2627 2574 310 2626 2573 308 2625 2572 309 2628 2575 311 2629 2576 313 2630 2577 314 2631 2578 315 2630 2577 314 2629 2576 313 2632 2579 312 2633 2580 316 2634 2581 317 2635 2582 318 2634 2581 317 2633 2580 316 2632 2579 312 2613 2560 295 2636 2583 320 2614 2561 297 2636 2583 320 2613 2560 295 2637 2584 319 2638 2585 321 2614 2561 297 2636 2583 320 2614 2561 297 2638 2585 321 2617 2564 300 2639 2586 322 2640 2585 324 2641 2587 323 2642 2588 325 2640 2585 324 2639 2586 322 2643 2589 326 2629 2576 313 2641 2587 323 2641 2587 323 2629 2576 313 2639 2586 322 2631 2578 315 2639 2586 322 2629 2576 313 2639 2586 322 2631 2578 315 2644 2590 327 2630 2577 314 2633 2580 316 2645 2591 328 2633 2580 316 2630 2577 314 2632 2579 312 2633 2580 316 2646 2592 329 2647 2593 330 2646 2592 329 2633 2580 316 2635 2582 318 2637 2584 319 2647 2593 330 2646 2592 329 2647 2593 330 2637 2584 319 2613 2560 295 2644 2590 327 2648 2594 331 2642 2588 325 2642 2588 325 2639 2586 322 2644 2590 327 2649 2595 332 2650 2596 333 2631 2578 315 2631 2578 315 2630 2577 314 2649 2595 332 2651 2597 335 2652 2598 334 2645 2591 328 2652 2598 334 2651 2597 335 2653 2599 336 2645 2591 328 2647 2593 330 2651 2597 335 2647 2593 330 2645 2591 328 2633 2580 316 2651 2597 335 2647 2593 330 2615 2562 298 2647 2593 330 2613 2560 295 2615 2562 298 2615 2562 298 2653 2599 336 2651 2597 335 2653 2599 336 2615 2562 298 2654 2600 337 2655 2601 338 2616 2563 299 2656 2602 339 2616 2563 299 2655 2601 338 2612 2559 296 2648 2594 331 2657 2603 340 2658 2604 341 2657 2603 340 2648 2594 331 2644 2590 327 2657 2603 340 2644 2590 327 2650 2596 333 2644 2590 327 2631 2578 315 2650 2596 333 2659 2605 343 2660 2606 342 2621 2568 305 2618 2565 301 2621 2568 305 2660 2606 342 2621 2568 305 2623 2570 306 2659 2605 343 2661 2607 344 2622 2569 304 2662 2608 345 2622 2569 304 2661 2607 344 2623 2570 306 2649 2595 332 2630 2577 314 2652 2598 334 2630 2577 314 2645 2591 328 2652 2598 334 2663 2609 347 2661 2607 344 2664 2610 346 2662 2608 345 2664 2610 346 2661 2607 344 2664 2610 346 2665 2611 349 2666 2612 348 2664 2610 346 2666 2612 348 2663 2609 347 2667 2613 350 2665 2611 349 2668 2614 351 2668 2614 351 2669 2615 352 2667 2613 350 2670 2616 353 2618 2565 301 2660 2606 342 2618 2565 301 2670 2616 353 2619 2566 303 2671 2617 354 2623 2570 306 2661 2607 344 2623 2570 306 2671 2617 354 2672 2618 355 2673 2619 356 2661 2607 344 2663 2609 347 2661 2607 344 2673 2619 356 2671 2617 354 2674 2620 357 2663 2609 347 2666 2612 348 2663 2609 347 2674 2620 357 2673 2619 356 2665 2611 349 2675 2621 358 2666 2612 348 2675 2621 358 2665 2611 349 2667 2613 350 2670 2616 353 2676 2622 359 2619 2566 303 2676 2622 359 2677 2623 360 2619 2566 303 2678 2624 362 2679 2625 361 2680 2626 363 2679 2625 361 2678 2624 362 2681 2627 364 2681 2627 364 2682 2628 365 2679 2625 361 2682 2628 365 2683 2629 366 2679 2625 361 2684 2630 367 2682 2628 365 2685 2631 368 2682 2628 365 2684 2630 367 2683 2629 366 2684 2630 367 2686 2632 370 2687 2633 369 2686 2632 370 2684 2630 367 2685 2631 368 2688 2634 371 2680 2626 363 2689 2635 372 2680 2626 363 2688 2634 371 2678 2624 362 2690 2636 373 2691 2637 374 2687 2633 369 2690 2636 373 2687 2633 369 2686 2632 370 2692 2638 375 2690 2636 373 2693 2639 376 2690 2636 373 2692 2638 375 2691 2637 374 2692 2638 375 2693 2639 376 2694 2634 377 2692 2638 375 2694 2634 377 2695 2640 378 2696 2641 380 2697 2642 379 2698 2643 381 2697 2642 379 2696 2641 380 2699 2644 382 2697 2642 379 2699 2644 382 2700 2645 383 2697 2642 379 2700 2645 383 2701 2646 384 2702 2647 386 2703 2648 385 2704 2649 387 2703 2648 385 2702 2647 386 2705 2650 388 2706 2651 389 2703 2648 385 2705 2650 388 2703 2648 385 2706 2651 389 2707 2652 390 2707 2652 390 2706 2651 389 2708 2653 391 2708 2653 391 2709 2654 392 2707 2652 390 2710 2655 393 2708 2653 391 2711 2656 394 2708 2653 391 2710 2655 393 2709 2654 392 2710 2655 393 2712 2657 396 2713 2658 395 2712 2657 396 2710 2655 393 2711 2656 394 2713 2658 395 2696 2641 380 2698 2643 381 2696 2641 380 2713 2658 395 2712 2657 396 2714 2659 398 2710 2655 393 2715 2660 397 2715 2660 397 2710 2655 393 2713 2658 395 2698 2643 381 2716 2661 399 2715 2660 397 2698 2643 381 2715 2660 397 2713 2658 395 2717 2662 400 2698 2643 381 2697 2642 379 2698 2643 381 2717 2662 400 2716 2661 399 2697 2642 379 2718 2663 401 2717 2662 400 2718 2663 401 2697 2642 379 2701 2646 384 2704 2649 387 2703 2648 385 2719 2664 402 2719 2664 402 2703 2648 385 2720 2665 403 2707 2652 390 2721 2666 404 2720 2665 403 2707 2652 390 2720 2665 403 2703 2648 385 2722 2667 405 2720 2665 403 2721 2666 404 2720 2665 403 2722 2667 405 2723 2668 406 2722 2667 405 2724 2669 408 2725 2670 407 2724 2669 408 2714 2659 398 2725 2670 407 2725 2670 407 2715 2660 397 2726 2671 409 2715 2660 397 2725 2670 407 2714 2659 398 2716 2661 399 2726 2671 409 2715 2660 397 2726 2671 409 2716 2661 399 2727 2672 410 2717 2662 400 2727 2672 410 2716 2661 399 2727 2672 410 2717 2662 400 2728 2673 411 2728 2673 411 2718 2663 401 2729 2674 412 2718 2663 401 2728 2673 411 2717 2662 400 2730 2674 413 2720 2665 403 2723 2668 406 2720 2665 403 2730 2674 413 2719 2664 402 2731 2675 415 2732 2676 416 2733 2677 417 2732 2676 416 2731 2675 415 2734 2678 414 2731 2675 415 2735 2679 418 2734 2678 414 2735 2679 418 2731 2675 415 2736 2680 419 2737 2681 420 2736 2680 419 2738 2682 421 2736 2680 419 2737 2681 420 2735 2679 418 2738 2682 421 2739 2683 422 2737 2681 420 2739 2683 422 2738 2682 421 2740 2684 423 2739 2683 422 2740 2684 423 2741 2685 425 2739 2683 422 2741 2685 425 2742 2686 424 2743 2687 427 2744 2688 426 2742 2686 424 2742 2686 424 2741 2685 425 2743 2687 427 2744 2688 426 2743 2687 427 2745 2689 428 2745 2689 428 2743 2687 427 2746 2690 429 2747 2691 431 2737 2681 420 2748 2692 430 2737 2681 420 2739 2683 422 2748 2692 430 2748 2692 430 2742 2686 424 2749 2693 432 2742 2686 424 2748 2692 430 2739 2683 422 2749 2693 432 2744 2688 426 2750 2694 433 2744 2688 426 2749 2693 432 2742 2686 424 2744 2688 426 2745 2689 428 2751 2695 434 2744 2688 426 2751 2695 434 2750 2694 433 2752 2695 435 2734 2678 414 2753 2696 436 2734 2678 414 2752 2695 435 2732 2676 416 2753 2696 436 2735 2679 418 2754 2697 437 2735 2679 418 2753 2696 436 2734 2678 414 2754 2697 437 2737 2681 420 2747 2691 431 2737 2681 420 2754 2697 437 2735 2679 418 2747 2691 431 2755 2698 438 2756 2699 439 2755 2698 438 2747 2691 431 2748 2692 430 2755 2698 438 2748 2692 430 2749 2693 432 2755 2698 438 2749 2693 432 2757 2700 440 2757 2700 440 2750 2694 433 2758 2701 441 2750 2694 433 2757 2700 440 2749 2693 432 2759 2702 442 2750 2694 433 2751 2695 434 2750 2694 433 2759 2702 442 2758 2701 441 2752 2695 435 2760 2703 443 2761 2704 444 2760 2703 443 2752 2695 435 2753 2696 436 2753 2696 436 2762 2705 445 2760 2703 443 2762 2705 445 2753 2696 436 2754 2697 437 2747 2691 431 2762 2705 445 2754 2697 437 2762 2705 445 2747 2691 431 2756 2699 439 2763 2706 446 2764 2707 448 2765 2708 447 2764 2707 448 2763 2706 446 2766 2709 449 2767 2710 451 2768 2711 450 2769 2712 452 2768 2711 450 2767 2710 451 2770 2713 453 2771 2714 455 2772 2715 454 2773 2716 456 2772 2715 454 2771 2714 455 2774 2717 457 2775 2718 458 2771 2714 455 2773 2716 456 2771 2714 455 2775 2718 458 2776 2719 459 2777 2718 460 2778 2720 461 2779 2721 463 2778 2720 461 2777 2718 460 2780 2722 462 2778 2720 461 2765 2708 447 2764 2707 448 2765 2708 447 2778 2720 461 2780 2722 462 2781 2723 464 2767 2710 451 2769 2712 452 2767 2710 451 2781 2723 464 2782 2724 465 2783 2725 466 2784 2726 467 2769 2712 452 2769 2712 452 2768 2711 450 2783 2725 466 2768 2711 450 2785 2727 469 2786 2728 468 2768 2711 450 2786 2728 468 2783 2725 466 2768 2711 450 2787 2729 470 2785 2727 469 2787 2729 470 2768 2711 450 2770 2713 453 2785 2727 469 2787 2729 470 2788 2730 471 2788 2730 471 2787 2729 470 2789 2731 472 2628 2575 311 2782 2724 465 2781 2723 464 2782 2724 465 2628 2575 311 2625 2572 309 2790 2732 473 2781 2723 464 2791 2733 474 2781 2723 464 2790 2732 473 2628 2575 311 2781 2723 464 2784 2726 467 2791 2733 474 2784 2726 467 2781 2723 464 2769 2712 452 2792 2734 475 2784 2726 467 2793 2735 476 2784 2726 467 2792 2734 475 2791 2733 474 2794 2736 478 2795 2737 477 2796 2738 479 2795 2737 477 2794 2736 478 2797 2739 480 2798 2740 481 2796 2738 479 2795 2737 477 2795 2737 477 2799 2741 482 2798 2740 481 2800 2742 483 2784 2726 467 2783 2725 466 2784 2726 467 2800 2742 483 2793 2735 476 2799 2741 482 2801 2743 485 2802 2744 484 2799 2741 482 2802 2744 484 2798 2740 481 2800 2742 483 2786 2728 468 2803 2745 486 2786 2728 468 2800 2742 483 2783 2725 466 2804 2746 487 2803 2745 486 2786 2728 468 2803 2745 486 2804 2746 487 2805 2747 488 2785 2727 469 2788 2730 471 2786 2728 468 2786 2728 468 2788 2730 471 2804 2746 487 2790 2732 473 2806 2748 489 2807 2749 490 2806 2748 489 2790 2732 473 2808 2750 491 2626 2573 308 2628 2575 311 2807 2749 490 2807 2749 490 2628 2575 311 2790 2732 473 2808 2750 491 2791 2733 474 2792 2734 475 2791 2733 474 2808 2750 491 2790 2732 473 2809 2751 492 2797 2739 480 2794 2736 478 2797 2739 480 2809 2751 492 2810 2752 493 2811 2753 494 2812 2754 496 2813 2755 495 2813 2755 495 2812 2754 496 2814 2756 497 2813 2755 495 2815 2757 498 2811 2753 494 2815 2757 498 2813 2755 495 2816 2758 499 2817 2759 500 2815 2757 498 2816 2758 499 2815 2757 498 2817 2759 500 2818 2760 501 2802 2744 484 2819 2761 502 2820 2762 503 2819 2761 502 2802 2744 484 2801 2743 485 2821 2763 504 2814 2756 497 2812 2754 496 2814 2756 497 2821 2763 504 2822 2764 505 2823 2765 506 2818 2760 501 2817 2759 500 2823 2765 506 2817 2759 500 2824 2766 507 2822 2764 505 2825 2765 509 2826 2766 508 2825 2765 509 2822 2764 505 2821 2763 504 2827 2767 512 2828 2768 511 2829 2769 510 2828 2768 511 2827 2767 512 2830 2770 513 2829 2769 510 2831 2771 515 2832 2772 514 2831 2771 515 2829 2769 510 2828 2768 511 2833 2773 516 2834 2774 517 2832 2772 514 2833 2773 516 2832 2772 514 2831 2771 515 2835 2775 518 2833 2773 516 2836 2776 519 2833 2773 516 2835 2775 518 2834 2774 517 2836 2776 519 2837 2777 520 2835 2775 518 2837 2777 520 2836 2776 519 2838 2778 521 2838 2778 521 2839 2779 522 2837 2777 520 2839 2779 522 2838 2778 521 2840 2780 523 2602 2550 284 2601 2549 285 2841 2781 524 2602 2550 284 2841 2781 524 2842 2782 525 2842 2782 525 2585 2534 267 2584 2533 268 2585 2534 267 2842 2782 525 2841 2781 524 2604 2552 287 2602 2550 284 2842 2782 525 2842 2782 525 2843 2783 526 2604 2552 287 2584 2533 268 2590 2539 273 2842 2782 525 2843 2783 526 2842 2782 525 2590 2539 273 2603 2551 286 2844 2784 527 2845 2785 528 2844 2784 527 2603 2551 286 2604 2552 287 2843 2783 526 2846 2786 529 2604 2552 287 2604 2552 287 2846 2786 529 2844 2784 527 2847 2787 530 2603 2551 286 2845 2785 528 2603 2551 286 2847 2787 530 2606 2553 289 2589 2538 272 2848 2788 531 2590 2539 273 2848 2788 531 2589 2538 272 2849 2789 532 2592 2541 275 2850 2790 533 2849 2789 532 2849 2789 532 2589 2538 272 2592 2541 275 2843 2783 526 2848 2788 531 2846 2786 529 2848 2788 531 2843 2783 526 2590 2539 273 2851 2791 534 2611 2558 294 2852 2792 535 2611 2558 294 2598 2546 281 2594 2543 278 2598 2546 281 2611 2558 294 2851 2791 534 2853 2793 536 2852 2792 535 2854 2794 537 2852 2792 535 2853 2793 536 2851 2791 534 2854 2794 537 2855 2795 538 2607 2554 290 2855 2795 538 2854 2794 537 2852 2792 535 2855 2795 538 2611 2558 294 2609 2556 292 2611 2558 294 2855 2795 538 2852 2792 535 2607 2554 290 2856 2796 539 2857 2797 540 2856 2796 539 2607 2554 290 2855 2795 538 2609 2556 292 2856 2796 539 2855 2795 538 2856 2796 539 2609 2556 292 2858 2798 541 2859 2799 542 2609 2556 292 2610 2557 293 2609 2556 292 2859 2799 542 2858 2798 541 2857 2797 540 2608 2555 291 2607 2554 290 2608 2555 291 2857 2797 540 2860 2800 543 2857 2797 540 2861 2801 544 2862 2802 545 2861 2801 544 2857 2797 540 2856 2796 539 2858 2798 541 2861 2801 544 2856 2796 539 2861 2801 544 2858 2798 541 2863 2803 546 2864 2804 547 2858 2798 541 2859 2799 542 2863 2803 546 2858 2798 541 2864 2804 547 2860 2800 543 2862 2802 545 2865 2805 548 2862 2802 545 2860 2800 543 2857 2797 540 2588 2537 271 2854 2794 537 2587 2536 270 2854 2794 537 2588 2537 271 2853 2793 536 2866 2806 549 2772 2715 454 2774 2717 457 2714 2659 398 2709 2654 392 2710 2655 393 2709 2654 392 2714 2659 398 2724 2669 408 2643 2589 326 2632 2579 312 2629 2576 313 2632 2579 312 2643 2589 326 2634 2581 317 2612 2559 296 2655 2601 338 2654 2600 337 2612 2559 296 2654 2600 337 2615 2562 298 2674 2620 357 2675 2621 358 2867 2807 550 2675 2621 358 2674 2620 357 2666 2612 348 2676 2622 359 2868 2808 551 2869 2807 552 2868 2808 551 2676 2622 359 2670 2616 353 2868 2808 551 2670 2616 353 2660 2606 342 2868 2808 551 2660 2606 342 2870 2809 553 2870 2809 553 2660 2606 342 2659 2605 343 2659 2605 343 2871 2810 554 2870 2809 553 2871 2810 554 2623 2570 306 2672 2618 355 2623 2570 306 2871 2810 554 2659 2605 343 2709 2654 392 2721 2666 404 2707 2652 390 2709 2654 392 2724 2669 408 2721 2666 404 2721 2666 404 2724 2669 408 2722 2667 405 2618 2565 301 2624 2571 307 2621 2568 305 2624 2571 307 2618 2565 301 2620 2567 302 2774 2717 457 2766 2709 449 2866 2806 549 2766 2709 449 2763 2706 446 2866 2806 549 2872 2811 555 2810 2752 493 2873 2812 556 2873 2812 556 2810 2752 493 2809 2751 492 2812 2754 496 2874 2813 557 2875 2814 558 2874 2813 557 2812 2754 496 2811 2753 494 2811 2753 494 2876 2815 559 2874 2813 557 2876 2815 559 2811 2753 494 2815 2757 498 2815 2757 498 2818 2760 501 2876 2815 559 2818 2760 501 2877 2816 560 2876 2815 559 2823 2765 506 2877 2816 560 2818 2760 501 2877 2816 560 2823 2765 506 2878 2817 561 2825 2765 509 2821 2763 504 2879 2818 562 2821 2763 504 2880 2819 563 2879 2818 562 2821 2763 504 2875 2814 558 2880 2819 563 2875 2814 558 2821 2763 504 2812 2754 496 2827 2767 512 2881 2820 564 2830 2770 513 2881 2820 564 2827 2767 512 2882 2821 565 2881 2820 564 2883 2822 567 2884 2823 566 2883 2822 567 2881 2820 564 2882 2821 565 2885 2824 568 2886 2825 569 2887 2826 571 2886 2825 569 2885 2824 568 2888 2827 570 2885 2824 568 2848 2788 531 2849 2789 532 2849 2789 532 2888 2827 570 2885 2824 568 2889 2828 572 2846 2786 529 2848 2788 531 2889 2828 572 2848 2788 531 2885 2824 568 2844 2784 527 2889 2828 572 2890 2829 573 2889 2828 572 2844 2784 527 2846 2786 529 2890 2829 573 2845 2785 528 2844 2784 527 2845 2785 528 2890 2829 573 2887 2826 571 2891 2825 574 2847 2787 530 2845 2785 528 2845 2785 528 2887 2826 571 2891 2825 574 2888 2827 570 2849 2789 532 2850 2790 533 2888 2827 570 2850 2790 533 2886 2825 569 2892 2830 575 2893 2831 577 2894 2832 576 2893 2831 577 2892 2830 575 2895 2833 578 2861 2801 544 2893 2831 577 2895 2833 578 2893 2831 577 2861 2801 544 2863 2803 546 2862 2802 545 2895 2833 578 2892 2830 575 2895 2833 578 2862 2802 545 2861 2801 544 2865 2805 548 2892 2830 575 2896 2834 579 2892 2830 575 2865 2805 548 2862 2802 545 2893 2831 577 2864 2804 547 2894 2832 576 2864 2804 547 2893 2831 577 2863 2803 546 2897 2835 580 2619 2566 303 2677 2623 360 2619 2566 303 2897 2835 580 2620 2567 302 2596 2542 279 2611 2558 294 2594 2543 278 2887 2826 571 2889 2828 572 2885 2824 568 2889 2828 572 2887 2826 571 2890 2829 573 2854 2794 537 2607 2554 290 2587 2536 270 2898 2836 582 2899 2837 581 2900 2838 583 2899 2837 581 2898 2836 582 2901 2839 584 2902 2840 585 2903 2841 587 2904 2842 586 2902 2840 585 2904 2842 586 2905 2843 588 2906 2844 589 2902 2840 585 2907 2845 590 2902 2840 585 2906 2844 589 2903 2841 587 2906 2844 589 2907 2845 590 2908 2846 591 2908 2846 591 2909 2847 592 2906 2844 589 2910 2848 593 2909 2847 592 2908 2846 591 2909 2847 592 2910 2848 593 2911 2849 594 2910 2848 593 2912 2850 595 2911 2849 594 2912 2850 595 2910 2848 593 2913 2851 596 2914 2852 598 2915 2853 597 2912 2850 595 2912 2850 595 2913 2851 596 2914 2852 598 2901 2839 584 2914 2852 598 2899 2837 581 2914 2852 598 2901 2839 584 2915 2853 597 2916 2854 600 2917 2855 599 2918 2856 601 2917 2855 599 2916 2854 600 2919 2857 602 2920 2858 603 2921 2859 605 2922 2860 604 2920 2858 603 2922 2860 604 2923 2856 606 2920 2858 603 2924 2861 607 2921 2859 605 2924 2861 607 2920 2858 603 2925 2862 608 2924 2861 607 2925 2862 608 2926 2863 610 2924 2861 607 2926 2863 610 2927 2864 609 2928 2865 611 2927 2864 609 2926 2863 610 2927 2864 609 2928 2865 611 2929 2866 612 2928 2865 611 2930 2867 613 2929 2866 612 2930 2867 613 2928 2865 611 2931 2868 614 2930 2867 613 2931 2868 614 2932 2869 616 2930 2867 613 2932 2869 616 2933 2870 615 2919 2857 602 2932 2869 616 2917 2855 599 2932 2869 616 2919 2857 602 2933 2870 615 2934 2871 617 2915 2853 597 2901 2839 584 2915 2853 597 2934 2871 617 2935 2872 618 2936 2873 619 2901 2839 584 2898 2836 582 2901 2839 584 2936 2873 619 2934 2871 617 2903 2841 587 2937 2874 621 2938 2875 620 2903 2841 587 2938 2875 620 2904 2842 586 2939 2876 622 2903 2841 587 2906 2844 589 2903 2841 587 2939 2876 622 2937 2874 621 2939 2876 622 2906 2844 589 2909 2847 592 2909 2847 592 2940 2877 623 2939 2876 622 2911 2849 594 2940 2877 623 2909 2847 592 2940 2877 623 2911 2849 594 2941 2878 624 2911 2849 594 2942 2879 625 2941 2878 624 2942 2879 625 2911 2849 594 2912 2850 595 2935 2872 618 2942 2879 625 2915 2853 597 2942 2879 625 2912 2850 595 2915 2853 597 2943 2880 626 2681 2627 364 2678 2624 362 2681 2627 364 2943 2880 626 2944 2881 627 2945 2882 628 2678 2624 362 2688 2634 371 2678 2624 362 2945 2882 628 2943 2880 626 2693 2639 376 2946 2883 630 2947 2884 629 2693 2639 376 2947 2884 629 2694 2634 377 2946 2883 630 2693 2639 376 2690 2636 373 2946 2883 630 2690 2636 373 2948 2885 631 2948 2885 631 2690 2636 373 2686 2632 370 2948 2885 631 2686 2632 370 2949 2886 632 2685 2631 368 2949 2886 632 2686 2632 370 2949 2886 632 2685 2631 368 2950 2887 633 2685 2631 368 2951 2888 634 2950 2887 633 2951 2888 634 2685 2631 368 2682 2628 365 2682 2628 365 2944 2881 627 2951 2888 634 2944 2881 627 2682 2628 365 2681 2627 364 2689 2635 372 2934 2871 617 2936 2873 619 2934 2871 617 2689 2635 372 2680 2626 363 2937 2874 621 2692 2638 375 2695 2640 378 2937 2874 621 2695 2640 378 2938 2875 620 2937 2874 621 2691 2637 374 2692 2638 375 2691 2637 374 2937 2874 621 2939 2876 622 2691 2637 374 2939 2876 622 2940 2877 623 2940 2877 623 2687 2633 369 2691 2637 374 2941 2878 624 2687 2633 369 2940 2877 623 2687 2633 369 2941 2878 624 2684 2630 367 2941 2878 624 2683 2629 366 2684 2630 367 2683 2629 366 2941 2878 624 2942 2879 625 2679 2625 361 2683 2629 366 2935 2872 618 2683 2629 366 2942 2879 625 2935 2872 618 2680 2626 363 2935 2872 618 2934 2871 617 2935 2872 618 2680 2626 363 2679 2625 361 2952 2889 636 2953 2890 635 2954 2891 637 2953 2890 635 2952 2889 636 2955 2892 638 2956 2893 639 2954 2891 637 2957 2894 640 2954 2891 637 2956 2893 639 2952 2889 636 2958 2895 644 2959 2896 641 2960 2894 642 2960 2894 642 2959 2896 641 2961 2893 643 2959 2896 641 2958 2895 644 2962 2897 645 2962 2897 645 2963 2898 646 2959 2896 641 2964 2899 647 2965 2900 648 2963 2898 646 2964 2899 647 2963 2898 646 2962 2897 645 2966 2901 649 2964 2899 647 2967 2902 650 2964 2899 647 2966 2901 649 2965 2900 648 2967 2902 650 2955 2892 638 2966 2901 649 2955 2892 638 2967 2902 650 2953 2890 635 2968 2903 652 2969 2904 651 2970 2905 653 2969 2904 651 2968 2903 652 2971 2906 654 2968 2903 652 2972 2907 655 2973 2908 656 2972 2907 655 2968 2903 652 2970 2905 653 2974 2909 660 2975 2910 657 2976 2911 658 2976 2911 658 2975 2910 657 2977 2908 659 2975 2910 657 2974 2909 660 2978 2912 661 2978 2912 661 2979 2913 662 2975 2910 657 2980 2914 663 2981 2915 664 2979 2913 662 2980 2914 663 2979 2913 662 2978 2912 661 2982 2916 665 2980 2914 663 2983 2917 666 2980 2914 663 2982 2916 665 2981 2915 664 2983 2917 666 2971 2906 654 2982 2916 665 2971 2906 654 2983 2917 666 2969 2904 651 2984 2918 668 2985 2919 667 2986 2920 669 2985 2919 667 2984 2918 668 2987 2921 670 2988 2922 671 2986 2920 669 2989 2923 672 2986 2920 669 2988 2922 671 2984 2918 668 2990 2924 674 2991 2925 673 2992 2926 675 2991 2925 673 2990 2924 674 2993 2927 676 2993 2927 676 2990 2924 674 2994 2928 677 2994 2928 677 2995 2929 678 2993 2927 676 2996 2930 679 2997 2931 680 2995 2929 678 2996 2930 679 2995 2929 678 2994 2928 677 2998 2932 681 2996 2930 679 2999 2933 682 2996 2930 679 2998 2932 681 2997 2931 680 2999 2933 682 2987 2921 670 2998 2932 681 2987 2921 670 2999 2933 682 2985 2919 667 3000 2934 684 3001 2935 683 3002 2936 685 3001 2935 683 3000 2934 684 3003 2937 686 3001 2935 683 3004 2938 688 3005 2939 687 3004 2938 688 3001 2935 683 3003 2937 686 3006 2940 689 3004 2938 688 3007 2941 690 3004 2938 688 3006 2940 689 3005 2939 687 3007 2941 690 3008 2942 691 3006 2940 689 3008 2942 691 3007 2941 690 3009 2943 692 3008 2942 691 3010 2944 694 3011 2945 693 3010 2944 694 3008 2942 691 3009 2943 692 3012 2946 695 3010 2944 694 3013 2947 696 3010 2944 694 3012 2946 695 3011 2945 693 3014 2947 697 3002 2936 685 3015 2946 698 3002 2936 685 3014 2947 697 3000 2934 684 2765 2708 447 3002 2936 685 3001 2935 683 3002 2936 685 2765 2708 447 2780 2722 462 3001 2935 683 2763 2706 446 2765 2708 447 2763 2706 446 3001 2935 683 3005 2939 687 3005 2939 687 2866 2806 549 2763 2706 446 2866 2806 549 3005 2939 687 3006 2940 689 2866 2806 549 3006 2940 689 3008 2942 691 2866 2806 549 3008 2942 691 2772 2715 454 2772 2715 454 3011 2945 693 2773 2716 456 3011 2945 693 2772 2715 454 3008 2942 691 2775 2718 458 3011 2945 693 3012 2946 695 3011 2945 693 2775 2718 458 2773 2716 456 3015 2946 698 2780 2722 462 2777 2718 460 2780 2722 462 3015 2946 698 3002 2936 685 2585 2534 267 3016 2948 699 2583 2532 266 3016 2948 699 2585 2534 267 3017 2949 700 2583 2532 266 3018 2950 701 2588 2537 271 3018 2950 701 2583 2532 266 3016 2948 699 3019 2951 702 2853 2793 536 2588 2537 271 2588 2537 271 3018 2950 701 3019 2951 702 2851 2791 534 3019 2951 702 3020 2952 703 3019 2951 702 2851 2791 534 2853 2793 536 3020 2952 703 2598 2546 281 2851 2791 534 2598 2546 281 3020 2952 703 3021 2953 704 3021 2953 704 2599 2547 282 2598 2546 281 2599 2547 282 3021 2953 704 3022 2954 705 3023 2955 707 2601 2549 285 3024 2956 706 2601 2549 285 3023 2955 707 2841 2781 524 3023 2955 707 2585 2534 267 2841 2781 524 2585 2534 267 3023 2955 707 3017 2949 700 2760 2703 443 3003 2937 686 3000 2934 684 3003 2937 686 2760 2703 443 2762 2705 445 2761 2704 444 3000 2934 684 3014 2947 697 3000 2934 684 2761 2704 444 2760 2703 443 3013 2947 696 2758 2701 441 2759 2702 442 2758 2701 441 3013 2947 696 3010 2944 694 3009 2943 692 2758 2701 441 3010 2944 694 2758 2701 441 3009 2943 692 2757 2700 440 2755 2698 438 3009 2943 692 3007 2941 690 3009 2943 692 2755 2698 438 2757 2700 440 3007 2941 690 2756 2699 439 2755 2698 438 2756 2699 439 3007 2941 690 3004 2938 688 3003 2937 686 2756 2699 439 3004 2938 688 2756 2699 439 3003 2937 686 2762 2705 445 2797 2739 480 2793 2735 476 2795 2737 477 2793 2735 476 2797 2739 480 2792 2734 475 2793 2735 476 2799 2741 482 2795 2737 477 2799 2741 482 2793 2735 476 2800 2742 483 2799 2741 482 2803 2745 486 2801 2743 485 2803 2745 486 2799 2741 482 2800 2742 483 2803 2745 486 2805 2747 488 2801 2743 485 2805 2747 488 2819 2761 502 2801 2743 485 2872 2811 555 2806 2748 489 2808 2750 491 2808 2750 491 2810 2752 493 2872 2811 555 2810 2752 493 2792 2734 475 2797 2739 480 2792 2734 475 2810 2752 493 2808 2750 491 2822 2764 505 2794 2736 478 2814 2756 497 2794 2736 478 2822 2764 505 2809 2751 492 2809 2751 492 2826 2766 508 2873 2812 556 2826 2766 508 2809 2751 492 2822 2764 505 2817 2759 500 2802 2744 484 2824 2766 507 2802 2744 484 2820 2762 503 2824 2766 507 2798 2740 481 2817 2759 500 2816 2758 499 2817 2759 500 2798 2740 481 2802 2744 484 2796 2738 479 2816 2758 499 2813 2755 495 2816 2758 499 2796 2738 479 2798 2740 481 2813 2755 495 2814 2756 497 2796 2738 479 2796 2738 479 2814 2756 497 2794 2736 478 2782 2724 465 2778 2720 461 2764 2707 448 2778 2720 461 2782 2724 465 2625 2572 309 2778 2720 461 2627 2574 310 2779 2721 463 2627 2574 310 2778 2720 461 2625 2572 309 2789 2731 472 2771 2714 455 2776 2719 459 2771 2714 455 2789 2731 472 2787 2729 470 2770 2713 453 2771 2714 455 2787 2729 470 2771 2714 455 2770 2713 453 2774 2717 457 2766 2709 449 2770 2713 453 2767 2710 451 2770 2713 453 2766 2709 449 2774 2717 457 2782 2724 465 2766 2709 449 2767 2710 451 2766 2709 449 2782 2724 465 2764 2707 448 2876 2815 559 2836 2957 519 2833 2958 516 2833 2958 516 2874 2813 557 2876 2815 559 2874 2813 557 2833 2958 516 2831 2959 515 2828 2960 511 2874 2813 557 2831 2959 515 2874 2813 557 2828 2960 511 2875 2814 558 2875 2814 558 2828 2960 511 2830 2961 513 2881 2962 564 2880 2819 563 2830 2961 513 2830 2961 513 2880 2819 563 2875 2814 558 2880 2819 563 2884 2963 566 2879 2818 562 2884 2963 566 2880 2819 563 2881 2962 564 2840 2964 523 2877 2816 560 2878 2817 561 2877 2816 560 2840 2964 523 2838 2965 521 2836 2957 519 2876 2815 559 2838 2965 521 2876 2815 559 2877 2816 560 2838 2965 521 3017 2966 700 2882 2967 565 2827 2968 512 2882 2967 565 3017 2966 700 3023 2969 707 2882 2967 565 3024 2970 706 2883 2971 567 3024 2970 706 2882 2967 565 3023 2969 707 2837 2972 520 3022 2973 705 3021 2974 704 3022 2973 705 2837 2972 520 2839 2971 522 2835 2975 518 3021 2974 704 3020 2976 703 3021 2974 704 2835 2975 518 2837 2972 520 3020 2976 703 2834 2977 517 2835 2975 518 2834 2977 517 3020 2976 703 3019 2978 702 2834 2977 517 3019 2978 702 3018 2979 701 2834 2977 517 3018 2979 701 2832 2980 514 3016 2981 699 2832 2980 514 3018 2979 701 2832 2980 514 3016 2981 699 2829 2982 510 3017 2966 700 2829 2982 510 3016 2981 699 2829 2982 510 3017 2966 700 2827 2968 512 2723 2668 406 2987 2921 670 2984 2918 668 2987 2921 670 2723 2668 406 2722 2667 405 2730 2674 413 2984 2918 668 2988 2922 671 2984 2918 668 2730 2674 413 2723 2668 406 2993 2927 676 2729 2674 412 2991 2925 673 2729 2674 412 2993 2927 676 2728 2673 411 2728 2673 411 2993 2927 676 2995 2929 678 2995 2929 678 2727 2672 410 2728 2673 411 2997 2931 680 2726 2671 409 2727 2672 410 2997 2931 680 2727 2672 410 2995 2929 678 2725 2670 407 2997 2931 680 2998 2932 681 2997 2931 680 2725 2670 407 2726 2671 409 2998 2932 681 2722 2667 405 2725 2670 407 2722 2667 405 2998 2932 681 2987 2921 670 2986 2920 669 2955 2892 638 2952 2889 636 2955 2892 638 2986 2920 669 2985 2919 667 2989 2923 672 2952 2889 636 2956 2893 639 2952 2889 636 2989 2923 672 2986 2920 669 2959 2896 641 2992 2926 675 2961 2893 643 2992 2926 675 2959 2896 641 2990 2924 674 2990 2924 674 2959 2896 641 2963 2898 646 2963 2898 646 2994 2928 677 2990 2924 674 2965 2900 648 2996 2930 679 2994 2928 677 2965 2900 648 2994 2928 677 2963 2898 646 2999 2933 682 2965 2900 648 2966 2901 649 2965 2900 648 2999 2933 682 2996 2930 679 2966 2901 649 2985 2919 667 2999 2933 682 2985 2919 667 2966 2901 649 2955 2892 638 2954 2891 637 2971 2906 654 2968 2903 652 2971 2906 654 2954 2891 637 2953 2890 635 2957 2894 640 2968 2903 652 2973 2908 656 2968 2903 652 2957 2894 640 2954 2891 637 2975 2910 657 2958 2895 644 2977 2908 659 2977 2908 659 2958 2895 644 2960 2894 642 2958 2895 644 2975 2910 657 2979 2913 662 2979 2913 662 2962 2897 645 2958 2895 644 2981 2915 664 2964 2899 647 2962 2897 645 2981 2915 664 2962 2897 645 2979 2913 662 2967 2902 650 2981 2915 664 2982 2916 665 2981 2915 664 2967 2902 650 2964 2899 647 2982 2916 665 2953 2890 635 2967 2902 650 2953 2890 635 2982 2916 665 2971 2906 654 2970 2905 653 2736 2680 419 2731 2675 415 2736 2680 419 2970 2905 653 2969 2904 651 2970 2905 653 2733 2677 417 2972 2907 655 2733 2677 417 2970 2905 653 2731 2675 415 2743 2687 427 2974 2909 660 2746 2690 429 2746 2690 429 2974 2909 660 2976 2911 658 2974 2909 660 2743 2687 427 2741 2685 425 2741 2685 425 2978 2912 661 2974 2909 660 2740 2684 423 2980 2914 663 2978 2912 661 2740 2684 423 2978 2912 661 2741 2685 425 2983 2917 666 2740 2684 423 2738 2682 421 2740 2684 423 2983 2917 666 2980 2914 663 2738 2682 421 2969 2904 651 2983 2917 666 2969 2904 651 2738 2682 421 2736 2680 419 2868 2808 551 3025 2983 708 3026 2984 709 3025 2983 708 2868 2808 551 2870 2809 553 3025 2983 708 2870 2809 553 2871 2810 554 2871 2810 554 3027 2985 710 3025 2983 708 3028 2986 711 2871 2810 554 2672 2618 355 2871 2810 554 3028 2986 711 3027 2985 710 3028 2986 711 2671 2617 354 3029 2987 712 2671 2617 354 3028 2986 711 2672 2618 355 3029 2987 712 2673 2619 356 3030 2988 713 2673 2619 356 3029 2987 712 2671 2617 354 3031 2989 714 2673 2619 356 2674 2620 357 2673 2619 356 3031 2989 714 3030 2988 713 3031 2989 714 2674 2620 357 2867 2807 550 3031 2989 714 2867 2807 550 3032 2990 715 2869 2807 552 3026 2984 709 3033 2991 716 3026 2984 709 2869 2807 552 2868 2808 551 3026 2984 709 2933 2870 615 2919 2857 602 2933 2870 615 3026 2984 709 3025 2983 708 3033 2991 716 2919 2857 602 2916 2854 600 2919 2857 602 3033 2991 716 3026 2984 709 2921 2859 605 3031 2989 714 3032 2990 715 2921 2859 605 3032 2990 715 2922 2860 604 2921 2859 605 3030 2988 713 3031 2989 714 3030 2988 713 2921 2859 605 2924 2861 607 3030 2988 713 2924 2861 607 2927 2864 609 3030 2988 713 2927 2864 609 3029 2987 712 2929 2866 612 3029 2987 712 2927 2864 609 3029 2987 712 2929 2866 612 3028 2986 711 2929 2866 612 3027 2985 710 3028 2986 711 3027 2985 710 2929 2866 612 2930 2867 613 3027 2985 710 2930 2867 613 2933 2870 615 3027 2985 710 2933 2870 615 3025 2983 708 2917 2855 599 2944 2881 627 2943 2880 626 2944 2881 627 2917 2855 599 2932 2869 616 2918 2856 601 2943 2880 626 2945 2882 628 2943 2880 626 2918 2856 601 2917 2855 599 2946 2883 630 2920 2858 603 2923 2856 606 2946 2883 630 2923 2856 606 2947 2884 629 2920 2858 603 2946 2883 630 2948 2885 631 2920 2858 603 2948 2885 631 2925 2862 608 2925 2862 608 2948 2885 631 2949 2886 632 2925 2862 608 2949 2886 632 2926 2863 610 2950 2887 633 2926 2863 610 2949 2886 632 2926 2863 610 2950 2887 633 2928 2865 611 2950 2887 633 2931 2868 614 2928 2865 611 2931 2868 614 2950 2887 633 2951 2888 634 2951 2888 634 2932 2869 616 2931 2868 614 2932 2869 616 2951 2888 634 2944 2881 627 2706 2651 389 2914 2852 598 2913 2851 596 2913 2851 596 2708 2653 391 2706 2651 389 2899 2837 581 2706 2651 389 2705 2650 388 2706 2651 389 2899 2837 581 2914 2852 598 2900 2838 583 2705 2650 388 2702 2647 386 2705 2650 388 2900 2838 583 2899 2837 581 2699 2644 382 2902 2840 585 2905 2843 588 2699 2644 382 2905 2843 588 2700 2645 383 2907 2845 590 2699 2644 382 2696 2641 380 2699 2644 382 2907 2845 590 2902 2840 585 2907 2845 590 2696 2641 380 2712 2657 396 2712 2657 396 2908 2846 591 2907 2845 590 2711 2656 394 2908 2846 591 2712 2657 396 2908 2846 591 2711 2656 394 2910 2848 593 2711 2656 394 2913 2851 596 2910 2848 593 2913 2851 596 2711 2656 394 2708 2653 391 2624 2571 307 2620 2567 302 2657 2603 340 2657 2603 340 2650 2596 333 2624 2571 307 2650 2596 333 2622 2569 304 2624 2571 307 2622 2569 304 2650 2596 333 2649 2595 332 2652 2598 334 2622 2569 304 2649 2595 332 2622 2569 304 2652 2598 334 2662 2608 345 2662 2608 345 2652 2598 334 2653 2599 336 2653 2599 336 2664 2610 346 2662 2608 345 2654 2600 337 2664 2610 346 2653 2599 336 2664 2610 346 2654 2600 337 2665 2611 349 2668 2614 351 2654 2600 337 2655 2601 338 2654 2600 337 2668 2614 351 2665 2611 349 2668 2614 351 2656 2602 339 2669 2615 352 2656 2602 339 2668 2614 351 2655 2601 338 2658 2604 341 2620 2567 302 2897 2835 580 2620 2567 302 2658 2604 341 2657 2603 340 3034 2992 268 3035 2993 266 3036 2994 267 3035 2993 266 3034 2992 268 3037 2995 269 3035 2993 266 3038 2996 270 3039 2997 271 3038 2996 270 3035 2993 266 3037 2995 269 3034 2992 268 3040 2998 272 3037 2995 269 3040 2998 272 3034 2992 268 3041 2999 273 3042 3000 274 3040 2998 272 3043 3001 275 3040 2998 272 3042 3000 274 3037 2995 269 3044 3002 276 3038 2996 270 3037 2995 269 3037 2995 269 3042 3000 274 3044 3002 276 3045 3003 278 3046 3000 277 3047 3004 280 3046 3000 277 3045 3003 278 3048 3002 279 3049 3005 281 3047 3004 280 3050 3006 282 3047 3004 280 3049 3005 281 3045 3003 278 3051 3004 283 3052 3007 284 3053 3006 285 3054 3008 286 3052 3007 284 3051 3004 283 3052 3007 284 3054 3008 286 3055 3009 287 3056 3010 288 3054 3008 286 3051 3004 283 3054 3008 286 3056 3010 288 3057 3011 289 3058 3012 290 3044 3002 276 3059 3013 291 3044 3002 276 3058 3012 290 3038 2996 270 3060 3014 294 3061 3015 292 3048 3002 279 3048 3002 279 3061 3015 292 3062 3013 293 3063 3016 295 3064 3017 296 3065 3018 297 3064 3017 296 3063 3016 295 3066 3019 298 3065 3018 297 3067 3020 299 3068 3021 300 3067 3020 299 3065 3018 297 3064 3017 296 3069 3022 301 3070 3023 302 3071 3024 303 3072 3025 305 3073 3026 304 3074 3027 307 3073 3026 304 3072 3025 305 3075 3028 306 3076 3029 309 3077 3030 308 3078 3031 311 3077 3030 308 3076 3029 309 3079 3032 310 3080 3033 312 3081 3034 313 3082 3035 314 3082 3035 314 3081 3034 313 3083 3036 315 3084 3037 317 3085 3038 316 3086 3039 318 3085 3038 316 3084 3037 317 3080 3033 312 3063 3016 295 3087 3040 320 3088 3041 319 3087 3040 320 3063 3016 295 3065 3018 297 3065 3018 297 3089 3042 321 3087 3040 320 3089 3042 321 3065 3018 297 3068 3021 300 3090 3043 322 3091 3044 324 3092 3021 325 3091 3044 324 3090 3043 322 3093 3045 323 3093 3045 323 3090 3043 322 3081 3034 313 3081 3034 313 3094 3046 326 3093 3045 323 3083 3036 315 3090 3043 322 3095 3047 327 3090 3043 322 3083 3036 315 3081 3034 313 3082 3035 314 3085 3038 316 3080 3033 312 3085 3038 316 3082 3035 314 3096 3048 328 3097 3049 329 3085 3038 316 3098 3050 330 3085 3038 316 3097 3049 329 3086 3039 318 3088 3041 319 3098 3050 330 3063 3016 295 3098 3050 330 3088 3041 319 3097 3049 329 3090 3043 322 3092 3021 325 3095 3047 327 3095 3047 327 3092 3021 325 3099 3051 331 3082 3035 314 3083 3036 315 3100 3052 332 3083 3036 315 3101 3053 333 3100 3052 332 3102 3054 335 3103 3055 334 3104 3056 336 3103 3055 334 3102 3054 335 3096 3048 328 3098 3050 330 3096 3048 328 3102 3054 335 3096 3048 328 3098 3050 330 3085 3038 316 3098 3050 330 3066 3019 298 3063 3016 295 3066 3019 298 3098 3050 330 3102 3054 335 3066 3019 298 3104 3056 336 3105 3057 337 3104 3056 336 3066 3019 298 3102 3054 335 3106 3058 338 3067 3020 299 3064 3017 296 3067 3020 299 3106 3058 338 3107 3059 339 3108 3060 340 3095 3047 327 3109 3061 341 3095 3047 327 3099 3051 331 3109 3061 341 3101 3053 333 3083 3036 315 3095 3047 327 3095 3047 327 3108 3060 340 3101 3053 333 3110 3062 342 3072 3025 305 3069 3022 301 3072 3025 305 3110 3062 342 3111 3063 343 3072 3025 305 3111 3063 343 3075 3028 306 3075 3028 306 3112 3064 345 3073 3026 304 3112 3064 345 3075 3028 306 3113 3065 344 3103 3055 334 3096 3048 328 3082 3035 314 3082 3035 314 3100 3052 332 3103 3055 334 3113 3065 344 3114 3066 347 3115 3067 346 3113 3065 344 3115 3067 346 3112 3064 345 3116 3068 348 3115 3067 346 3114 3066 347 3115 3067 346 3116 3068 348 3117 3069 349 3118 3070 351 3119 3071 350 3120 3072 352 3119 3071 350 3118 3070 351 3117 3069 349 3069 3022 301 3121 3073 353 3110 3062 342 3121 3073 353 3069 3022 301 3071 3024 303 3075 3028 306 3122 3074 354 3113 3065 344 3122 3074 354 3075 3028 306 3123 3075 355 3113 3065 344 3124 3076 356 3114 3066 347 3124 3076 356 3113 3065 344 3122 3074 354 3125 3077 357 3114 3066 347 3124 3076 356 3114 3066 347 3125 3077 357 3116 3068 348 3116 3068 348 3119 3071 350 3117 3069 349 3119 3071 350 3116 3068 348 3126 3078 358 3127 3078 359 3071 3024 303 3128 3079 360 3071 3024 303 3127 3078 359 3121 3073 353 3129 3080 362 3130 3081 361 3131 3082 364 3130 3081 361 3129 3080 362 3132 3083 363 3133 3084 366 3134 3085 365 3130 3081 361 3134 3085 365 3131 3082 364 3130 3081 361 3135 3086 367 3134 3085 365 3133 3084 366 3134 3085 365 3135 3086 367 3136 3087 368 3135 3086 367 3137 3088 370 3136 3087 368 3137 3088 370 3135 3086 367 3138 3089 369 3139 3090 371 3132 3083 363 3129 3080 362 3132 3083 363 3139 3090 371 3140 3091 372 3138 3089 369 3141 3092 373 3137 3088 370 3141 3092 373 3138 3089 369 3142 3093 374 3143 3094 375 3141 3092 373 3142 3093 374 3141 3092 373 3143 3094 375 3144 3095 376 3144 3095 376 3143 3094 375 3145 3090 377 3146 3096 378 3145 3090 377 3143 3094 375 3147 3097 380 3148 3098 379 3149 3099 382 3148 3098 379 3147 3097 380 3150 3100 381 3149 3099 382 3148 3098 379 3151 3101 383 3152 3102 384 3151 3101 383 3148 3098 379 3153 3103 386 3154 3104 385 3155 3105 388 3154 3104 385 3153 3103 386 3156 3106 387 3155 3105 388 3154 3104 385 3157 3107 389 3157 3107 389 3154 3104 385 3158 3108 390 3159 3109 392 3160 3110 391 3158 3108 390 3160 3110 391 3157 3107 389 3158 3108 390 3161 3111 393 3160 3110 391 3159 3109 392 3160 3110 391 3161 3111 393 3162 3112 394 3161 3111 393 3163 3113 396 3162 3112 394 3163 3113 396 3161 3111 393 3164 3114 395 3164 3114 395 3147 3097 380 3163 3113 396 3147 3097 380 3164 3114 395 3150 3100 381 3165 3115 397 3161 3111 393 3166 3116 398 3161 3111 393 3165 3115 397 3164 3114 395 3165 3115 397 3150 3100 381 3164 3114 395 3150 3100 381 3165 3115 397 3167 3117 399 3150 3100 381 3168 3118 400 3148 3098 379 3168 3118 400 3150 3100 381 3167 3117 399 3148 3098 379 3169 3119 401 3152 3102 384 3169 3119 401 3148 3098 379 3168 3118 400 3170 3120 402 3154 3104 385 3156 3106 387 3154 3104 385 3170 3120 402 3171 3121 403 3172 3122 404 3158 3108 390 3171 3121 403 3158 3108 390 3154 3104 385 3171 3121 403 3171 3121 403 3173 3123 405 3172 3122 404 3173 3123 405 3171 3121 403 3174 3124 406 3175 3125 407 3166 3116 398 3176 3126 408 3176 3126 408 3173 3123 405 3175 3125 407 3165 3115 397 3175 3125 407 3177 3127 409 3175 3125 407 3165 3115 397 3166 3116 398 3167 3117 399 3177 3127 409 3178 3128 410 3177 3127 409 3167 3117 399 3165 3115 397 3168 3118 400 3178 3128 410 3179 3129 411 3178 3128 410 3168 3118 400 3167 3117 399 3179 3129 411 3169 3119 401 3168 3118 400 3169 3119 401 3179 3129 411 3180 3130 412 3171 3121 403 3181 3130 413 3174 3124 406 3181 3130 413 3171 3121 403 3170 3120 402 3182 3131 415 3183 3132 416 3184 3133 414 3183 3132 416 3182 3131 415 3185 3134 417 3186 3135 418 3182 3131 415 3184 3133 414 3182 3131 415 3186 3135 418 3187 3136 419 3187 3136 419 3188 3137 420 3189 3138 421 3188 3137 420 3187 3136 419 3186 3135 418 3189 3138 421 3190 3139 422 3191 3140 423 3190 3139 422 3189 3138 421 3188 3137 420 3192 3141 425 3190 3139 422 3193 3142 424 3190 3139 422 3192 3141 425 3191 3140 423 3192 3141 425 3193 3142 424 3194 3143 427 3193 3142 424 3195 3144 426 3194 3143 427 3196 3132 428 3197 3134 429 3194 3143 427 3194 3143 427 3195 3144 426 3196 3132 428 3198 3145 430 3190 3139 422 3188 3137 420 3188 3137 420 3199 3146 431 3198 3145 430 3193 3142 424 3198 3145 430 3200 3147 432 3198 3145 430 3193 3142 424 3190 3139 422 3200 3147 432 3195 3144 426 3193 3142 424 3195 3144 426 3200 3147 432 3201 3148 433 3196 3132 428 3195 3144 426 3202 3149 434 3195 3144 426 3201 3148 433 3202 3149 434 3184 3133 414 3203 3150 435 3204 3151 436 3203 3150 435 3184 3133 414 3183 3132 416 3204 3151 436 3186 3135 418 3184 3133 414 3186 3135 418 3204 3151 436 3205 3152 437 3188 3137 420 3205 3152 437 3199 3146 431 3205 3152 437 3188 3137 420 3186 3135 418 3199 3146 431 3206 3153 438 3198 3145 430 3206 3153 438 3199 3146 431 3207 3154 439 3198 3145 430 3206 3153 438 3200 3147 432 3208 3155 440 3200 3147 432 3206 3153 438 3200 3147 432 3208 3155 440 3201 3148 433 3201 3148 433 3208 3155 440 3209 3156 441 3201 3148 433 3210 3157 442 3202 3149 434 3210 3157 442 3201 3148 433 3209 3156 441 3203 3150 435 3211 3157 444 3204 3151 436 3212 3158 443 3204 3151 436 3211 3157 444 3204 3151 436 3213 3159 445 3205 3152 437 3213 3159 445 3204 3151 436 3212 3158 443 3205 3152 437 3213 3159 445 3199 3146 431 3199 3146 431 3213 3159 445 3207 3154 439 3214 3160 448 3215 3161 446 3216 3162 447 3215 3161 446 3214 3160 448 3217 3163 449 3218 3164 451 3219 3165 450 3220 3166 453 3219 3165 450 3218 3164 451 3221 3167 452 3222 3168 455 3223 3169 454 3224 3170 457 3223 3169 454 3222 3168 455 3225 3171 456 3226 3172 458 3222 3168 455 3227 3173 459 3222 3168 455 3226 3172 458 3225 3171 456 3228 3174 461 3229 3172 460 3230 3173 463 3229 3172 460 3228 3174 461 3231 3175 462 3228 3174 461 3216 3162 447 3231 3175 462 3216 3162 447 3228 3174 461 3214 3160 448 3232 3176 465 3233 3177 464 3218 3164 451 3218 3164 451 3233 3177 464 3221 3167 452 3219 3165 450 3221 3167 452 3234 3178 466 3221 3167 452 3235 3179 467 3234 3178 466 3236 3180 468 3219 3165 450 3234 3178 466 3219 3165 450 3236 3180 468 3237 3181 469 3238 3182 470 3219 3165 450 3237 3181 469 3219 3165 450 3238 3182 470 3220 3166 453 3238 3182 470 3239 3183 471 3240 3032 472 3239 3183 471 3238 3182 470 3237 3181 469 3078 3031 311 3232 3176 465 3076 3029 309 3232 3176 465 3078 3031 311 3233 3177 464 3233 3177 464 3241 3184 473 3242 3185 474 3241 3184 473 3233 3177 464 3078 3031 311 3235 3179 467 3233 3177 464 3242 3185 474 3233 3177 464 3235 3179 467 3221 3167 452 3243 3186 475 3235 3179 467 3242 3185 474 3235 3179 467 3243 3186 475 3244 3187 476 3245 3188 477 3246 3189 478 3247 3190 479 3246 3189 478 3245 3188 477 3248 3191 480 3249 3192 482 3245 3188 477 3250 3193 481 3245 3188 477 3247 3190 479 3250 3193 481 3251 3194 483 3235 3179 467 3244 3187 476 3235 3179 467 3251 3194 483 3234 3178 466 3252 3195 484 3249 3192 482 3250 3193 481 3249 3192 482 3252 3195 484 3253 3196 485 3236 3180 468 3251 3194 483 3254 3197 486 3251 3194 483 3236 3180 468 3234 3178 466 3255 3198 488 3256 3199 487 3236 3180 468 3236 3180 468 3254 3197 486 3255 3198 488 3239 3183 471 3237 3181 469 3236 3180 468 3239 3183 471 3236 3180 468 3256 3199 487 3241 3184 473 3257 3200 489 3258 3201 491 3257 3200 489 3241 3184 473 3259 3202 490 3078 3031 311 3259 3202 490 3241 3184 473 3259 3202 490 3078 3031 311 3077 3030 308 3258 3201 491 3242 3185 474 3241 3184 473 3242 3185 474 3258 3201 491 3243 3186 475 3260 3203 492 3248 3191 480 3261 3204 493 3248 3191 480 3260 3203 492 3246 3189 478 3262 3205 496 3263 3206 495 3264 3207 497 3263 3206 495 3262 3205 496 3265 3208 494 3266 3209 498 3263 3206 495 3265 3208 494 3263 3206 495 3266 3209 498 3267 3210 499 3267 3210 499 3266 3209 498 3268 3211 500 3269 3212 501 3268 3211 500 3266 3209 498 3270 3213 502 3252 3195 484 3271 3214 503 3252 3195 484 3270 3213 502 3253 3196 485 3272 3215 504 3264 3207 497 3273 3216 505 3264 3207 497 3272 3215 504 3262 3205 496 3274 3217 506 3275 3218 507 3268 3211 500 3268 3211 500 3269 3212 501 3274 3217 506 3273 3216 505 3276 3217 509 3272 3215 504 3276 3217 509 3273 3216 505 3277 3218 508 3278 3219 512 3279 3220 511 3280 3221 513 3279 3220 511 3278 3219 512 3281 3222 510 3279 3220 511 3281 3222 510 3282 3223 515 3282 3223 515 3281 3222 510 3283 3224 514 3284 3225 517 3285 3226 516 3283 3224 514 3282 3223 515 3283 3224 514 3285 3226 516 3286 3227 518 3285 3226 516 3284 3225 517 3285 3226 516 3286 3227 518 3287 3228 519 3287 3228 519 3288 3229 520 3289 3230 521 3288 3229 520 3287 3228 519 3286 3227 518 3289 3230 521 3290 3231 522 3291 3232 523 3290 3231 522 3289 3230 521 3288 3229 520 3292 3233 525 3293 3234 524 3052 3007 284 3293 3234 524 3053 3006 285 3052 3007 284 3292 3233 525 3036 2994 267 3293 3234 524 3036 2994 267 3292 3233 525 3034 2992 268 3294 3235 526 3292 3233 525 3055 3009 287 3292 3233 525 3052 3007 284 3055 3009 287 3041 2999 273 3034 2992 268 3292 3233 525 3041 2999 273 3292 3233 525 3294 3235 526 3054 3008 286 3295 3236 527 3055 3009 287 3295 3236 527 3054 3008 286 3296 3237 528 3294 3235 526 3295 3236 527 3297 3238 529 3295 3236 527 3294 3235 526 3055 3009 287 3298 3239 530 3054 3008 286 3057 3011 289 3054 3008 286 3298 3239 530 3296 3237 528 3040 2998 272 3299 3240 531 3300 3241 532 3299 3240 531 3040 2998 272 3041 2999 273 3040 2998 272 3300 3241 532 3043 3001 275 3043 3001 275 3300 3241 532 3301 3239 533 3294 3235 526 3299 3240 531 3041 2999 273 3299 3240 531 3294 3235 526 3297 3238 529 3302 3242 534 3303 3243 535 3060 3014 294 3049 3005 281 3060 3014 294 3045 3003 278 3060 3014 294 3049 3005 281 3302 3242 534 3304 3244 536 3303 3243 535 3302 3242 534 3303 3243 535 3304 3244 536 3305 3245 537 3305 3245 537 3306 3246 538 3303 3243 535 3306 3246 538 3305 3245 537 3058 3012 290 3306 3246 538 3060 3014 294 3303 3243 535 3060 3014 294 3306 3246 538 3061 3015 292 3058 3012 290 3307 3247 539 3306 3246 538 3307 3247 539 3058 3012 290 3308 3248 540 3061 3015 292 3307 3247 539 3309 3249 541 3307 3247 539 3061 3015 292 3306 3246 538 3061 3015 292 3310 3250 542 3062 3013 293 3310 3250 542 3061 3015 292 3309 3249 541 3059 3013 291 3308 3248 540 3058 3012 290 3308 3248 540 3059 3013 291 3311 3250 543 3308 3248 540 3312 3251 544 3307 3247 539 3312 3251 544 3308 3248 540 3313 3252 545 3309 3249 541 3312 3251 544 3314 3253 546 3312 3251 544 3309 3249 541 3307 3247 539 3315 3254 547 3310 3250 542 3309 3249 541 3309 3249 541 3314 3253 546 3315 3254 547 3313 3252 545 3311 3250 543 3316 3254 548 3311 3250 543 3313 3252 545 3308 3248 540 3039 2997 271 3305 3245 537 3304 3244 536 3305 3245 537 3039 2997 271 3038 2996 270 3317 3255 549 3224 3170 457 3223 3169 454 3159 3109 392 3176 3126 408 3166 3116 398 3159 3109 392 3166 3116 398 3161 3111 393 3094 3046 326 3080 3033 312 3084 3037 317 3080 3033 312 3094 3046 326 3081 3034 313 3066 3019 298 3105 3057 337 3064 3017 296 3064 3017 296 3105 3057 337 3106 3058 338 3126 3078 358 3125 3077 357 3318 3256 550 3125 3077 357 3126 3078 358 3116 3068 348 3127 3078 359 3319 3257 551 3121 3073 353 3319 3257 551 3127 3078 359 3320 3256 552 3121 3073 353 3319 3257 551 3110 3062 342 3321 3258 553 3110 3062 342 3319 3257 551 3322 3259 554 3111 3063 343 3321 3258 553 3111 3063 343 3110 3062 342 3321 3258 553 3322 3259 554 3075 3028 306 3111 3063 343 3075 3028 306 3322 3259 554 3123 3075 355 3176 3126 408 3159 3109 392 3172 3122 404 3172 3122 404 3159 3109 392 3158 3108 390 3172 3122 404 3173 3123 405 3176 3126 408 3074 3027 307 3069 3022 301 3072 3025 305 3069 3022 301 3074 3027 307 3070 3023 302 3317 3255 549 3215 3161 446 3217 3163 449 3217 3163 449 3224 3170 457 3317 3255 549 3323 3260 556 3260 3203 492 3261 3204 493 3323 3260 556 3261 3204 493 3324 3261 555 3262 3205 496 3325 3262 557 3265 3208 494 3325 3262 557 3262 3205 496 3326 3263 558 3265 3208 494 3327 3264 559 3266 3209 498 3327 3264 559 3265 3208 494 3325 3262 557 3269 3212 501 3266 3209 498 3327 3264 559 3269 3212 501 3327 3264 559 3328 3265 560 3269 3212 501 3329 3266 561 3274 3217 506 3329 3266 561 3269 3212 501 3328 3265 560 3272 3215 504 3276 3217 509 3330 3267 562 3272 3215 504 3330 3267 562 3331 3268 563 3272 3215 504 3326 3263 558 3262 3205 496 3326 3263 558 3272 3215 504 3331 3268 563 3332 3269 564 3278 3219 512 3280 3221 513 3278 3219 512 3332 3269 564 3333 3270 565 3332 3269 564 3334 3271 567 3333 3270 565 3334 3271 567 3332 3269 564 3335 3232 566 3336 3272 568 3337 3273 569 3338 3274 570 3337 3273 569 3336 3272 568 3339 3275 571 3299 3240 531 3336 3272 568 3300 3241 532 3338 3274 570 3300 3241 532 3336 3272 568 3297 3238 529 3340 3276 572 3299 3240 531 3336 3272 568 3299 3240 531 3340 3276 572 3295 3236 527 3340 3276 572 3297 3238 529 3340 3276 572 3295 3236 527 3341 3277 573 3341 3277 573 3296 3237 528 3339 3275 571 3296 3237 528 3341 3277 573 3295 3236 527 3339 3275 571 3296 3237 528 3342 3273 574 3342 3273 574 3296 3237 528 3298 3239 530 3300 3241 532 3338 3274 570 3301 3239 533 3337 3273 569 3301 3239 533 3338 3274 570 3343 3278 575 3344 3279 577 3345 3280 578 3344 3279 577 3343 3278 575 3346 3281 576 3312 3251 544 3344 3279 577 3314 3253 546 3344 3279 577 3312 3251 544 3345 3280 578 3313 3252 545 3345 3280 578 3312 3251 544 3345 3280 578 3313 3252 545 3343 3278 575 3316 3254 548 3343 3278 575 3313 3252 545 3343 3278 575 3316 3254 548 3347 3281 579 3344 3279 577 3315 3254 547 3314 3253 546 3315 3254 547 3344 3279 577 3346 3281 576 3070 3023 302 3348 3282 580 3071 3024 303 3071 3024 303 3348 3282 580 3128 3079 360 3048 3002 279 3045 3003 278 3060 3014 294 3339 3275 571 3340 3276 572 3341 3277 573 3340 3276 572 3339 3275 571 3336 3272 568 3305 3245 537 3038 2996 270 3058 3012 290 3349 3283 582 3350 3284 581 3351 3285 584 3350 3284 581 3349 3283 582 3352 3286 583 3353 3287 587 3354 3288 585 3355 3289 586 3356 3290 588 3355 3289 586 3354 3288 585 3357 3291 589 3354 3288 585 3353 3287 587 3354 3288 585 3357 3291 589 3358 3292 590 3359 3293 592 3360 3294 591 3357 3291 589 3360 3294 591 3358 3292 590 3357 3291 589 3361 3295 593 3359 3293 592 3362 3296 594 3359 3293 592 3361 3295 593 3360 3294 591 3361 3295 593 3363 3297 595 3364 3298 596 3363 3297 595 3361 3295 593 3362 3296 594 3364 3298 596 3363 3297 595 3365 3299 598 3363 3297 595 3366 3300 597 3365 3299 598 3351 3285 584 3350 3284 581 3366 3300 597 3366 3300 597 3350 3284 581 3365 3299 598 3367 3301 600 3368 3302 599 3369 3303 602 3368 3302 599 3367 3301 600 3370 3304 601 3371 3305 605 3372 3306 603 3373 3307 604 3374 3308 606 3373 3307 604 3372 3306 603 3375 3309 607 3372 3306 603 3371 3305 605 3372 3306 603 3375 3309 607 3376 3310 608 3377 3311 609 3378 3312 610 3375 3309 607 3375 3309 607 3378 3312 610 3376 3310 608 3379 3313 611 3377 3311 609 3380 3314 612 3377 3311 609 3379 3313 611 3378 3312 610 3381 3315 613 3379 3313 611 3380 3314 612 3379 3313 611 3381 3315 613 3382 3316 614 3382 3316 614 3381 3315 613 3383 3317 616 3381 3315 613 3384 3318 615 3383 3317 616 3369 3303 602 3383 3317 616 3384 3318 615 3383 3317 616 3369 3303 602 3368 3302 599 3385 3319 617 3366 3300 597 3386 3320 618 3366 3300 597 3385 3319 617 3351 3285 584 3387 3321 619 3351 3285 584 3385 3319 617 3351 3285 584 3387 3321 619 3349 3283 582 3388 3322 621 3353 3287 587 3389 3323 620 3355 3289 586 3389 3323 620 3353 3287 587 3390 3324 622 3353 3287 587 3388 3322 621 3353 3287 587 3390 3324 622 3357 3291 589 3391 3325 623 3359 3293 592 3390 3324 622 3359 3293 592 3357 3291 589 3390 3324 622 3362 3296 594 3391 3325 623 3392 3326 624 3391 3325 623 3362 3296 594 3359 3293 592 3362 3296 594 3393 3327 625 3363 3297 595 3393 3327 625 3362 3296 594 3392 3326 624 3363 3297 595 3393 3327 625 3366 3300 597 3393 3327 625 3386 3320 618 3366 3300 597 3394 3328 626 3131 3082 364 3395 3329 627 3131 3082 364 3394 3328 626 3129 3080 362 3396 3330 628 3129 3080 362 3394 3328 626 3129 3080 362 3396 3330 628 3139 3090 371 3145 3090 377 3397 3331 629 3144 3095 376 3397 3331 629 3398 3332 630 3144 3095 376 3144 3095 376 3399 3333 631 3141 3092 373 3399 3333 631 3144 3095 376 3398 3332 630 3137 3088 370 3399 3333 631 3400 3334 632 3399 3333 631 3137 3088 370 3141 3092 373 3136 3087 368 3400 3334 632 3401 3335 633 3400 3334 632 3136 3087 368 3137 3088 370 3136 3087 368 3402 3336 634 3134 3085 365 3402 3336 634 3136 3087 368 3401 3335 633 3134 3085 365 3402 3336 634 3131 3082 364 3402 3336 634 3395 3329 627 3131 3082 364 3140 3091 372 3385 3319 617 3132 3083 363 3385 3319 617 3140 3091 372 3387 3321 619 3143 3094 375 3388 3322 621 3146 3096 378 3389 3323 620 3146 3096 378 3388 3322 621 3142 3093 374 3388 3322 621 3143 3094 375 3388 3322 621 3142 3093 374 3390 3324 622 3138 3089 369 3390 3324 622 3142 3093 374 3390 3324 622 3138 3089 369 3391 3325 623 3392 3326 624 3138 3089 369 3135 3086 367 3138 3089 369 3392 3326 624 3391 3325 623 3392 3326 624 3133 3084 366 3393 3327 625 3133 3084 366 3392 3326 624 3135 3086 367 3393 3327 625 3133 3084 366 3386 3320 618 3133 3084 366 3130 3081 361 3386 3320 618 3132 3083 363 3385 3319 617 3130 3081 361 3130 3081 361 3385 3319 617 3386 3320 618 3403 3337 636 3404 3338 635 3405 3339 638 3404 3338 635 3403 3337 636 3406 3340 637 3406 3340 637 3407 3341 639 3408 3342 640 3407 3341 639 3406 3340 637 3403 3337 636 3409 3342 642 3410 3341 643 3411 3343 641 3411 3343 641 3412 3344 644 3409 3342 642 3413 3345 646 3414 3346 645 3411 3343 641 3414 3346 645 3412 3344 644 3411 3343 641 3413 3345 646 3415 3347 647 3414 3346 645 3415 3347 647 3413 3345 646 3416 3348 648 3417 3349 649 3415 3347 647 3416 3348 648 3415 3347 647 3417 3349 649 3418 3350 650 3405 3339 638 3418 3350 650 3417 3349 649 3418 3350 650 3405 3339 638 3404 3338 635 3419 3351 651 3420 3352 652 3421 3353 653 3420 3352 652 3419 3351 651 3422 3354 654 3420 3352 652 3423 3355 655 3421 3353 653 3423 3355 655 3420 3352 652 3424 3356 656 3425 3357 658 3426 3358 659 3427 3359 657 3427 3359 657 3428 3360 660 3425 3357 658 3429 3361 662 3430 3362 661 3427 3359 657 3430 3362 661 3428 3360 660 3427 3359 657 3429 3361 662 3431 3363 663 3430 3362 661 3431 3363 663 3429 3361 662 3432 3364 664 3433 3365 665 3431 3363 663 3432 3364 664 3431 3363 663 3433 3365 665 3434 3366 666 3422 3354 654 3434 3366 666 3433 3365 665 3434 3366 666 3422 3354 654 3419 3351 651 3435 3367 668 3436 3368 667 3437 3369 670 3436 3368 667 3435 3367 668 3438 3370 669 3438 3370 669 3439 3371 671 3440 3372 672 3439 3371 671 3438 3370 669 3435 3367 668 3441 3373 673 3442 3374 674 3443 3372 675 3442 3374 674 3441 3373 673 3444 3375 676 3445 3376 678 3446 3377 677 3444 3375 676 3446 3377 677 3442 3374 674 3444 3375 676 3445 3376 678 3447 3378 679 3446 3377 677 3447 3378 679 3445 3376 678 3448 3379 680 3449 3380 681 3447 3378 679 3448 3379 680 3447 3378 679 3449 3380 681 3450 3381 682 3437 3369 670 3450 3381 682 3449 3380 681 3450 3381 682 3437 3369 670 3436 3368 667 3451 3382 684 3452 3383 683 3453 3384 686 3452 3383 683 3451 3382 684 3454 3385 685 3453 3384 686 3452 3383 683 3455 3386 688 3455 3386 688 3452 3383 683 3456 3387 687 3455 3386 688 3457 3388 689 3458 3389 690 3457 3388 689 3455 3386 688 3456 3387 687 3459 3390 691 3458 3389 690 3457 3388 689 3458 3389 690 3459 3390 691 3460 3391 692 3460 3391 692 3459 3390 691 3461 3392 694 3461 3392 694 3459 3390 691 3462 3393 693 3461 3392 694 3463 3394 695 3464 3395 696 3463 3394 695 3461 3392 694 3462 3393 693 3454 3385 685 3465 3395 697 3466 3396 698 3465 3395 697 3454 3385 685 3451 3382 684 3454 3385 685 3216 3162 447 3452 3383 683 3216 3162 447 3454 3385 685 3231 3175 462 3452 3383 683 3215 3161 446 3456 3387 687 3215 3161 446 3452 3383 683 3216 3162 447 3456 3387 687 3317 3255 549 3457 3388 689 3317 3255 549 3456 3387 687 3215 3161 446 3457 3388 689 3317 3255 549 3459 3390 691 3223 3169 454 3459 3390 691 3317 3255 549 3459 3390 691 3223 3169 454 3462 3393 693 3462 3393 693 3223 3169 454 3225 3171 456 3462 3393 693 3226 3172 458 3463 3394 695 3226 3172 458 3462 3393 693 3225 3171 456 3231 3175 462 3466 3396 698 3229 3172 460 3466 3396 698 3231 3175 462 3454 3385 685 3036 2994 267 3467 3397 699 3468 3398 700 3467 3397 699 3036 2994 267 3035 2993 266 3467 3397 699 3035 2993 266 3469 3399 701 3469 3399 701 3035 2993 266 3039 2997 271 3304 3244 536 3470 3400 702 3039 2997 271 3469 3399 701 3039 2997 271 3470 3400 702 3302 3242 534 3470 3400 702 3304 3244 536 3470 3400 702 3302 3242 534 3471 3401 703 3471 3401 703 3049 3005 281 3472 3402 704 3049 3005 281 3471 3401 703 3302 3242 534 3472 3402 704 3050 3006 282 3473 3403 705 3050 3006 282 3472 3402 704 3049 3005 281 3474 3404 707 3053 3006 285 3293 3234 524 3053 3006 285 3474 3404 707 3475 3403 706 3474 3404 707 3036 2994 267 3468 3398 700 3036 2994 267 3474 3404 707 3293 3234 524 3212 3158 443 3453 3384 686 3213 3159 445 3453 3384 686 3212 3158 443 3451 3382 684 3451 3382 684 3211 3157 444 3465 3395 697 3211 3157 444 3451 3382 684 3212 3158 443 3209 3156 441 3464 3395 696 3210 3157 442 3464 3395 696 3209 3156 441 3461 3392 694 3208 3155 440 3460 3391 692 3209 3156 441 3209 3156 441 3460 3391 692 3461 3392 694 3460 3391 692 3206 3153 438 3458 3389 690 3206 3153 438 3460 3391 692 3208 3155 440 3207 3154 439 3458 3389 690 3206 3153 438 3458 3389 690 3207 3154 439 3455 3386 688 3213 3159 445 3453 3384 686 3207 3154 439 3207 3154 439 3453 3384 686 3455 3386 688 3248 3191 480 3244 3187 476 3243 3186 475 3244 3187 476 3248 3191 480 3245 3188 477 3249 3192 482 3244 3187 476 3245 3188 477 3244 3187 476 3249 3192 482 3251 3194 483 3251 3194 483 3249 3192 482 3254 3197 486 3254 3197 486 3249 3192 482 3253 3196 485 3270 3213 502 3254 3197 486 3253 3196 485 3254 3197 486 3270 3213 502 3255 3198 488 3261 3204 493 3258 3201 491 3324 3261 555 3258 3201 491 3257 3200 489 3324 3261 555 3261 3204 493 3243 3186 475 3258 3201 491 3243 3186 475 3261 3204 493 3248 3191 480 3273 3216 505 3246 3189 478 3260 3203 492 3246 3189 478 3273 3216 505 3264 3207 497 3260 3203 492 3277 3218 508 3273 3216 505 3277 3218 508 3260 3203 492 3323 3260 556 3275 3218 507 3271 3214 503 3252 3195 484 3252 3195 484 3268 3211 500 3275 3218 507 3250 3193 481 3268 3211 500 3252 3195 484 3268 3211 500 3250 3193 481 3267 3210 499 3267 3210 499 3247 3190 479 3263 3206 495 3247 3190 479 3267 3210 499 3250 3193 481 3264 3207 497 3247 3190 479 3246 3189 478 3247 3190 479 3264 3207 497 3263 3206 495 3228 3174 461 3232 3176 465 3214 3160 448 3232 3176 465 3228 3174 461 3076 3029 309 3228 3174 461 3079 3032 310 3076 3029 309 3079 3032 310 3228 3174 461 3230 3173 463 3222 3168 455 3240 3032 472 3227 3173 459 3240 3032 472 3222 3168 455 3238 3182 470 3222 3168 455 3220 3166 453 3238 3182 470 3220 3166 453 3222 3168 455 3224 3170 457 3217 3163 449 3220 3166 453 3224 3170 457 3220 3166 453 3217 3163 449 3218 3164 451 3214 3160 448 3232 3176 465 3217 3163 449 3217 3163 449 3232 3176 465 3218 3164 451 3327 3264 559 3285 3405 516 3287 3406 519 3285 3405 516 3325 3262 557 3282 3407 515 3325 3262 557 3285 3405 516 3327 3264 559 3279 3408 511 3325 3262 557 3326 3263 558 3325 3262 557 3279 3408 511 3282 3407 515 3326 3263 558 3280 3409 513 3279 3408 511 3280 3409 513 3326 3263 558 3331 3268 563 3331 3268 563 3332 3410 564 3280 3409 513 3331 3268 563 3335 3411 566 3332 3410 564 3335 3411 566 3331 3268 563 3330 3267 562 3328 3265 560 3291 3412 523 3329 3266 561 3291 3412 523 3328 3265 560 3289 3413 521 3289 3413 521 3328 3265 560 3327 3264 559 3327 3264 559 3287 3406 519 3289 3413 521 3333 3414 565 3468 3415 700 3278 3416 512 3468 3415 700 3333 3414 565 3474 3417 707 3333 3414 565 3475 3418 706 3474 3417 707 3475 3418 706 3333 3414 565 3334 3419 567 3288 3420 520 3473 3421 705 3290 3419 522 3473 3421 705 3288 3420 520 3472 3422 704 3286 3423 518 3472 3422 704 3288 3420 520 3472 3422 704 3286 3423 518 3471 3424 703 3471 3424 703 3284 3425 517 3470 3426 702 3284 3425 517 3471 3424 703 3286 3423 518 3470 3426 702 3284 3425 517 3469 3427 701 3283 3428 514 3469 3427 701 3284 3425 517 3281 3429 510 3467 3430 699 3283 3428 514 3283 3428 514 3467 3430 699 3469 3427 701 3468 3415 700 3281 3429 510 3278 3416 512 3281 3429 510 3468 3415 700 3467 3430 699 3174 3124 406 3437 3369 670 3173 3123 405 3437 3369 670 3174 3124 406 3435 3367 668 3435 3367 668 3181 3130 413 3439 3371 671 3181 3130 413 3435 3367 668 3174 3124 406 3180 3130 412 3444 3375 676 3441 3373 673 3444 3375 676 3180 3130 412 3179 3129 411 3178 3128 410 3445 3376 678 3179 3129 411 3445 3376 678 3444 3375 676 3179 3129 411 3178 3128 410 3448 3379 680 3445 3376 678 3448 3379 680 3178 3128 410 3177 3127 409 3175 3125 407 3448 3379 680 3177 3127 409 3448 3379 680 3175 3125 407 3449 3380 681 3173 3123 405 3449 3380 681 3175 3125 407 3449 3380 681 3173 3123 405 3437 3369 670 3438 3370 669 3405 3339 638 3436 3368 667 3405 3339 638 3438 3370 669 3403 3337 636 3403 3337 636 3440 3372 672 3407 3341 639 3440 3372 672 3403 3337 636 3438 3370 669 3443 3372 675 3411 3343 641 3410 3341 643 3411 3343 641 3443 3372 675 3442 3374 674 3446 3377 677 3413 3345 646 3442 3374 674 3413 3345 646 3411 3343 641 3442 3374 674 3446 3377 677 3416 3348 648 3413 3345 646 3416 3348 648 3446 3377 677 3447 3378 679 3450 3381 682 3416 3348 648 3447 3378 679 3416 3348 648 3450 3381 682 3417 3349 649 3436 3368 667 3417 3349 649 3450 3381 682 3417 3349 649 3436 3368 667 3405 3339 638 3406 3340 637 3422 3354 654 3404 3338 635 3422 3354 654 3406 3340 637 3420 3352 652 3406 3340 637 3424 3356 656 3420 3352 652 3424 3356 656 3406 3340 637 3408 3342 640 3426 3358 659 3409 3342 642 3412 3344 644 3412 3344 644 3427 3359 657 3426 3358 659 3414 3346 645 3429 3361 662 3412 3344 644 3429 3361 662 3427 3359 657 3412 3344 644 3414 3346 645 3432 3364 664 3429 3361 662 3432 3364 664 3414 3346 645 3415 3347 647 3418 3350 650 3432 3364 664 3415 3347 647 3432 3364 664 3418 3350 650 3433 3365 665 3404 3338 635 3433 3365 665 3418 3350 650 3433 3365 665 3404 3338 635 3422 3354 654 3187 3136 419 3421 3353 653 3182 3131 415 3421 3353 653 3187 3136 419 3419 3351 651 3421 3353 653 3185 3134 417 3182 3131 415 3185 3134 417 3421 3353 653 3423 3355 655 3197 3134 429 3425 3357 658 3428 3360 660 3428 3360 660 3194 3143 427 3197 3134 429 3430 3362 661 3192 3141 425 3428 3360 660 3428 3360 660 3192 3141 425 3194 3143 427 3430 3362 661 3191 3140 423 3192 3141 425 3191 3140 423 3430 3362 661 3431 3363 663 3434 3366 666 3191 3140 423 3431 3363 663 3191 3140 423 3434 3366 666 3189 3138 421 3419 3351 651 3189 3138 421 3434 3366 666 3189 3138 421 3419 3351 651 3187 3136 419 3319 3257 551 3476 3431 708 3321 3258 553 3476 3431 708 3319 3257 551 3477 3432 709 3321 3258 553 3476 3431 708 3322 3259 554 3478 3433 710 3322 3259 554 3476 3431 708 3322 3259 554 3479 3434 711 3123 3075 355 3479 3434 711 3322 3259 554 3478 3433 710 3479 3434 711 3122 3074 354 3123 3075 355 3122 3074 354 3479 3434 711 3480 3435 712 3480 3435 712 3124 3076 356 3122 3074 354 3124 3076 356 3480 3435 712 3481 3436 713 3482 3437 714 3124 3076 356 3481 3436 713 3124 3076 356 3482 3437 714 3125 3077 357 3125 3077 357 3482 3437 714 3318 3256 550 3483 3438 715 3318 3256 550 3482 3437 714 3320 3256 552 3477 3432 709 3319 3257 551 3477 3432 709 3320 3256 552 3484 3439 716 3477 3432 709 3384 3318 615 3476 3431 708 3384 3318 615 3477 3432 709 3369 3303 602 3484 3439 716 3369 3303 602 3477 3432 709 3369 3303 602 3484 3439 716 3367 3301 600 3482 3437 714 3371 3305 605 3483 3438 715 3373 3307 604 3483 3438 715 3371 3305 605 3481 3436 713 3371 3305 605 3482 3437 714 3371 3305 605 3481 3436 713 3375 3309 607 3377 3311 609 3481 3436 713 3480 3435 712 3481 3436 713 3377 3311 609 3375 3309 607 3380 3314 612 3480 3435 712 3479 3434 711 3480 3435 712 3380 3314 612 3377 3311 609 3478 3433 710 3380 3314 612 3479 3434 711 3380 3314 612 3478 3433 710 3381 3315 613 3381 3315 613 3478 3433 710 3384 3318 615 3478 3433 710 3476 3431 708 3384 3318 615 3368 3302 599 3395 3329 627 3383 3317 616 3395 3329 627 3368 3302 599 3394 3328 626 3370 3304 601 3394 3328 626 3368 3302 599 3394 3328 626 3370 3304 601 3396 3330 628 3372 3306 603 3398 3332 630 3374 3308 606 3397 3331 629 3374 3308 606 3398 3332 630 3376 3310 608 3398 3332 630 3372 3306 603 3398 3332 630 3376 3310 608 3399 3333 631 3400 3334 632 3376 3310 608 3378 3312 610 3376 3310 608 3400 3334 632 3399 3333 631 3401 3335 633 3378 3312 610 3379 3313 611 3378 3312 610 3401 3335 633 3400 3334 632 3401 3335 633 3382 3316 614 3402 3336 634 3382 3316 614 3401 3335 633 3379 3313 611 3402 3336 634 3382 3316 614 3395 3329 627 3382 3316 614 3383 3317 616 3395 3329 627 3160 3110 391 3364 3298 596 3157 3107 389 3364 3298 596 3365 3299 598 3157 3107 389 3350 3284 581 3157 3107 389 3365 3299 598 3157 3107 389 3350 3284 581 3155 3105 388 3352 3286 583 3155 3105 388 3350 3284 581 3155 3105 388 3352 3286 583 3153 3103 386 3354 3288 585 3149 3099 382 3356 3290 588 3151 3101 383 3356 3290 588 3149 3099 382 3358 3292 590 3149 3099 382 3354 3288 585 3149 3099 382 3358 3292 590 3147 3097 380 3360 3294 591 3163 3113 396 3358 3292 590 3163 3113 396 3147 3097 380 3358 3292 590 3162 3112 394 3360 3294 591 3361 3295 593 3360 3294 591 3162 3112 394 3163 3113 396 3162 3112 394 3364 3298 596 3160 3110 391 3364 3298 596 3162 3112 394 3361 3295 593 3101 3053 333 3108 3060 340 3074 3027 307 3108 3060 340 3070 3023 302 3074 3027 307 3101 3053 333 3073 3026 304 3100 3052 332 3073 3026 304 3101 3053 333 3074 3027 307 3100 3052 332 3073 3026 304 3103 3055 334 3112 3064 345 3103 3055 334 3073 3026 304 3115 3067 346 3104 3056 336 3112 3064 345 3104 3056 336 3103 3055 334 3112 3064 345 3105 3057 337 3115 3067 346 3117 3069 349 3115 3067 346 3105 3057 337 3104 3056 336 3105 3057 337 3118 3070 351 3106 3058 338 3118 3070 351 3105 3057 337 3117 3069 349 3118 3070 351 3107 3059 339 3106 3058 338 3107 3059 339 3118 3070 351 3120 3072 352 3070 3023 302 3109 3061 341 3348 3282 580 3109 3061 341 3070 3023 302 3108 3060 340 3485 3440 267 3486 3441 266 3487 3442 268 3486 3441 266 3488 3443 269 3487 3442 268 3489 3444 270 3486 3441 266 3490 3445 271 3486 3441 266 3489 3444 270 3488 3443 269 3491 3446 272 3487 3442 268 3488 3443 269 3487 3442 268 3491 3446 272 3492 3447 273 3491 3446 272 3493 3448 274 3494 3449 275 3493 3448 274 3491 3446 272 3488 3443 269 3489 3444 270 3495 3450 276 3488 3443 269 3488 3443 269 3495 3450 276 3493 3448 274 3496 3451 278 3497 3448 277 3498 3450 279 3497 3448 277 3496 3451 278 3499 3452 280 3500 3453 281 3499 3452 280 3496 3451 278 3499 3452 280 3500 3453 281 3501 3454 282 3502 3455 283 3503 3454 285 3504 3456 284 3504 3456 284 3505 3457 286 3502 3455 283 3505 3457 286 3504 3456 284 3506 3458 287 3507 3448 288 3505 3457 286 3508 3459 289 3505 3457 286 3507 3448 288 3502 3455 283 3509 3460 290 3495 3450 276 3489 3444 270 3495 3450 276 3509 3460 290 3510 3461 291 3511 3462 294 3498 3450 279 3512 3463 292 3498 3450 279 3513 3464 293 3512 3463 292 3514 3465 295 3515 3466 296 3516 3467 298 3515 3466 296 3514 3465 295 3517 3468 297 3517 3468 297 3518 3469 299 3515 3466 296 3518 3469 299 3517 3468 297 3519 3470 300 3520 3471 301 3521 3472 303 3522 3473 302 3523 3474 304 3524 3475 305 3525 3476 307 3524 3475 305 3523 3474 304 3526 3477 306 3527 3478 308 3528 3479 309 3529 3480 311 3528 3479 309 3527 3478 308 3530 3481 310 3531 3482 313 3532 3483 312 3533 3484 314 3531 3482 313 3533 3484 314 3534 3485 315 3535 3486 317 3536 3487 316 3532 3483 312 3536 3487 316 3535 3486 317 3537 3488 318 3514 3465 295 3538 3489 319 3539 3490 320 3539 3490 320 3517 3468 297 3514 3465 295 3517 3468 297 3540 3491 321 3519 3470 300 3540 3491 321 3517 3468 297 3539 3490 320 3541 3470 325 3542 3492 324 3543 3493 322 3543 3493 322 3542 3492 324 3544 3494 323 3543 3493 322 3544 3494 323 3531 3482 313 3545 3495 326 3531 3482 313 3544 3494 323 3543 3493 322 3534 3485 315 3546 3496 327 3534 3485 315 3543 3493 322 3531 3482 313 3536 3487 316 3533 3484 314 3532 3483 312 3533 3484 314 3536 3487 316 3547 3497 328 3548 3498 329 3536 3487 316 3537 3488 318 3536 3487 316 3548 3498 329 3549 3499 330 3538 3489 319 3549 3499 330 3548 3498 329 3549 3499 330 3538 3489 319 3514 3465 295 3541 3470 325 3543 3493 322 3546 3496 327 3541 3470 325 3546 3496 327 3550 3500 331 3533 3484 314 3551 3501 332 3534 3485 315 3534 3485 315 3551 3501 332 3552 3502 333 3553 3503 335 3554 3504 334 3547 3497 328 3554 3504 334 3553 3503 335 3555 3505 336 3549 3499 330 3547 3497 328 3536 3487 316 3547 3497 328 3549 3499 330 3553 3503 335 3549 3499 330 3514 3465 295 3516 3467 298 3549 3499 330 3516 3467 298 3553 3503 335 3555 3505 336 3516 3467 298 3556 3506 337 3516 3467 298 3555 3505 336 3553 3503 335 3557 3507 338 3518 3469 299 3558 3508 339 3518 3469 299 3557 3507 338 3515 3466 296 3559 3509 341 3546 3496 327 3560 3510 340 3546 3496 327 3559 3509 341 3550 3500 331 3552 3502 333 3546 3496 327 3534 3485 315 3546 3496 327 3552 3502 333 3560 3510 340 3520 3471 301 3524 3475 305 3561 3511 342 3561 3511 342 3524 3475 305 3562 3512 343 3524 3475 305 3526 3477 306 3562 3512 343 3563 3513 345 3526 3477 306 3523 3474 304 3526 3477 306 3563 3513 345 3564 3514 344 3554 3504 334 3533 3484 314 3547 3497 328 3533 3484 314 3554 3504 334 3551 3501 332 3564 3514 344 3565 3515 346 3566 3516 347 3565 3515 346 3564 3514 344 3563 3513 345 3567 3517 348 3566 3516 347 3565 3515 346 3567 3517 348 3565 3515 346 3568 3518 349 3569 3519 350 3570 3520 351 3571 3521 352 3570 3520 351 3569 3519 350 3568 3518 349 3572 3522 353 3520 3471 301 3561 3511 342 3520 3471 301 3572 3522 353 3521 3472 303 3526 3477 306 3573 3523 354 3574 3524 355 3573 3523 354 3526 3477 306 3564 3514 344 3564 3514 344 3575 3525 356 3573 3523 354 3575 3525 356 3564 3514 344 3566 3516 347 3566 3516 347 3576 3526 357 3575 3525 356 3576 3526 357 3566 3516 347 3567 3517 348 3567 3517 348 3569 3519 350 3577 3527 358 3569 3519 350 3567 3517 348 3568 3518 349 3578 3527 359 3521 3472 303 3572 3522 353 3521 3472 303 3578 3527 359 3579 3528 360 3580 3529 361 3581 3530 362 3582 3531 364 3581 3530 362 3580 3529 361 3583 3532 363 3580 3529 361 3584 3533 365 3585 3534 366 3584 3533 365 3580 3529 361 3582 3531 364 3586 3535 367 3584 3533 365 3587 3536 368 3584 3533 365 3586 3535 367 3585 3534 366 3586 3535 367 3587 3536 368 3588 3537 370 3588 3537 370 3589 3538 369 3586 3535 367 3583 3532 363 3590 3539 371 3581 3530 362 3590 3539 371 3583 3532 363 3591 3540 372 3589 3538 369 3588 3537 370 3592 3541 373 3592 3541 373 3593 3542 374 3589 3538 369 3592 3541 373 3594 3543 375 3593 3542 374 3594 3543 375 3592 3541 373 3595 3544 376 3596 3539 377 3597 3545 378 3594 3543 375 3596 3539 377 3594 3543 375 3595 3544 376 3598 3546 379 3599 3547 380 3600 3548 382 3599 3547 380 3598 3546 379 3601 3549 381 3602 3550 383 3603 3551 384 3598 3546 379 3602 3550 383 3598 3546 379 3600 3548 382 3604 3552 385 3605 3553 386 3606 3554 388 3605 3553 386 3604 3552 385 3607 3555 387 3608 3556 389 3609 3557 390 3604 3552 385 3608 3556 389 3604 3552 385 3606 3554 388 3609 3557 390 3610 3558 391 3611 3559 392 3610 3558 391 3609 3557 390 3608 3556 389 3612 3560 393 3610 3558 391 3613 3561 394 3610 3558 391 3612 3560 393 3611 3559 392 3612 3560 393 3613 3561 394 3614 3562 396 3614 3562 396 3615 3563 395 3612 3560 393 3599 3547 380 3615 3563 395 3614 3562 396 3615 3563 395 3599 3547 380 3601 3549 381 3616 3564 397 3612 3560 393 3615 3563 395 3612 3560 393 3616 3564 397 3617 3565 398 3616 3564 397 3615 3563 395 3601 3549 381 3616 3564 397 3601 3549 381 3618 3566 399 3601 3549 381 3619 3567 400 3618 3566 399 3619 3567 400 3601 3549 381 3598 3546 379 3620 3568 401 3598 3546 379 3603 3551 384 3598 3546 379 3620 3568 401 3619 3567 400 3621 3568 402 3604 3552 385 3622 3569 403 3604 3552 385 3621 3568 402 3607 3555 387 3623 3570 404 3622 3569 403 3609 3557 390 3609 3557 390 3622 3569 403 3604 3552 385 3622 3569 403 3624 3571 405 3625 3572 406 3624 3571 405 3622 3569 403 3623 3570 404 3617 3565 398 3626 3573 407 3627 3574 408 3627 3574 408 3626 3573 407 3624 3571 405 3616 3564 397 3626 3573 407 3617 3565 398 3626 3573 407 3616 3564 397 3628 3575 409 3628 3575 409 3618 3566 399 3629 3576 410 3618 3566 399 3628 3575 409 3616 3564 397 3619 3567 400 3629 3576 410 3618 3566 399 3629 3576 410 3619 3567 400 3630 3577 411 3620 3568 401 3630 3577 411 3619 3567 400 3630 3577 411 3620 3568 401 3631 3578 412 3622 3569 403 3632 3578 413 3621 3568 402 3632 3578 413 3622 3569 403 3625 3572 406 3633 3579 415 3634 3580 414 3635 3581 416 3635 3581 416 3636 3582 417 3633 3579 415 3637 3583 418 3633 3579 415 3638 3584 419 3633 3579 415 3637 3583 418 3634 3580 414 3639 3585 420 3638 3584 419 3640 3586 421 3638 3584 419 3639 3585 420 3637 3583 418 3641 3587 422 3640 3586 421 3642 3588 423 3640 3586 421 3641 3587 422 3639 3585 420 3643 3589 425 3644 3590 424 3641 3587 422 3643 3589 425 3641 3587 422 3642 3588 423 3645 3591 427 3644 3590 424 3643 3589 425 3644 3590 424 3645 3591 427 3646 3592 426 3647 3582 429 3648 3581 428 3645 3591 427 3645 3591 427 3648 3581 428 3646 3592 426 3641 3587 422 3649 3593 430 3639 3585 420 3639 3585 420 3649 3593 430 3650 3594 431 3644 3590 424 3649 3593 430 3641 3587 422 3649 3593 430 3644 3590 424 3651 3595 432 3646 3592 426 3651 3595 432 3644 3590 424 3651 3595 432 3646 3592 426 3652 3596 433 3648 3581 428 3653 3597 434 3646 3592 426 3646 3592 426 3653 3597 434 3652 3596 433 3654 3597 435 3634 3580 414 3655 3598 436 3634 3580 414 3654 3597 435 3635 3581 416 3637 3583 418 3655 3598 436 3634 3580 414 3655 3598 436 3637 3583 418 3656 3599 437 3639 3585 420 3656 3599 437 3637 3583 418 3656 3599 437 3639 3585 420 3650 3594 431 3650 3594 431 3657 3600 438 3658 3601 439 3657 3600 438 3650 3594 431 3649 3593 430 3651 3595 432 3659 3602 440 3657 3600 438 3651 3595 432 3657 3600 438 3649 3593 430 3659 3602 440 3651 3595 432 3652 3596 433 3652 3596 433 3660 3603 441 3659 3602 440 3652 3596 433 3661 3604 442 3660 3603 441 3661 3604 442 3652 3596 433 3653 3597 434 3662 3605 444 3655 3598 436 3663 3606 443 3655 3598 436 3662 3605 444 3654 3597 435 3655 3598 436 3664 3607 445 3663 3606 443 3664 3607 445 3655 3598 436 3656 3599 437 3664 3607 445 3656 3599 437 3650 3594 431 3650 3594 431 3658 3601 439 3664 3607 445 3665 3608 449 3666 3609 448 3667 3610 446 3668 3611 447 3667 3610 446 3666 3609 448 3669 3612 450 3670 3613 451 3671 3614 453 3670 3613 451 3669 3612 450 3672 3615 452 3673 3616 454 3674 3617 455 3675 3618 457 3674 3617 455 3673 3616 454 3676 3619 456 3677 3620 458 3674 3617 455 3676 3619 456 3674 3617 455 3677 3620 458 3678 3621 459 3679 3620 460 3680 3622 461 3681 3623 463 3680 3622 461 3679 3620 460 3682 3624 462 3668 3611 447 3680 3622 461 3682 3624 462 3680 3622 461 3668 3611 447 3666 3609 448 3683 3625 465 3670 3613 451 3684 3626 464 3670 3613 451 3672 3615 452 3684 3626 464 3685 3627 466 3672 3615 452 3669 3612 450 3672 3615 452 3685 3627 466 3686 3628 467 3687 3629 468 3685 3627 466 3669 3612 450 3669 3612 450 3688 3630 469 3687 3629 468 3689 3631 470 3669 3612 450 3671 3614 453 3669 3612 450 3689 3631 470 3688 3630 469 3689 3631 470 3690 3481 472 3691 3478 471 3689 3631 470 3691 3478 471 3688 3630 469 3528 3479 309 3683 3625 465 3529 3480 311 3683 3625 465 3684 3626 464 3529 3480 311 3684 3626 464 3692 3632 473 3529 3480 311 3692 3632 473 3684 3626 464 3693 3633 474 3684 3626 464 3686 3628 467 3693 3633 474 3686 3628 467 3684 3626 464 3672 3615 452 3686 3628 467 3694 3634 475 3693 3633 474 3694 3634 475 3686 3628 467 3695 3635 476 3696 3636 477 3697 3637 478 3698 3638 480 3697 3637 478 3696 3636 477 3699 3639 479 3700 3640 481 3696 3636 477 3701 3641 482 3696 3636 477 3700 3640 481 3699 3639 479 3686 3628 467 3702 3642 483 3695 3635 476 3702 3642 483 3686 3628 467 3685 3627 466 3703 3643 484 3700 3640 481 3701 3641 482 3701 3641 482 3704 3644 485 3703 3643 484 3687 3629 468 3702 3642 483 3685 3627 466 3702 3642 483 3687 3629 468 3705 3645 486 3706 3646 488 3687 3629 468 3707 3647 487 3687 3629 468 3706 3646 488 3705 3645 486 3691 3478 471 3687 3629 468 3688 3630 469 3687 3629 468 3691 3478 471 3707 3647 487 3708 3648 489 3692 3632 473 3709 3649 491 3692 3632 473 3708 3648 489 3710 3650 490 3527 3478 308 3529 3480 311 3710 3650 490 3710 3650 490 3529 3480 311 3692 3632 473 3709 3649 491 3692 3632 473 3693 3633 474 3693 3633 474 3694 3634 475 3709 3649 491 3698 3638 480 3711 3651 492 3712 3652 493 3711 3651 492 3698 3638 480 3697 3637 478 3713 3653 496 3714 3654 497 3715 3655 495 3715 3655 495 3716 3656 494 3713 3653 496 3715 3655 495 3717 3657 498 3716 3656 494 3717 3657 498 3715 3655 495 3718 3658 499 3719 3659 500 3720 3660 501 3717 3657 498 3719 3659 500 3717 3657 498 3718 3658 499 3721 3661 502 3703 3643 484 3704 3644 485 3703 3643 484 3721 3661 502 3722 3662 503 3723 3663 504 3724 3664 505 3714 3654 497 3714 3654 497 3713 3653 496 3723 3663 504 3725 3665 507 3726 3666 506 3719 3659 500 3719 3659 500 3726 3666 506 3720 3660 501 3724 3664 505 3723 3663 504 3727 3666 509 3727 3666 509 3728 3665 508 3724 3664 505 3729 3667 512 3730 3668 513 3731 3669 511 3731 3669 511 3732 3670 510 3729 3667 512 3732 3670 510 3731 3669 511 3733 3671 515 3733 3671 515 3734 3672 514 3732 3670 510 3734 3672 514 3733 3671 515 3735 3673 516 3734 3672 514 3735 3673 516 3736 3674 517 3735 3673 516 3737 3675 518 3736 3674 517 3737 3675 518 3735 3673 516 3738 3676 519 3739 3677 520 3738 3676 519 3740 3678 521 3738 3676 519 3739 3677 520 3737 3675 518 3741 3679 522 3740 3678 521 3742 3680 523 3740 3678 521 3741 3679 522 3739 3677 520 3743 3681 525 3504 3456 284 3744 3682 524 3744 3682 524 3504 3456 284 3503 3454 285 3743 3681 525 3744 3682 524 3485 3440 267 3485 3440 267 3487 3442 268 3743 3681 525 3506 3458 287 3743 3681 525 3745 3683 526 3743 3681 525 3506 3458 287 3504 3456 284 3487 3442 268 3492 3447 273 3743 3681 525 3743 3681 525 3492 3447 273 3745 3683 526 3505 3457 286 3746 3684 527 3747 3685 528 3746 3684 527 3505 3457 286 3506 3458 287 3746 3684 527 3745 3683 526 3748 3686 529 3745 3683 526 3746 3684 527 3506 3458 287 3749 3687 530 3505 3457 286 3747 3685 528 3505 3457 286 3749 3687 530 3508 3459 289 3750 3688 531 3491 3446 272 3751 3689 532 3491 3446 272 3750 3688 531 3492 3447 273 3494 3449 275 3752 3687 533 3751 3689 532 3494 3449 275 3751 3689 532 3491 3446 272 3750 3688 531 3745 3683 526 3492 3447 273 3745 3683 526 3750 3688 531 3748 3686 529 3753 3690 534 3511 3462 294 3754 3691 535 3500 3453 281 3511 3462 294 3753 3690 534 3511 3462 294 3500 3453 281 3496 3451 278 3754 3691 535 3755 3692 536 3753 3690 534 3755 3692 536 3754 3691 535 3756 3693 537 3756 3693 537 3757 3694 538 3509 3460 290 3757 3694 538 3756 3693 537 3754 3691 535 3511 3462 294 3757 3694 538 3754 3691 535 3757 3694 538 3511 3462 294 3512 3463 292 3509 3460 290 3758 3695 539 3759 3696 540 3758 3695 539 3509 3460 290 3757 3694 538 3758 3695 539 3512 3463 292 3760 3697 541 3512 3463 292 3758 3695 539 3757 3694 538 3512 3463 292 3761 3698 542 3760 3697 541 3761 3698 542 3512 3463 292 3513 3464 293 3759 3696 540 3510 3461 291 3509 3460 290 3510 3461 291 3759 3696 540 3762 3699 543 3759 3696 540 3763 3700 544 3764 3701 545 3763 3700 544 3759 3696 540 3758 3695 539 3760 3697 541 3763 3700 544 3758 3695 539 3763 3700 544 3760 3697 541 3765 3702 546 3761 3698 542 3766 3703 547 3760 3697 541 3760 3697 541 3766 3703 547 3765 3702 546 3764 3701 545 3762 3699 543 3759 3696 540 3762 3699 543 3764 3701 545 3767 3704 548 3756 3693 537 3490 3445 271 3755 3692 536 3490 3445 271 3756 3693 537 3489 3444 270 3768 3705 549 3673 3616 454 3675 3618 457 3612 3560 393 3617 3565 398 3611 3559 392 3611 3559 392 3617 3565 398 3627 3574 408 3532 3483 312 3545 3495 326 3535 3486 317 3545 3495 326 3532 3483 312 3531 3482 313 3556 3506 337 3516 3467 298 3515 3466 296 3515 3466 296 3557 3507 338 3556 3506 337 3577 3527 358 3576 3526 357 3567 3517 348 3576 3526 357 3577 3527 358 3769 3706 550 3770 3707 551 3578 3527 359 3572 3522 353 3578 3527 359 3770 3707 551 3771 3706 552 3561 3511 342 3772 3708 553 3770 3707 551 3561 3511 342 3770 3707 551 3572 3522 353 3773 3709 554 3772 3708 553 3562 3512 343 3562 3512 343 3772 3708 553 3561 3511 342 3773 3709 554 3562 3512 343 3526 3477 306 3526 3477 306 3574 3524 355 3773 3709 554 3611 3559 392 3627 3574 408 3623 3570 404 3623 3570 404 3609 3557 390 3611 3559 392 3623 3570 404 3627 3574 408 3624 3571 405 3525 3476 307 3520 3471 301 3522 3473 302 3520 3471 301 3525 3476 307 3524 3475 305 3667 3610 446 3768 3705 549 3665 3608 449 3665 3608 449 3768 3705 549 3675 3618 457 3774 3661 555 3712 3652 493 3775 3710 556 3775 3710 556 3712 3652 493 3711 3651 492 3776 3711 557 3713 3653 496 3716 3656 494 3713 3653 496 3776 3711 557 3777 3712 558 3778 3713 559 3716 3656 494 3717 3657 498 3716 3656 494 3778 3713 559 3776 3711 557 3720 3660 501 3778 3713 559 3717 3657 498 3778 3713 559 3720 3660 501 3779 3714 560 3720 3660 501 3780 3715 561 3779 3714 560 3780 3715 561 3720 3660 501 3726 3666 506 3723 3663 504 3781 3716 562 3727 3666 509 3781 3716 562 3723 3663 504 3782 3717 563 3723 3663 504 3777 3712 558 3782 3717 563 3777 3712 558 3723 3663 504 3713 3653 496 3783 3718 564 3729 3667 512 3784 3719 565 3729 3667 512 3783 3718 564 3730 3668 513 3783 3718 564 3784 3719 565 3785 3679 567 3785 3679 567 3786 3680 566 3783 3718 564 3787 3720 569 3788 3721 568 3789 3722 570 3788 3721 568 3787 3720 569 3790 3723 571 3788 3721 568 3751 3689 532 3789 3722 570 3751 3689 532 3788 3721 568 3750 3688 531 3791 3724 572 3750 3688 531 3788 3721 568 3750 3688 531 3791 3724 572 3748 3686 529 3791 3724 572 3746 3684 527 3748 3686 529 3746 3684 527 3791 3724 572 3792 3725 573 3747 3685 528 3792 3725 573 3790 3723 571 3792 3725 573 3747 3685 528 3746 3684 527 3747 3685 528 3793 3726 574 3749 3687 530 3793 3726 574 3747 3685 528 3790 3723 571 3789 3722 570 3751 3689 532 3752 3687 533 3752 3687 533 3787 3720 569 3789 3722 570 3794 3727 578 3795 3728 577 3796 3729 575 3795 3728 577 3797 3730 576 3796 3729 575 3763 3700 544 3795 3728 577 3794 3727 578 3795 3728 577 3763 3700 544 3765 3702 546 3764 3701 545 3794 3727 578 3796 3729 575 3794 3727 578 3764 3701 545 3763 3700 544 3796 3729 575 3767 3704 548 3764 3701 545 3767 3704 548 3796 3729 575 3798 3731 579 3795 3728 577 3765 3702 546 3766 3703 547 3766 3703 547 3797 3730 576 3795 3728 577 3522 3473 302 3521 3472 303 3799 3732 580 3521 3472 303 3579 3528 360 3799 3732 580 3498 3450 279 3511 3462 294 3496 3451 278 3790 3723 571 3791 3724 572 3788 3721 568 3791 3724 572 3790 3723 571 3792 3725 573 3756 3693 537 3509 3460 290 3489 3444 270 3800 3733 581 3801 3734 582 3802 3735 584 3801 3734 582 3800 3733 581 3803 3736 583 3804 3737 586 3805 3738 588 3806 3739 585 3804 3737 586 3806 3739 585 3807 3740 587 3806 3739 585 3808 3741 589 3807 3740 587 3808 3741 589 3806 3739 585 3809 3742 590 3808 3741 589 3810 3743 591 3811 3744 592 3810 3743 591 3808 3741 589 3809 3742 590 3812 3745 593 3813 3746 594 3811 3744 592 3811 3744 592 3810 3743 591 3812 3745 593 3812 3745 593 3814 3747 595 3813 3746 594 3814 3747 595 3812 3745 593 3815 3748 596 3816 3749 598 3814 3747 595 3815 3748 596 3814 3747 595 3816 3749 598 3817 3750 597 3817 3750 597 3816 3749 598 3800 3733 581 3817 3750 597 3800 3733 581 3802 3735 584 3818 3751 599 3819 3752 600 3820 3753 602 3819 3752 600 3818 3751 599 3821 3754 601 3822 3755 604 3823 3756 606 3824 3757 603 3822 3755 604 3824 3757 603 3825 3758 605 3826 3759 607 3824 3757 603 3827 3760 608 3824 3757 603 3826 3759 607 3825 3758 605 3828 3761 610 3829 3762 609 3826 3759 607 3826 3759 607 3827 3760 608 3828 3761 610 3830 3763 611 3831 3764 612 3829 3762 609 3829 3762 609 3828 3761 610 3830 3763 611 3832 3765 613 3830 3763 611 3833 3766 614 3830 3763 611 3832 3765 613 3831 3764 612 3834 3767 616 3832 3765 613 3833 3766 614 3832 3765 613 3834 3767 616 3835 3768 615 3834 3767 616 3820 3753 602 3835 3768 615 3820 3753 602 3834 3767 616 3818 3751 599 3817 3750 597 3836 3769 617 3837 3770 618 3836 3769 617 3817 3750 597 3802 3735 584 3802 3735 584 3838 3771 619 3836 3769 617 3838 3771 619 3802 3735 584 3801 3734 582 3839 3772 620 3804 3737 586 3807 3740 587 3839 3772 620 3807 3740 587 3840 3773 621 3807 3740 587 3841 3774 622 3840 3773 621 3841 3774 622 3807 3740 587 3808 3741 589 3841 3774 622 3811 3744 592 3842 3775 623 3811 3744 592 3841 3774 622 3808 3741 589 3813 3746 594 3843 3776 624 3842 3775 623 3842 3775 623 3811 3744 592 3813 3746 594 3813 3746 594 3844 3777 625 3843 3776 624 3844 3777 625 3813 3746 594 3814 3747 595 3817 3750 597 3844 3777 625 3814 3747 595 3844 3777 625 3817 3750 597 3837 3770 618 3582 3531 364 3845 3778 626 3846 3779 627 3845 3778 626 3582 3531 364 3581 3530 362 3581 3530 362 3847 3780 628 3845 3778 626 3847 3780 628 3581 3530 362 3590 3539 371 3596 3539 377 3595 3544 376 3848 3781 629 3848 3781 629 3595 3544 376 3849 3782 630 3850 3783 631 3595 3544 376 3592 3541 373 3595 3544 376 3850 3783 631 3849 3782 630 3588 3537 370 3851 3784 632 3850 3783 631 3850 3783 631 3592 3541 373 3588 3537 370 3587 3536 368 3852 3785 633 3851 3784 632 3851 3784 632 3588 3537 370 3587 3536 368 3587 3536 368 3853 3786 634 3852 3785 633 3853 3786 634 3587 3536 368 3584 3533 365 3582 3531 364 3853 3786 634 3584 3533 365 3853 3786 634 3582 3531 364 3846 3779 627 3836 3769 617 3591 3540 372 3583 3532 363 3591 3540 372 3836 3769 617 3838 3771 619 3597 3545 378 3839 3772 620 3840 3773 621 3597 3545 378 3840 3773 621 3594 3543 375 3840 3773 621 3593 3542 374 3594 3543 375 3593 3542 374 3840 3773 621 3841 3774 622 3589 3538 369 3841 3774 622 3842 3775 623 3841 3774 622 3589 3538 369 3593 3542 374 3843 3776 624 3586 3535 367 3589 3538 369 3589 3538 369 3842 3775 623 3843 3776 624 3843 3776 624 3585 3534 366 3586 3535 367 3585 3534 366 3843 3776 624 3844 3777 625 3837 3770 618 3585 3534 366 3844 3777 625 3585 3534 366 3837 3770 618 3580 3529 361 3580 3529 361 3837 3770 618 3836 3769 617 3580 3529 361 3836 3769 617 3583 3532 363 3854 3787 635 3855 3788 636 3856 3789 638 3855 3788 636 3854 3787 635 3857 3790 637 3857 3790 637 3858 3791 639 3855 3788 636 3858 3791 639 3857 3790 637 3859 3792 640 3860 3793 643 3861 3792 642 3862 3794 641 3862 3794 641 3861 3792 642 3863 3795 644 3862 3794 641 3864 3796 645 3865 3797 646 3862 3794 641 3863 3795 644 3864 3796 645 3865 3797 646 3864 3796 645 3866 3798 647 3865 3797 646 3866 3798 647 3867 3799 648 3866 3798 647 3868 3800 649 3867 3799 648 3868 3800 649 3866 3798 647 3869 3801 650 3869 3801 650 3856 3789 638 3868 3800 649 3856 3789 638 3869 3801 650 3854 3787 635 3870 3802 651 3871 3803 652 3872 3804 654 3871 3803 652 3870 3802 651 3873 3805 653 3871 3803 652 3873 3805 653 3874 3806 655 3871 3803 652 3874 3806 655 3875 3807 656 3876 3807 659 3877 3808 658 3878 3809 657 3878 3809 657 3877 3808 658 3879 3810 660 3878 3809 657 3880 3811 661 3881 3812 662 3880 3811 661 3878 3809 657 3879 3810 660 3881 3812 662 3880 3811 661 3882 3813 663 3881 3812 662 3882 3813 663 3883 3814 664 3882 3813 663 3884 3815 665 3883 3814 664 3884 3815 665 3882 3813 663 3885 3816 666 3872 3804 654 3885 3816 666 3870 3802 651 3885 3816 666 3872 3804 654 3884 3815 665 3886 3817 667 3887 3818 668 3888 3819 670 3887 3818 668 3886 3817 667 3889 3820 669 3889 3820 669 3890 3821 671 3887 3818 668 3890 3821 671 3889 3820 669 3891 3822 672 3892 3821 673 3893 3823 674 3894 3824 676 3893 3823 674 3892 3821 673 3895 3822 675 3894 3824 676 3893 3823 674 3896 3825 677 3896 3825 677 3897 3826 678 3894 3824 676 3897 3826 678 3896 3825 677 3898 3827 679 3898 3827 679 3899 3828 680 3897 3826 678 3898 3827 679 3900 3829 681 3899 3828 680 3900 3829 681 3898 3827 679 3901 3830 682 3901 3830 682 3888 3819 670 3900 3829 681 3888 3819 670 3901 3830 682 3886 3817 667 3902 3831 684 3903 3832 683 3904 3833 685 3903 3832 683 3902 3831 684 3905 3834 686 3905 3834 686 3906 3835 688 3903 3832 683 3906 3835 688 3907 3836 687 3903 3832 683 3906 3835 688 3908 3837 689 3907 3836 687 3908 3837 689 3906 3835 688 3909 3838 690 3910 3839 691 3909 3838 690 3911 3840 692 3909 3838 690 3910 3839 691 3908 3837 689 3912 3841 694 3913 3842 693 3910 3839 691 3912 3841 694 3910 3839 691 3911 3840 692 3912 3841 694 3914 3843 695 3913 3842 693 3914 3843 695 3912 3841 694 3915 3844 696 3904 3833 685 3916 3844 697 3902 3831 684 3916 3844 697 3904 3833 685 3917 3845 698 3904 3833 685 3668 3611 447 3682 3624 462 3668 3611 447 3904 3833 685 3903 3832 683 3903 3832 683 3667 3610 446 3668 3611 447 3667 3610 446 3903 3832 683 3907 3836 687 3768 3705 549 3907 3836 687 3908 3837 689 3907 3836 687 3768 3705 549 3667 3610 446 3768 3705 549 3910 3839 691 3673 3616 454 3910 3839 691 3768 3705 549 3908 3837 689 3910 3839 691 3913 3842 693 3673 3616 454 3913 3842 693 3676 3619 456 3673 3616 454 3913 3842 693 3677 3620 458 3676 3619 456 3677 3620 458 3913 3842 693 3914 3843 695 3682 3624 462 3917 3845 698 3904 3833 685 3917 3845 698 3682 3624 462 3679 3620 460 3485 3440 267 3918 3846 700 3919 3847 699 3919 3847 699 3486 3441 266 3485 3440 267 3486 3441 266 3919 3847 699 3920 3848 701 3920 3848 701 3490 3445 271 3486 3441 266 3490 3445 271 3920 3848 701 3921 3849 702 3490 3445 271 3921 3849 702 3755 3692 536 3921 3849 702 3753 3690 534 3755 3692 536 3753 3690 534 3921 3849 702 3922 3850 703 3500 3453 281 3922 3850 703 3923 3851 704 3922 3850 703 3500 3453 281 3753 3690 534 3501 3454 282 3923 3851 704 3924 3852 705 3923 3851 704 3501 3454 282 3500 3453 281 3925 3853 707 3744 3682 524 3503 3454 285 3503 3454 285 3926 3852 706 3925 3853 707 3485 3440 267 3925 3853 707 3918 3846 700 3925 3853 707 3485 3440 267 3744 3682 524 3663 3606 443 3905 3834 686 3902 3831 684 3905 3834 686 3663 3606 443 3664 3607 445 3902 3831 684 3662 3605 444 3663 3606 443 3662 3605 444 3902 3831 684 3916 3844 697 3660 3603 441 3915 3844 696 3912 3841 694 3915 3844 696 3660 3603 441 3661 3604 442 3660 3603 441 3912 3841 694 3911 3840 692 3660 3603 441 3911 3840 692 3659 3602 440 3911 3840 692 3657 3600 438 3659 3602 440 3657 3600 438 3911 3840 692 3909 3838 690 3658 3601 439 3909 3838 690 3906 3835 688 3909 3838 690 3658 3601 439 3657 3600 438 3905 3834 686 3664 3607 445 3658 3601 439 3658 3601 439 3906 3835 688 3905 3834 686 3695 3635 476 3698 3638 480 3694 3634 475 3698 3638 480 3695 3635 476 3696 3636 477 3695 3635 476 3701 3641 482 3696 3636 477 3701 3641 482 3695 3635 476 3702 3642 483 3705 3645 486 3704 3644 485 3701 3641 482 3705 3645 486 3701 3641 482 3702 3642 483 3721 3661 502 3705 3645 486 3706 3646 488 3705 3645 486 3721 3661 502 3704 3644 485 3712 3652 493 3774 3661 555 3709 3649 491 3709 3649 491 3774 3661 555 3708 3648 489 3709 3649 491 3694 3634 475 3712 3652 493 3694 3634 475 3698 3638 480 3712 3652 493 3724 3664 505 3711 3651 492 3697 3637 478 3697 3637 478 3714 3654 497 3724 3664 505 3711 3651 492 3724 3664 505 3728 3665 508 3728 3665 508 3775 3710 556 3711 3651 492 3725 3665 507 3703 3643 484 3722 3662 503 3703 3643 484 3725 3665 507 3719 3659 500 3719 3659 500 3700 3640 481 3703 3643 484 3700 3640 481 3719 3659 500 3718 3658 499 3699 3639 479 3718 3658 499 3715 3655 495 3718 3658 499 3699 3639 479 3700 3640 481 3714 3654 497 3697 3637 478 3699 3639 479 3699 3639 479 3715 3655 495 3714 3654 497 3680 3622 461 3683 3625 465 3528 3479 309 3683 3625 465 3680 3622 461 3666 3609 448 3530 3481 310 3680 3622 461 3528 3479 309 3680 3622 461 3530 3481 310 3681 3623 463 3674 3617 455 3690 3481 472 3689 3631 470 3690 3481 472 3674 3617 455 3678 3621 459 3674 3617 455 3671 3614 453 3675 3618 457 3671 3614 453 3674 3617 455 3689 3631 470 3671 3614 453 3665 3608 449 3675 3618 457 3665 3608 449 3671 3614 453 3670 3613 451 3683 3625 465 3666 3609 448 3665 3608 449 3665 3608 449 3670 3613 451 3683 3625 465 3778 3713 559 3738 3854 519 3735 3855 516 3776 3711 557 3735 3855 516 3733 3856 515 3735 3855 516 3776 3711 557 3778 3713 559 3776 3711 557 3731 3857 511 3777 3712 558 3731 3857 511 3776 3711 557 3733 3856 515 3777 3712 558 3731 3857 511 3730 3858 513 3777 3712 558 3730 3858 513 3782 3717 563 3783 3859 564 3782 3717 563 3730 3858 513 3782 3717 563 3783 3859 564 3786 3860 566 3782 3717 563 3786 3860 566 3781 3716 562 3742 3861 523 3779 3714 560 3780 3715 561 3779 3714 560 3742 3861 523 3740 3862 521 3740 3862 521 3778 3713 559 3779 3714 560 3778 3713 559 3740 3862 521 3738 3854 519 3784 3863 565 3918 3864 700 3925 3865 707 3918 3864 700 3784 3863 565 3729 3866 512 3784 3863 565 3925 3865 707 3926 3867 706 3926 3867 706 3785 3868 567 3784 3863 565 3924 3869 705 3739 3870 520 3741 3868 522 3739 3870 520 3924 3869 705 3923 3871 704 3923 3871 704 3737 3872 518 3739 3870 520 3737 3872 518 3923 3871 704 3922 3873 703 3736 3874 517 3922 3873 703 3921 3875 702 3922 3873 703 3736 3874 517 3737 3872 518 3920 3876 701 3734 3877 514 3736 3874 517 3920 3876 701 3736 3874 517 3921 3875 702 3919 3878 699 3732 3879 510 3734 3877 514 3734 3877 514 3920 3876 701 3919 3878 699 3918 3864 700 3729 3866 512 3732 3879 510 3732 3879 510 3919 3878 699 3918 3864 700 3888 3819 670 3625 3572 406 3624 3571 405 3625 3572 406 3888 3819 670 3887 3818 668 3887 3818 668 3632 3578 413 3625 3572 406 3632 3578 413 3887 3818 668 3890 3821 671 3631 3578 412 3894 3824 676 3630 3577 411 3894 3824 676 3631 3578 412 3892 3821 673 3630 3577 411 3894 3824 676 3897 3826 678 3897 3826 678 3629 3576 410 3630 3577 411 3629 3576 410 3897 3826 678 3899 3828 680 3899 3828 680 3628 3575 409 3629 3576 410 3899 3828 680 3626 3573 407 3628 3575 409 3626 3573 407 3899 3828 680 3900 3829 681 3900 3829 681 3624 3571 405 3626 3573 407 3624 3571 405 3900 3829 681 3888 3819 670 3856 3789 638 3889 3820 669 3886 3817 667 3889 3820 669 3856 3789 638 3855 3788 636 3855 3788 636 3891 3822 672 3889 3820 669 3891 3822 672 3855 3788 636 3858 3791 639 3895 3822 675 3862 3794 641 3893 3823 674 3862 3794 641 3895 3822 675 3860 3793 643 3893 3823 674 3865 3797 646 3896 3825 677 3893 3823 674 3862 3794 641 3865 3797 646 3896 3825 677 3865 3797 646 3867 3799 648 3867 3799 648 3898 3827 679 3896 3825 677 3867 3799 648 3901 3830 682 3898 3827 679 3901 3830 682 3867 3799 648 3868 3800 649 3868 3800 649 3886 3817 667 3901 3830 682 3886 3817 667 3868 3800 649 3856 3789 638 3872 3804 654 3857 3790 637 3854 3787 635 3857 3790 637 3872 3804 654 3871 3803 652 3857 3790 637 3871 3803 652 3875 3807 656 3857 3790 637 3875 3807 656 3859 3792 640 3861 3792 642 3876 3807 659 3863 3795 644 3863 3795 644 3876 3807 659 3878 3809 657 3863 3795 644 3881 3812 662 3864 3796 645 3881 3812 662 3863 3795 644 3878 3809 657 3864 3796 645 3881 3812 662 3883 3814 664 3864 3796 645 3883 3814 664 3866 3798 647 3883 3814 664 3869 3801 650 3866 3798 647 3869 3801 650 3883 3814 664 3884 3815 665 3884 3815 665 3854 3787 635 3869 3801 650 3854 3787 635 3884 3815 665 3872 3804 654 3638 3584 419 3873 3805 653 3870 3802 651 3873 3805 653 3638 3584 419 3633 3579 415 3873 3805 653 3633 3579 415 3636 3582 417 3873 3805 653 3636 3582 417 3874 3806 655 3877 3808 658 3647 3582 429 3879 3810 660 3879 3810 660 3647 3582 429 3645 3591 427 3879 3810 660 3643 3589 425 3880 3811 661 3643 3589 425 3879 3810 660 3645 3591 427 3880 3811 661 3643 3589 425 3642 3588 423 3880 3811 661 3642 3588 423 3882 3813 663 3642 3588 423 3885 3816 666 3882 3813 663 3885 3816 666 3642 3588 423 3640 3586 421 3870 3802 651 3640 3586 421 3638 3584 419 3640 3586 421 3870 3802 651 3885 3816 666 3927 3880 708 3770 3707 551 3772 3708 553 3770 3707 551 3927 3880 708 3928 3881 709 3773 3709 554 3929 3882 710 3927 3880 708 3773 3709 554 3927 3880 708 3772 3708 553 3773 3709 554 3930 3883 711 3929 3882 710 3930 3883 711 3773 3709 554 3574 3524 355 3930 3883 711 3574 3524 355 3573 3523 354 3573 3523 354 3931 3884 712 3930 3883 711 3931 3884 712 3573 3523 354 3575 3525 356 3575 3525 356 3932 3885 713 3931 3884 712 3575 3525 356 3933 3886 714 3932 3885 713 3933 3886 714 3575 3525 356 3576 3526 357 3769 3706 550 3934 3887 715 3933 3886 714 3769 3706 550 3933 3886 714 3576 3526 357 3928 3881 709 3771 3706 552 3770 3707 551 3771 3706 552 3928 3881 709 3935 3888 716 3835 3768 615 3928 3881 709 3927 3880 708 3928 3881 709 3835 3768 615 3820 3753 602 3935 3888 716 3820 3753 602 3819 3752 600 3820 3753 602 3935 3888 716 3928 3881 709 3934 3887 715 3822 3755 604 3825 3758 605 3934 3887 715 3825 3758 605 3933 3886 714 3932 3885 713 3825 3758 605 3826 3759 607 3825 3758 605 3932 3885 713 3933 3886 714 3829 3762 609 3931 3884 712 3932 3885 713 3932 3885 713 3826 3759 607 3829 3762 609 3831 3764 612 3930 3883 711 3931 3884 712 3931 3884 712 3829 3762 609 3831 3764 612 3929 3882 710 3831 3764 612 3832 3765 613 3831 3764 612 3929 3882 710 3930 3883 711 3835 3768 615 3929 3882 710 3832 3765 613 3929 3882 710 3835 3768 615 3927 3880 708 3846 3779 627 3818 3751 599 3834 3767 616 3818 3751 599 3846 3779 627 3845 3778 626 3845 3778 626 3821 3754 601 3818 3751 599 3821 3754 601 3845 3778 626 3847 3780 628 3823 3756 606 3848 3781 629 3849 3782 630 3823 3756 606 3849 3782 630 3824 3757 603 3827 3760 608 3849 3782 630 3850 3783 631 3849 3782 630 3827 3760 608 3824 3757 603 3851 3784 632 3828 3761 610 3827 3760 608 3827 3760 608 3850 3783 631 3851 3784 632 3852 3785 633 3830 3763 611 3828 3761 610 3828 3761 610 3851 3784 632 3852 3785 633 3852 3785 633 3833 3766 614 3830 3763 611 3833 3766 614 3852 3785 633 3853 3786 634 3846 3779 627 3833 3766 614 3853 3786 634 3833 3766 614 3846 3779 627 3834 3767 616 3608 3556 389 3815 3748 596 3610 3558 391 3815 3748 596 3608 3556 389 3816 3749 598 3608 3556 389 3800 3733 581 3816 3749 598 3800 3733 581 3608 3556 389 3606 3554 388 3606 3554 388 3803 3736 583 3800 3733 581 3803 3736 583 3606 3554 388 3605 3553 386 3805 3738 588 3602 3550 383 3600 3548 382 3805 3738 588 3600 3548 382 3806 3739 585 3600 3548 382 3809 3742 590 3806 3739 585 3809 3742 590 3600 3548 382 3599 3547 380 3809 3742 590 3614 3562 396 3810 3743 591 3614 3562 396 3809 3742 590 3599 3547 380 3613 3561 394 3812 3745 593 3810 3743 591 3810 3743 591 3614 3562 396 3613 3561 394 3613 3561 394 3815 3748 596 3812 3745 593 3815 3748 596 3613 3561 394 3610 3558 391 3525 3476 307 3560 3510 340 3552 3502 333 3560 3510 340 3525 3476 307 3522 3473 302 3523 3474 304 3552 3502 333 3551 3501 332 3552 3502 333 3523 3474 304 3525 3476 307 3554 3504 334 3563 3513 345 3523 3474 304 3554 3504 334 3523 3474 304 3551 3501 332 3565 3515 346 3563 3513 345 3555 3505 336 3555 3505 336 3563 3513 345 3554 3504 334 3565 3515 346 3556 3506 337 3568 3518 349 3556 3506 337 3565 3515 346 3555 3505 336 3556 3506 337 3570 3520 351 3568 3518 349 3570 3520 351 3556 3506 337 3557 3507 338 3570 3520 351 3558 3508 339 3571 3521 352 3558 3508 339 3570 3520 351 3557 3507 338 3522 3473 302 3559 3509 341 3560 3510 340 3559 3509 341 3522 3473 302 3799 3732 580 3936 3889 2176 3937 3890 2177 3938 3891 2178 3937 3890 2177 3936 3889 2176 3939 3892 2179 3940 3893 2180 3941 3894 2181 3942 3895 2182 3943 3896 2183 3942 3895 2182 3941 3894 2181 3944 3897 2184 3945 3898 2185 3946 3899 2186 3945 3898 2185 3944 3897 2184 3947 3900 2187 3948 3901 2188 3949 3902 2189 3950 3903 2190 3949 3902 2189 3948 3901 2188 3951 3904 2191 3952 3905 2192 3953 3906 2193 3954 3907 2194 3955 3908 2195 3953 3906 2193 3952 3905 2192 3956 3909 2196 3955 3908 2195 3952 3905 2192 3955 3908 2195 3956 3909 2196 3957 3910 2197 3958 3911 2198 3957 3910 2197 3956 3909 2196 3957 3910 2197 3958 3911 2198 3959 3912 2199 3958 3911 2198 3960 3913 2200 3959 3912 2199 3960 3913 2200 3958 3911 2198 3961 3914 2201 3962 3915 2202 3960 3913 2200 3961 3914 2201 3960 3913 2200 3962 3915 2202 3963 3916 2203 3964 3917 2204 3965 3918 2205 3966 3919 2206 3965 3918 2205 3964 3917 2204 3967 3920 2207 3968 3921 2208 3969 3922 2209 3970 3923 2210 3969 3922 2209 3968 3921 2208 3971 3924 2211 3971 3924 2211 3972 3925 2212 3973 3926 2213 3972 3925 2212 3971 3924 2211 3968 3921 2208 3974 3927 2214 3975 3928 2215 3976 3929 2216 3975 3928 2215 3974 3927 2214 3977 3930 2217 3978 3931 2218 3979 3932 2219 3980 3933 2220 3979 3932 2219 3981 3934 2221 3980 3933 2220 3982 3935 2222 3983 3936 2223 3984 3937 2224 3983 3936 2223 3982 3935 2222 3985 3938 2225 3986 3939 2226 3987 3940 2227 3988 3941 2228 3986 3939 2226 3989 3942 2229 3987 3940 2227 3990 3943 2230 3991 3944 2231 3992 3945 2232 3991 3944 2231 3990 3943 2230 3993 3946 2233 3953 3906 2193 3950 3903 2190 3954 3907 2194 3950 3903 2190 3949 3902 2189 3954 3907 2194 3962 3915 2202 3994 3947 2234 3963 3916 2203 3994 3947 2234 3962 3915 2202 3995 3948 2235 3984 3937 2224 3996 3949 2236 3997 3950 2237 3996 3949 2236 3984 3937 2224 3983 3936 2223 3972 3925 2212 3998 3951 2238 3973 3926 2213 3998 3951 2238 3972 3925 2212 3999 3952 2239 3975 3928 2215 4000 3953 2240 3976 3929 2216 4000 3953 2240 3975 3928 2215 4001 3954 2241 4001 3954 2241 4002 3955 2242 4000 3953 2240 4003 3956 2243 4000 3953 2240 4002 3955 2242 4004 3957 2244 4005 3958 2245 4006 3959 2246 4005 3958 2245 4004 3957 2244 4007 3960 2247 4004 3957 2244 4002 3955 2242 4007 3960 2247 4002 3955 2242 4004 3957 2244 4003 3956 2243 4008 3961 2248 3980 3933 2220 4009 3962 2249 3980 3933 2220 4008 3961 2248 3978 3931 2218 3994 3947 2234 3964 3917 2204 3966 3919 2206 3964 3917 2204 3994 3947 2234 3995 3948 2235 4010 3963 2250 3945 3898 2185 4011 3964 2251 3945 3898 2185 4010 3963 2250 3946 3899 2186 4012 3965 2252 3951 3904 2191 4013 3966 2253 3948 3901 2188 4013 3966 2253 3951 3904 2191 4014 3967 2254 3992 3945 2232 4015 3968 2255 3992 3945 2232 4014 3967 2254 3990 3943 2230 4016 3969 2256 4017 3970 2257 4018 3971 2258 4018 3971 2258 4017 3970 2257 4019 3972 2259 4020 3973 2260 4021 3974 2261 4022 3975 2262 4021 3974 2261 4020 3973 2260 4023 3976 2263 4022 3975 2262 4024 3977 2264 4025 3978 2265 4025 3978 2265 4020 3973 2260 4022 3975 2262 4026 3979 2266 4027 3980 2267 4028 3981 2268 4028 3981 2268 4029 3939 2269 4026 3979 2266 4030 3936 2270 4031 3982 2271 4032 3983 2272 4031 3982 2271 4030 3936 2270 4033 3938 2273 4030 3936 2270 4034 3984 2274 4035 3985 2275 4034 3984 2274 4030 3936 2270 4032 3983 2272 4036 3986 2276 4037 3987 2277 4038 3988 2278 4037 3987 2277 4036 3986 2276 4039 3989 2279 4038 3988 2278 4040 3932 2280 4036 3986 2276 4040 3932 2280 4038 3988 2278 4041 3990 2281 4042 3991 2282 4043 3957 2283 4044 3992 2284 4043 3957 2283 4042 3991 2282 4045 3993 2285 4045 3993 2285 4046 3994 2286 4043 3957 2283 4043 3957 2283 4046 3994 2286 4047 3995 2287 4046 3994 2286 4048 3996 2288 4047 3995 2287 4048 3996 2288 4046 3994 2286 4049 3997 2289 4049 3997 2289 4050 3929 2290 4048 3996 2288 4050 3929 2290 4049 3997 2289 4051 3998 2291 4052 3927 2292 4050 3929 2290 4051 3998 2291 4052 3927 2292 4051 3998 2291 4053 3999 2293 4054 3951 2294 4055 4000 2295 4056 3926 2296 4055 4000 2295 4054 3951 2294 4057 4001 2297 4056 3926 2296 4058 4002 2298 4059 4003 2299 4058 4002 2298 4056 3926 2296 4055 4000 2295 4060 3922 2300 4059 4003 2299 4061 4004 2301 4058 4002 2298 4061 4004 2301 4059 4003 2299 4062 4005 2302 4063 4006 2303 4064 4007 2304 4063 4006 2303 4062 4005 2302 4065 4008 2305 4063 4006 2303 4066 4009 2306 4064 4007 2304 4066 4009 2306 4063 4006 2303 4067 4010 2307 4067 4010 2307 4068 4011 2308 4066 4009 2306 4068 4011 2308 4067 4010 2307 4069 4012 2309 4069 4012 2309 4070 4013 2310 4068 4011 2308 4070 4013 2310 4069 4012 2309 4071 4014 2311 4071 4014 2311 4072 4015 2312 4070 4013 2310 4072 4015 2312 4071 4014 2311 4073 4016 2313 4073 4016 2313 4074 4017 2314 4072 4015 2312 4072 4015 2312 4074 4017 2314 4075 4018 2315 4076 4019 2316 4075 4018 2315 4074 4017 2314 4075 4018 2315 4076 4019 2316 4077 4020 2317 4078 4021 2318 4077 4020 2317 4079 4022 2319 4076 4019 2316 4079 4022 2319 4077 4020 2317 4079 4022 2319 4080 4023 2320 4078 4021 2318 4080 4023 2320 4079 4022 2319 4081 4024 2321 4080 4023 2320 4082 4025 2322 4083 4026 2323 4082 4025 2322 4080 4023 2320 4081 4024 2321 4084 4027 2324 4083 4026 2323 4082 4025 2322 4084 4027 2324 4082 4025 2322 4085 4028 2325 4086 3898 2326 4087 4029 2327 4088 4030 2328 4087 4029 2327 4086 3898 2326 4089 4031 2329 4090 4032 2330 4088 4030 2328 4091 4033 2331 4088 4030 2328 4090 4032 2330 4086 3898 2326 4092 4034 2332 4093 4035 2333 4094 4036 2334 4094 4036 2334 4095 4037 2335 4092 4034 2332 4096 4038 2336 3936 3889 2176 4097 3971 2337 3936 3889 2176 4096 4038 2336 3939 3892 2179 4098 4039 2338 4015 3968 2255 4099 4040 2339 4100 4041 2340 4101 4042 2341 4102 4043 2342 4102 4043 2342 4103 4044 2343 4100 4041 2340 4104 4045 2344 4105 4046 2345 4106 4047 2346 4105 4046 2345 4104 4045 2344 4107 4048 2347 4101 4042 2341 4108 4049 2348 4109 4050 2349 4109 4050 2349 4102 4043 2342 4101 4042 2341 4110 4051 2350 4107 4048 2347 4104 4045 2344 4107 4048 2347 4110 4051 2350 4111 4052 2351 4096 4038 2336 4108 4049 2348 3939 3892 2179 4108 4049 2348 4096 4038 2336 4109 4050 2349 4019 3972 2259 4111 4052 2351 4110 4051 2350 4111 4052 2351 4019 3972 2259 4017 3970 2257 4021 3974 2261 3938 3891 2178 3937 3890 2177 4099 4040 2339 4016 3969 2256 4098 4039 2338 4016 3969 2256 4099 4040 2339 4017 3970 2257 4037 3987 2277 4112 4053 2352 4113 4054 2353 4112 4053 2352 4037 3987 2277 4039 3989 2279 4009 3962 2249 4114 4055 2354 4115 4056 2355 4009 3962 2249 4115 4056 2355 4008 3961 2248 3992 3945 2232 4099 4040 2339 4015 3968 2255 3937 3890 2177 4022 3975 2262 4021 3974 2261 4108 4049 2348 4116 4057 2356 4117 4058 2357 4116 4057 2356 4108 4049 2348 4101 4042 2341 4117 4058 2357 3939 3892 2179 4108 4049 2348 3939 3892 2179 4117 4058 2357 4118 4059 2358 4092 4034 2332 4119 4060 2359 4120 4061 2360 4119 4060 2359 4092 4034 2332 4121 4062 2361 4118 4059 2358 3937 3890 2177 3939 3892 2179 3937 3890 2177 4118 4059 2358 4022 3975 2262 4122 4063 2362 3989 3942 2229 4123 4064 2363 3989 3942 2229 4122 4063 2362 3987 3940 2227 4124 4064 2364 4027 3980 2267 4125 4065 2365 4027 3980 2267 4124 4064 2364 4028 3981 2268 4126 4066 2366 4031 3982 2271 4033 3938 2273 4033 3938 2273 4127 4067 2367 4126 4066 2366 3982 3935 2222 4128 4068 2368 3985 3938 2225 4128 4068 2368 3982 3935 2222 4129 4069 2369 4113 4054 2353 4130 4070 2370 4037 3987 2277 4037 3987 2277 4130 4070 2370 4131 4071 2371 4046 3994 2286 4132 4072 2372 4049 3997 2289 4133 4073 2373 4069 4012 2309 4134 4074 2374 4069 4012 2309 4133 4073 2373 4071 4014 2311 4133 4073 2373 4135 4075 2375 4073 4016 2313 4135 4075 2375 4074 4017 2314 4073 4016 2313 4099 4040 2339 4136 4076 2376 4017 3970 2257 4136 4076 2376 4099 4040 2339 3992 3945 2232 4137 4077 2377 4138 4078 2378 4139 4079 2379 4140 4080 2380 4139 4079 2379 4138 4078 2378 4017 3970 2257 4141 4081 2381 4111 4052 2351 4141 4081 2381 4017 3970 2257 4136 4076 2376 3988 3941 2228 3987 3940 2227 4142 4082 2382 4122 4063 2362 4143 4083 2383 3987 3940 2227 4143 4083 2383 4122 4063 2362 4144 4084 2384 4145 4085 2385 4146 4086 2386 4147 4087 2387 4146 4086 2386 4145 4085 2385 3982 3935 2222 4122 4063 2362 4129 4069 2369 4144 4084 2384 4147 4087 2387 4148 4088 2388 4149 4089 2389 4148 4088 2388 4147 4087 2387 4146 4086 2386 4150 4090 2390 4151 4091 2391 4152 4092 2392 4151 4091 2391 4150 4090 2390 4153 4093 2393 3967 3920 2207 4154 4094 2394 3970 3923 2210 4155 4095 2395 3964 3917 2204 3995 3948 2235 3964 3917 2204 4155 4095 2395 4156 4096 2396 4150 4090 2390 4152 4092 2392 4157 4097 2397 4157 4097 2397 4152 4092 2392 4158 4098 2398 4147 4087 2387 4149 4099 2389 4159 4087 2399 4160 4100 2400 4159 4100 2399 4149 4100 2389 4161 4101 2401 3995 3948 2235 3962 3915 2202 3995 3948 2235 4161 4101 2401 4155 4095 2395 4157 4097 2397 4158 4098 2398 4162 4102 2402 4162 4102 2402 4158 4098 2398 4163 4103 2403 4159 4104 2399 4160 4105 2400 4164 4106 2404 4165 4107 2405 4164 4106 2404 4160 4105 2400 4166 4108 2406 4159 4104 2399 4167 4109 2407 4167 4109 2407 4159 4104 2399 4164 4106 2404 4114 4055 2354 4168 4110 2408 4169 4111 2409 3977 3930 2217 4170 4112 2410 3975 3928 2215 3952 3905 2192 4171 4113 2411 3956 3909 2196 4172 4114 2412 4173 4115 2413 4174 4116 2414 4172 4114 2412 4174 4116 2414 4175 4117 2415 4176 4118 2416 4177 4119 2417 4178 4120 2418 4177 4119 2417 4176 4118 2416 4179 4121 2419 4180 4122 2420 4179 4121 2419 4181 4123 2421 4181 4123 2421 4179 4121 2419 4176 4118 2416 4182 4124 2422 4012 3965 2252 3944 3897 2184 3942 3895 2182 4183 4125 2423 4184 4126 2424 4183 4125 2423 3942 3895 2182 4185 4127 2425 4186 4128 2426 4185 4127 2425 3943 3896 2183 3943 3896 2183 4185 4127 2425 3942 3895 2182 4111 4052 2351 4187 4129 2427 4107 4048 2347 4111 4052 2351 4141 4081 2381 4187 4129 2427 4188 4130 2428 3962 3915 2202 3961 3914 2201 3962 3915 2202 4188 4130 2428 4161 4101 2401 4162 4102 2402 4163 4103 2403 4189 4131 2429 4189 4131 2429 4163 4103 2403 4190 4132 2430 4164 4106 2404 4165 4107 2405 4191 4133 2431 4191 4133 2431 4165 4107 2405 4192 4134 2432 4193 4135 2433 4164 4106 2404 4191 4133 2431 4193 4109 2433 4167 4109 2407 4164 4109 2404 4194 4136 2434 4195 4137 2435 4196 4138 2436 4194 4136 2434 4196 4138 2436 4197 4139 2437 3991 3944 2231 4136 4076 2376 3992 3945 2232 4141 4081 2381 4140 4080 2380 4187 4129 2427 4141 4081 2381 4139 4079 2379 4140 4080 2380 4186 4128 2426 4176 4118 2416 4185 4127 2425 4186 4128 2426 4181 4123 2421 4176 4118 2416 4185 4127 2425 4178 4120 2418 4183 4125 2423 4178 4120 2418 4185 4127 2425 4176 4118 2416 4198 4140 2438 4172 4114 2412 4175 4117 2415 4198 4140 2438 4175 4117 2415 4182 4124 2422 3981 3934 2221 4199 4141 2439 3980 3933 2220 4131 4071 2371 4038 3988 2278 4037 3987 2277 4081 4024 2321 4200 4142 2440 4082 4025 2322 4053 3999 2293 4051 3998 2291 4201 4143 2441 4113 4054 2353 4202 4144 2442 4203 4145 2443 4055 4000 2295 4057 4001 2297 4204 4146 2444 4204 4146 2444 4205 4147 2445 4055 4000 2295 4205 4147 2445 4058 4002 2298 4055 4000 2295 4206 4148 2446 4204 4146 2444 4207 4149 2447 4204 4146 2444 4206 4148 2446 4205 4147 2445 4208 4150 2448 4209 4151 2449 4210 4152 2450 4209 4151 2449 4208 4150 2448 4211 4153 2451 4205 4147 2445 4065 4008 2305 4061 4004 2301 4206 4148 2446 4212 4154 2452 4205 4147 2445 4212 4154 2452 4213 4155 2453 4205 4147 2445 4211 4153 2451 4208 4150 2448 4214 4156 2454 4214 4156 2454 4215 4157 2455 4211 4153 2451 4216 4158 2456 4063 4006 2303 4213 4155 2453 4063 4006 2303 4216 4158 2456 4067 4010 2307 4217 4159 2457 4213 4155 2453 4212 4154 2452 4213 4155 2453 4217 4159 2457 4216 4158 2456 4218 4160 2458 4215 4160 2455 4214 4160 2454 4215 4161 2455 4218 4161 2458 4219 4161 2459 4134 4074 2374 4067 4010 2307 4216 4158 2456 4067 4010 2307 4134 4074 2374 4069 4012 2309 4220 4162 2460 4216 4158 2456 4217 4159 2457 4216 4158 2456 4220 4162 2460 4134 4074 2374 4221 4163 2461 4219 4163 2459 4218 4163 2458 4219 4164 2459 4221 4165 2461 4222 4166 2462 4223 4167 2463 4134 4074 2374 4220 4162 2460 4134 4074 2374 4223 4167 2463 4133 4073 2373 4224 4168 2464 4222 4166 2462 4221 4165 2461 4222 4166 2462 4224 4168 2464 4225 4169 2465 4226 4170 2466 4133 4073 2373 4223 4167 2463 4133 4073 2373 4226 4170 2466 4135 4075 2375 4227 4171 2467 4225 4171 2465 4224 4171 2464 4225 4172 2465 4227 4173 2467 4228 4172 2468 4026 3979 2266 4229 4174 2469 4027 3980 2267 4079 4022 2319 4200 4142 2440 4081 4024 2321 4120 4175 2360 4230 4176 2470 4231 4175 2471 4230 4177 2470 4120 4061 2360 4119 4060 2359 4117 4058 2357 4232 4178 2472 4233 4179 2473 4232 4178 2472 4117 4058 2357 4116 4057 2356 4022 3975 2262 4118 4059 2358 4024 3977 2264 4199 4141 2439 4234 4180 2474 4195 4137 2435 4195 4137 2435 4234 4180 2474 4196 4138 2436 4053 3999 2293 4054 3951 2294 4052 3927 2292 4054 3951 2294 4053 3999 2293 4057 4001 2297 3998 3951 2238 3977 3930 2217 3974 3927 2214 3999 3952 2239 3977 3930 2217 3998 3951 2238 4132 4072 2372 4235 4181 2475 4049 3997 2289 4040 3932 2280 4042 3991 2282 4044 3992 2284 4042 3991 2282 4040 3932 2280 4041 3990 2281 3979 3932 2219 4005 3958 2245 3981 3934 2221 4005 3958 2245 3979 3932 2219 4006 3959 2246 4202 4144 2442 4112 4053 2352 4236 4182 2476 4112 4053 2352 4202 4144 2442 4113 4054 2353 4237 4183 2477 4115 4056 2355 4169 4111 2409 4114 4055 2354 4169 4111 2409 4115 4056 2355 3988 3941 2228 4142 4082 2382 4137 4077 2377 4138 4078 2378 4137 4077 2377 4142 4082 2382 4193 4135 2433 4191 4133 2431 4180 4122 2420 4180 4122 2420 4191 4133 2431 4179 4121 2419 4179 4121 2419 4192 4134 2432 4177 4119 2417 4192 4134 2432 4179 4121 2419 4191 4133 2431 4189 4131 2429 4190 4132 2430 4173 4115 2413 4173 4115 2413 4190 4132 2430 4174 4116 2414 3958 3911 2198 4188 4130 2428 3961 3914 2201 4233 4179 2473 4238 4184 2478 4239 4185 2479 4238 4184 2478 4233 4179 2473 4232 4178 2472 4231 4186 2471 4228 4187 2468 4227 4186 2467 4231 4188 2471 4230 4177 2470 4228 4189 2468 4240 4190 2480 4135 4075 2375 4226 4170 2466 4135 4075 2375 4240 4190 2480 4076 4019 2316 4076 4019 2316 4074 4017 2314 4135 4075 2375 4001 3954 2241 4241 4191 2481 4002 3955 2242 3975 3928 2215 4242 4192 2482 4001 3954 2241 4242 4192 2482 3975 3928 2215 4170 4112 2410 4243 4193 2483 4154 4094 2394 4156 4096 2396 4154 4094 2394 4243 4193 2483 4244 4194 2484 4245 4195 2485 4156 4096 2396 4155 4095 2395 4156 4096 2396 4245 4195 2485 4243 4193 2483 4246 4196 2486 4155 4095 2395 4161 4101 2401 4155 4095 2395 4246 4196 2486 4245 4195 2485 4247 4197 2487 4161 4101 2401 4188 4130 2428 4161 4101 2401 4247 4197 2487 4246 4196 2486 4248 4198 2488 4188 4130 2428 4171 4113 2411 4188 4130 2428 4248 4198 2488 4247 4197 2487 4249 4199 2489 4171 4113 2411 3952 3905 2192 4171 4113 2411 4249 4199 2489 4248 4198 2488 4249 4199 2489 3954 3907 2194 4250 4200 2490 3954 3907 2194 4249 4199 2489 3952 3905 2192 3951 3904 2191 4250 4200 2490 3949 3902 2189 4251 4201 2491 4132 4072 2372 4045 3993 2285 4045 3993 2285 4132 4072 2372 4046 3994 2286 3972 3925 2212 4252 4202 2492 3999 3952 2239 4171 4113 2411 4188 4130 2428 3958 3911 2198 4171 4113 2411 3958 3911 2198 3956 3909 2196 4133 4073 2373 4073 4016 2313 4071 4014 2311 3949 3902 2189 4250 4200 2490 3954 3907 2194 4240 4190 2480 4079 4022 2319 4076 4019 2316 4079 4022 2319 4240 4190 2480 4200 4142 2440 4195 4137 2435 4114 4055 2354 4009 3962 2249 4195 4137 2435 4009 3962 2249 4199 4141 2439 3980 3933 2220 4199 4141 2439 4009 3962 2249 4085 4028 2325 4200 4142 2440 4253 4203 2493 4200 4142 2440 4085 4028 2325 4082 4025 2322 4253 4203 2493 4240 4190 2480 4254 4204 2494 4240 4190 2480 4253 4203 2493 4200 4142 2440 4254 4204 2494 4226 4170 2466 4255 4205 2495 4226 4170 2466 4254 4204 2494 4240 4190 2480 4255 4205 2495 4223 4167 2463 4256 4206 2496 4223 4167 2463 4255 4205 2495 4226 4170 2466 4256 4206 2496 4220 4162 2460 4257 4207 2497 4220 4162 2460 4256 4206 2496 4223 4167 2463 4257 4207 2497 4217 4159 2457 4258 4208 2498 4217 4159 2457 4257 4207 2497 4220 4162 2460 4258 4208 2498 4212 4154 2452 4259 4209 2499 4212 4154 2452 4258 4208 2498 4217 4159 2457 4260 4210 2500 4259 4209 2499 4206 4148 2446 4259 4209 2499 4212 4154 2452 4206 4148 2446 4260 4210 2500 4207 4149 2447 4261 4211 2501 4207 4149 2447 4260 4210 2500 4206 4148 2446 4262 4212 2502 4132 4072 2372 4251 4201 2491 4132 4072 2372 4262 4212 2502 4235 4181 2475 4042 3991 2282 4263 4213 2503 4045 3993 2285 4007 3960 2247 4234 4180 2474 4005 3958 2245 4007 3960 2247 4196 4138 2436 4234 4180 2474 4197 4139 2437 4241 4191 2481 4242 4192 2482 4241 4191 2481 4197 4139 2437 4196 4138 2436 4152 4092 2392 4244 4194 2484 4243 4193 2483 4244 4194 2484 4152 4092 2392 4151 4091 2391 4152 4092 2392 4243 4193 2483 4158 4098 2398 4158 4098 2398 4243 4193 2483 4245 4195 2485 4158 4098 2398 4245 4195 2485 4163 4103 2403 4163 4103 2403 4245 4195 2485 4246 4196 2486 4163 4103 2403 4246 4196 2486 4190 4132 2430 4190 4132 2430 4246 4196 2486 4247 4197 2487 4174 4116 2414 4247 4197 2487 4248 4198 2488 4247 4197 2487 4174 4116 2414 4190 4132 2430 4175 4117 2415 4248 4198 2488 4249 4199 2489 4248 4198 2488 4175 4117 2415 4174 4116 2414 4182 4124 2422 4249 4199 2489 4250 4200 2490 4249 4199 2489 4182 4124 2422 4175 4117 2415 4012 3965 2252 4250 4200 2490 3951 3904 2191 4250 4200 2490 4012 3965 2252 4182 4124 2422 4131 4071 2371 4263 4213 2503 4041 3990 2281 4041 3990 2281 4263 4213 2503 4042 3991 2282 4130 4070 2370 4263 4213 2503 4131 4071 2371 4263 4213 2503 4130 4070 2370 4251 4201 2491 4264 4214 2504 4251 4201 2491 4130 4070 2370 4251 4201 2491 4264 4214 2504 4262 4212 2502 4265 4215 2505 4261 4211 2501 4266 4215 2506 4261 4211 2501 4265 4215 2505 4260 4210 2500 4267 4216 2507 4260 4210 2500 4265 4215 2505 4260 4210 2500 4267 4216 2507 4259 4209 2499 4268 4217 2508 4259 4209 2499 4267 4216 2507 4259 4209 2499 4268 4217 2508 4258 4208 2498 4269 4218 2509 4258 4208 2498 4268 4217 2508 4258 4208 2498 4269 4218 2509 4257 4207 2497 4270 4219 2510 4257 4207 2497 4269 4218 2509 4257 4207 2497 4270 4219 2510 4256 4206 2496 4271 4220 2511 4256 4206 2496 4270 4219 2510 4256 4206 2496 4271 4220 2511 4255 4205 2495 4272 4221 2512 4255 4205 2495 4271 4220 2511 4255 4205 2495 4272 4221 2512 4254 4204 2494 4273 4222 2513 4254 4204 2494 4272 4221 2512 4254 4204 2494 4273 4222 2513 4253 4203 2493 4088 4030 2328 4253 4203 2493 4273 4222 2513 4253 4203 2493 4088 4030 2328 4087 4029 2327 4084 4027 2324 4087 4029 2327 4089 4031 2329 4087 4029 2327 4084 4027 2324 4085 4028 2325 3944 3897 2184 4012 3965 2252 3947 3900 2187 4013 3966 2253 3947 3900 2187 4012 3965 2252 4241 4191 2481 4196 4138 2436 4007 3960 2247 4241 4191 2481 4007 3960 2247 4002 3955 2242 4251 4201 2491 4045 3993 2285 4263 4213 2503 4184 4126 2424 4011 3964 2251 4274 4223 2514 4011 3964 2251 4184 4126 2424 4010 3963 2250 4275 4224 2515 4091 4033 2331 4121 4062 2361 4091 4033 2331 4275 4224 2515 4090 4032 2330 4091 4033 2331 4119 4060 2359 4121 4062 2361 4273 4222 2513 4119 4060 2359 4091 4033 2331 4119 4060 2359 4272 4221 2512 4230 4177 2470 4272 4221 2512 4119 4060 2359 4273 4222 2513 4230 4177 2470 4271 4220 2511 4228 4189 2468 4271 4220 2511 4230 4177 2470 4272 4221 2512 4228 4189 2468 4270 4219 2510 4225 4169 2465 4270 4219 2510 4228 4189 2468 4271 4220 2511 4225 4169 2465 4269 4218 2509 4222 4166 2462 4269 4218 2509 4225 4169 2465 4270 4219 2510 4222 4166 2462 4268 4217 2508 4219 4164 2459 4268 4217 2508 4222 4166 2462 4269 4218 2509 4219 4164 2459 4267 4216 2507 4215 4157 2455 4267 4216 2507 4219 4164 2459 4268 4217 2508 4211 4153 2451 4215 4157 2455 4265 4215 2505 4215 4157 2455 4267 4216 2507 4265 4215 2505 4211 4153 2451 4266 4215 2506 4209 4151 2449 4266 4215 2506 4211 4153 2451 4265 4215 2505 4203 4145 2443 4130 4070 2370 4113 4054 2353 4203 4145 2443 4264 4214 2504 4130 4070 2370 3984 3937 2224 3997 3950 2237 4276 4225 2516 4129 4069 2369 3982 3935 2222 4145 4085 2385 3987 3940 2227 4143 4083 2383 4142 4082 2382 4277 4226 2517 4142 4226 2382 4143 4226 2383 4138 4078 2378 4277 4226 2517 4278 4227 2518 4277 4078 2517 4138 4078 2378 4142 4078 2382 4140 4080 2380 4278 4227 2518 4279 4228 2519 4140 4080 2380 4138 4078 2378 4278 4227 2518 4187 4129 2427 4279 4228 2519 4280 4229 2520 4187 4129 2427 4140 4080 2380 4279 4228 2519 4187 4129 2427 4280 4229 2520 4107 4048 2347 4105 4046 2345 4107 4048 2347 4280 4229 2520 4144 4084 2384 4166 4108 2406 4143 4083 2383 4167 4109 2407 4143 4083 2383 4166 4108 2406 4143 4083 2383 4167 4109 2407 4277 4226 2517 4193 4135 2433 4277 4226 2517 4167 4109 2407 4277 4226 2517 4193 4135 2433 4278 4227 2518 4180 4122 2420 4278 4227 2518 4193 4135 2433 4278 4227 2518 4180 4122 2420 4279 4228 2519 4181 4123 2421 4279 4228 2519 4180 4122 2420 4279 4228 2519 4181 4123 2421 4280 4229 2520 4186 4128 2426 4280 4229 2520 4181 4123 2421 4280 4229 2520 4186 4128 2426 4105 4046 2345 3943 3896 2183 4105 4046 2345 4186 4128 2426 4129 4069 2369 4123 4064 2363 4128 4068 2368 4123 4064 2363 4129 4069 2369 4122 4063 2362 4127 4067 2367 4125 4065 2365 4126 4066 2366 4125 4065 2365 4127 4067 2367 4124 4064 2364 4229 4174 2469 4281 4230 2521 4027 3980 2267 4281 4231 2521 4229 4232 2469 4282 4231 2522 4238 4233 2478 4232 4233 2472 4283 4233 2523 4232 4178 2472 4284 4234 2524 4283 4235 2523 4232 4178 2472 4116 4057 2356 4284 4234 2524 4116 4057 2356 4285 4236 2525 4284 4234 2524 4101 4042 2341 4285 4236 2525 4116 4057 2356 4285 4236 2525 4101 4042 2341 4100 4041 2340 3942 3895 2182 4184 4126 2424 3940 3893 2180 3940 3893 2180 4184 4126 2424 4274 4223 2514 4095 4037 2335 4121 4062 2361 4092 4034 2332 4121 4062 2361 4095 4037 2335 4275 4224 2515 4210 4152 2450 4034 3984 2274 4032 3983 2272 4208 4150 2448 4032 3983 2272 4031 3982 2271 4032 3983 2272 4208 4150 2448 4210 4152 2450 4286 4237 2526 4214 4237 2454 4287 4237 2527 4286 4238 2526 4218 4238 2458 4214 4238 2454 4288 4239 2528 4218 4240 2458 4286 4239 2526 4218 4241 2458 4288 4242 2528 4221 4165 2461 4289 4243 2529 4221 4165 2461 4288 4242 2528 4221 4165 2461 4289 4243 2529 4224 4168 2464 4290 4244 2530 4224 4168 2464 4289 4243 2529 4224 4168 2464 4290 4244 2530 4227 4245 2467 4291 4246 2531 4227 4245 2467 4290 4244 2530 4227 4245 2467 4291 4246 2531 4231 4247 2471 4292 4246 2532 4231 4246 2471 4291 4246 2531 4231 4248 2471 4292 4249 2532 4120 4061 2360 4093 4035 2333 4120 4061 2360 4292 4249 2532 4120 4061 2360 4093 4035 2333 4092 4034 2332 4034 3984 2274 4236 4182 2476 4035 3985 2275 4236 4182 2476 4034 3984 2274 4202 4144 2442 3997 3950 2237 4237 4183 2477 4169 4111 2409 4237 4183 2477 3997 3950 2237 3996 3949 2236 4293 4250 2533 4287 4251 2527 4126 4066 2366 4287 4252 2527 4293 4252 2533 4286 4252 2526 4281 4230 2521 4286 4239 2526 4293 4250 2533 4286 4253 2526 4281 4254 2521 4288 4253 2528 4282 4255 2522 4288 4242 2528 4281 4256 2521 4288 4242 2528 4282 4255 2522 4289 4243 2529 4284 4234 2524 4290 4244 2530 4283 4235 2523 4290 4244 2530 4284 4234 2524 4291 4246 2531 4285 4236 2525 4291 4246 2531 4284 4234 2524 4291 4246 2531 4285 4236 2525 4292 4249 2532 4100 4041 2340 4292 4249 2532 4285 4236 2525 4292 4249 2532 4100 4041 2340 4093 4035 2333 4103 4044 2343 4093 4035 2333 4100 4041 2340 4093 4035 2333 4103 4044 2343 4094 4036 2334 4105 4046 2345 3943 3896 2183 4106 4047 2346 4106 4047 2346 3943 3896 2183 3941 3894 2181 4114 4055 2354 4195 4137 2435 4168 4110 2408 4168 4110 2408 4195 4137 2435 4194 4136 2434 4149 4089 2389 4153 4093 2393 4150 4090 2390 4149 4089 2389 4148 4088 2388 4153 4093 2393 4149 4089 2389 4150 4090 2390 4160 4105 2400 4157 4097 2397 4160 4105 2400 4150 4090 2390 4160 4105 2400 4157 4097 2397 4165 4107 2405 4162 4102 2402 4165 4107 2405 4157 4097 2397 4165 4107 2405 4162 4102 2402 4192 4134 2432 4192 4134 2432 4162 4102 2402 4189 4131 2429 4192 4134 2432 4189 4131 2429 4177 4119 2417 4177 4119 2417 4189 4131 2429 4173 4115 2413 4178 4120 2418 4173 4115 2413 4172 4114 2412 4178 4120 2418 4177 4119 2417 4173 4115 2413 4183 4125 2423 4178 4120 2418 4172 4114 2412 4183 4125 2423 4172 4114 2412 4198 4140 2438 4198 4140 2438 3946 3899 2186 4010 3963 2250 3982 3935 2222 3984 3937 2224 4276 4225 2516 4146 4086 2386 4294 4257 2534 4148 4088 2388 4294 4257 2534 4146 4086 2386 4276 4225 2516 4148 4088 2388 4295 4258 2535 4153 4093 2393 4295 4258 2535 4148 4088 2388 4294 4257 2534 4153 4093 2393 4296 4259 2536 4151 4091 2391 4296 4259 2536 4153 4093 2393 4295 4258 2535 4151 4091 2391 4297 4260 2537 4244 4194 2484 4297 4260 2537 4151 4091 2391 4296 4259 2536 4244 4194 2484 4252 4202 2492 4154 4094 2394 4252 4202 2492 4244 4194 2484 4297 4260 2537 4154 4094 2394 3972 3925 2212 3968 3921 2208 3972 3925 2212 4154 4094 2394 4252 4202 2492 4065 4008 2305 4060 3922 2300 4061 4004 2301 4060 3922 2300 4065 4008 2305 4062 4005 2302 3965 3918 2205 3970 3923 2210 3969 3922 2209 3970 3923 2210 3965 3918 2205 3967 3920 2207 4252 4202 2492 4170 4112 2410 3999 3952 2239 3999 3952 2239 4170 4112 2410 3977 3930 2217 4297 4260 2537 4170 4112 2410 4252 4202 2492 4170 4112 2410 4297 4260 2537 4242 4192 2482 4197 4139 2437 4242 4192 2482 4296 4259 2536 4296 4259 2536 4242 4192 2482 4297 4260 2537 4295 4258 2535 4197 4139 2437 4296 4259 2536 4197 4139 2437 4295 4258 2535 4194 4136 2434 4294 4257 2534 4194 4136 2434 4295 4258 2535 4194 4136 2434 4294 4257 2534 4168 4110 2408 4276 4225 2516 3997 3950 2237 4169 4111 2409 4210 4152 2450 4202 4144 2442 4034 3984 2274 4209 4151 2449 4264 4214 2504 4203 4145 2443 4209 4151 2449 4266 4215 2506 4264 4214 2504 4266 4215 2506 4262 4212 2502 4264 4214 2504 4262 4212 2502 4266 4215 2506 4261 4211 2501 4261 4211 2501 4235 4181 2475 4262 4212 2502 4235 4181 2475 4261 4211 2501 4207 4149 2447 4207 4149 2447 4201 4143 2441 4235 4181 2475 4201 4143 2441 4207 4149 2447 4204 4146 2444 4057 4001 2297 4201 4143 2441 4204 4146 2444 4201 4143 2441 4057 4001 2297 4053 3999 2293 3993 3946 2233 4298 4261 2538 3991 3944 2231 4298 4261 2538 3993 3946 2233 4299 4262 2539 4300 4262 2540 4024 3977 2264 4301 4263 2541 4024 3977 2264 4300 4262 2540 4025 3978 2265 4029 3939 2269 4301 4263 2541 4026 3979 2266 4301 4263 2541 4029 3939 2269 4300 4262 2540 4299 4262 2539 3988 3941 2228 4298 4261 2538 3988 3941 2228 4299 4262 2539 3986 3939 2226 3970 3923 2210 4154 4094 2394 3968 3921 2208 4156 4096 2396 3967 3920 2207 3964 3917 2204 4156 4096 2396 4154 4094 2394 3967 3920 2207 4205 4147 2445 4061 4004 2301 4058 4002 2298 4213 4155 2453 4065 4008 2305 4205 4147 2445 4065 4008 2305 4213 4155 2453 4063 4006 2303 4169 4111 2409 4294 4257 2534 4276 4225 2516 4294 4257 2534 4169 4111 2409 4168 4110 2408 3982 3935 2222 4276 4225 2516 4146 4086 2386 4202 4144 2442 4209 4151 2449 4203 4145 2443 4209 4151 2449 4202 4144 2442 4210 4152 2450 4145 4085 2385 4147 4087 2387 4166 4108 2406 4166 4108 2406 4147 4087 2387 4159 4104 2399 4129 4069 2369 4145 4085 2385 4144 4084 2384 4166 4108 2406 4144 4084 2384 4145 4085 2385 4125 4065 2365 4293 4250 2533 4126 4066 2366 4027 3980 2267 4281 4230 2521 4125 4065 2365 4125 4065 2365 4281 4230 2521 4293 4250 2533 4287 4251 2527 4208 4150 2448 4031 3982 2271 4208 4264 2448 4287 4264 2527 4214 4264 2454 4126 4066 2366 4287 4251 2527 4031 3982 2271 4183 4125 2423 4010 3963 2250 4184 4126 2424 4010 3963 2250 4183 4125 2423 4198 4140 2438 4273 4222 2513 4091 4033 2331 4088 4030 2328 4253 4203 2493 4087 4029 2327 4085 4028 2325 3946 3899 2186 4198 4140 2438 4182 4124 2422 4182 4124 2422 3944 3897 2184 3946 3899 2186 4242 4192 2482 4241 4191 2481 4001 3954 2241 4235 4181 2475 4051 3998 2291 4049 3997 2289 4051 3998 2291 4235 4181 2475 4201 4143 2441 4234 4180 2474 4199 4141 2439 3981 3934 2221 4234 4180 2474 3981 3934 2221 4005 3958 2245 4041 3990 2281 4038 3988 2278 4131 4071 2371 4136 4076 2376 4139 4079 2379 4141 4081 2381 4136 4076 2376 3991 3944 2231 4139 4079 2379 4139 4079 2379 4298 4261 2538 4137 4077 2377 4298 4261 2538 4139 4079 2379 3991 3944 2231 3988 3941 2228 4137 4077 2377 4298 4261 2538 4239 4185 2479 4229 4174 2469 4026 3979 2266 4229 4174 2469 4239 4185 2479 4238 4184 2478 4238 4265 2478 4282 4265 2522 4229 4266 2469 4282 4267 2522 4238 4267 2478 4283 4267 2523 4283 4235 2523 4289 4243 2529 4282 4255 2522 4283 4235 2523 4290 4244 2530 4289 4243 2529 4239 4185 2479 4026 3979 2266 4301 4263 2541 4301 4263 2541 4024 3977 2264 4239 4185 2479 4024 3977 2264 4233 4179 2473 4239 4185 2479 4233 4179 2473 4118 4059 2358 4117 4058 2357 4118 4059 2358 4233 4179 2473 4024 3977 2264 4302 4268 2542 4303 4269 2543 4304 4270 2544 4304 4270 2544 4303 4269 2543 4305 4271 2545 4302 4268 2542 4306 4272 2546 4307 4273 2547 4302 4268 2542 4307 4273 2547 4303 4269 2543 4308 4274 2548 4306 4272 2546 4309 4275 2549 4310 4276 2550 4308 4274 2548 4309 4275 2549 4308 4274 2548 4310 4276 2550 4311 4274 2551 4312 4277 2552 4311 4274 2551 4310 4276 2550 4311 4274 2551 4312 4277 2552 4313 4278 2553 4314 4279 2554 4313 4278 2553 4312 4277 2552 4313 4278 2553 4314 4279 2554 4315 4280 2555 4316 4281 2556 4315 4280 2555 4314 4279 2554 4315 4280 2555 4316 4281 2556 4317 4282 2557 4318 4283 2558 4317 4282 2557 4316 4281 2556 4317 4282 2557 4318 4283 2558 4319 4284 2559 4320 4285 2560 4321 4286 2561 4322 4287 2562 4321 4286 2561 4320 4285 2560 4323 4288 2563 4322 4287 2562 4319 4284 2559 4318 4283 2558 4319 4284 2559 4322 4287 2562 4321 4286 2561 4304 4270 2544 4324 4289 2564 4325 4290 2565 4324 4289 2564 4304 4270 2544 4305 4271 2545 4326 4291 2566 4327 4292 2567 4328 4293 2568 4326 4291 2566 4329 4294 2569 4327 4292 2567 4326 4291 2566 4328 4293 2568 4330 4295 2570 4330 4295 2570 4328 4293 2568 4331 4296 2571 4332 4297 2572 4331 4296 2571 4333 4298 2573 4331 4296 2571 4332 4297 2572 4330 4295 2570 4334 4299 2574 4333 4298 2573 4335 4300 2575 4333 4298 2573 4334 4299 2574 4332 4297 2572 4336 4301 2576 4337 4302 2577 4338 4303 2578 4336 4301 2576 4339 4304 2579 4337 4302 2577 4340 4305 2580 4336 4301 2576 4338 4303 2578 4340 4305 2580 4338 4303 2578 4341 4306 2581 4342 4307 2582 4341 4306 2581 4343 4308 2583 4341 4306 2581 4342 4307 2582 4340 4305 2580 4342 4307 2582 4343 4308 2583 4344 4309 2584 4344 4309 2584 4343 4308 2583 4345 4310 2585 4346 4311 2586 4347 4312 2587 4348 4313 2588 4349 4314 2589 4350 4315 2590 4351 4316 2591 4350 4315 2590 4349 4314 2589 4352 4317 2592 4352 4317 2592 4353 4318 2593 4350 4315 2590 4353 4318 2593 4352 4317 2592 4354 4319 2594 4354 4319 2594 4355 4320 2595 4353 4318 2593 4355 4320 2595 4354 4319 2594 4356 4321 2596 4356 4321 2596 4357 4322 2597 4355 4320 2595 4357 4322 2597 4356 4321 2596 4358 4323 2598 4358 4323 2598 4359 4324 2599 4357 4322 2597 4359 4324 2599 4358 4323 2598 4360 4325 2600 4360 4325 2600 4361 4326 2601 4359 4324 2599 4361 4326 2601 4360 4325 2600 4362 4327 2602 4361 4326 2601 4363 4328 2603 4364 4329 2604 4363 4328 2603 4361 4326 2601 4362 4327 2602 4363 4328 2603 4365 4330 2605 4364 4329 2604 4364 4329 2604 4365 4330 2605 4366 4331 2606 4365 4330 2605 4367 4332 2607 4366 4331 2606 4366 4331 2606 4367 4332 2607 4368 4333 2608 4369 4334 2609 4368 4333 2608 4367 4332 2607 4368 4333 2608 4369 4334 2609 4370 4335 2610 4369 4334 2609 4371 4336 2611 4370 4335 2610 4370 4335 2610 4371 4336 2611 4372 4337 2612 4373 4338 2613 4374 4339 2614 4375 4340 2615 4374 4339 2614 4373 4338 2613 4376 4341 2616 4377 4342 2617 4378 4343 2618 4379 4344 2619 4378 4343 2618 4377 4342 2617 4380 4345 2620 4381 4346 2621 4382 4347 2622 4383 4348 2623 4383 4348 2623 4384 4349 2624 4381 4346 2621 4385 4350 2625 4386 4351 2626 4387 4352 2627 4388 4353 2628 4387 4352 2627 4386 4351 2626 4386 4351 2626 4389 4354 2629 4388 4353 2628 4389 4354 2629 4386 4351 2626 4390 4355 2630 4391 4356 2631 4392 4357 2632 4393 4358 2633 4392 4357 2632 4391 4356 2631 4394 4359 2634 4395 4360 2635 4396 4361 2636 4397 4362 2637 4398 4363 2638 4397 4362 2637 4396 4361 2636 4399 4364 2639 4400 4365 2640 4401 4366 2641 4400 4365 2640 4399 4364 2639 4402 4367 2642 4403 4368 2643 4404 4369 2644 4405 4370 2645 4404 4369 2644 4403 4368 2643 4406 4371 2646 4346 4311 2586 4407 4372 2647 4408 4373 2648 4409 4374 2649 4407 4372 2647 4346 4311 2586 4348 4313 2588 4409 4374 2649 4346 4311 2586 4409 4374 2649 4348 4313 2588 4410 4375 2650 4411 4376 2651 4412 4377 2652 4413 4378 2653 4412 4377 2652 4411 4376 2651 4414 4379 2654 4415 4380 2655 4412 4377 2652 4414 4379 2654 4414 4379 2654 4416 4381 2656 4415 4380 2655 4415 4380 2655 4417 4382 2657 4418 4383 2658 4417 4382 2657 4415 4380 2655 4416 4381 2656 4417 4382 2657 4338 4303 2578 4418 4383 2658 4419 4384 2659 4418 4383 2658 4338 4303 2578 4419 4384 2659 4337 4302 2577 4420 4385 2660 4337 4302 2577 4419 4384 2659 4338 4303 2578 4420 4385 2660 4421 4386 2661 4422 4387 2662 4421 4386 2661 4420 4385 2660 4337 4302 2577 4422 4387 2662 4423 4388 2663 4424 4389 2664 4423 4388 2663 4422 4387 2662 4421 4386 2661 4424 4389 2664 4328 4293 2568 4425 4390 2665 4328 4293 2568 4424 4389 2664 4423 4388 2663 4425 4390 2665 4327 4292 2567 4426 4391 2666 4327 4292 2567 4425 4390 2665 4328 4293 2568 4327 4292 2567 4427 4392 2667 4426 4391 2666 4428 4393 2668 4426 4391 2666 4427 4392 2667 4429 4394 2669 4430 4395 2670 4431 4396 2671 4430 4395 2670 4429 4394 2669 4432 4397 2672 4433 4398 2673 4434 4399 2674 4435 4400 2675 4434 4399 2674 4433 4398 2673 4436 4401 2676 4407 4372 2647 4437 4402 2677 4408 4373 2648 4437 4402 2677 4438 4403 2678 4408 4373 2648 4402 4367 2642 4439 4404 2679 4400 4365 2640 4439 4404 2679 4402 4367 2642 4440 4405 2680 4396 4361 2636 4399 4364 2639 4398 4363 2638 4401 4366 2641 4398 4363 2638 4399 4364 2639 4441 4406 2681 4442 4407 2682 4443 4408 2683 4442 4407 2682 4441 4406 2681 4444 4409 2684 4445 4410 2685 4391 4356 2631 4393 4358 2633 4391 4356 2631 4445 4410 2685 4446 4411 2686 4434 4399 2674 4387 4352 2627 4435 4400 2675 4387 4352 2627 4434 4399 2674 4385 4350 2625 4432 4397 2672 4433 4398 2673 4430 4395 2670 4433 4398 2673 4432 4397 2672 4436 4401 2676 4440 4405 2680 4405 4370 2645 4439 4404 2679 4405 4370 2645 4440 4405 2680 4403 4368 2643 4414 4379 2654 4411 4376 2651 4347 4312 2587 4329 4294 2569 4427 4392 2667 4327 4292 2567 4427 4392 2667 4329 4294 2569 4447 4412 2687 4448 4413 2688 4449 4414 2689 4450 4415 2690 4449 4414 2689 4448 4413 2688 4451 4416 2691 4452 4390 2692 4450 4415 2690 4449 4414 2689 4452 4390 2692 4449 4414 2689 4453 4417 2693 4453 4417 2693 4454 4418 2694 4455 4419 2695 4455 4419 2695 4452 4390 2692 4453 4417 2693 4455 4419 2695 4456 4420 2696 4457 4387 2697 4456 4420 2696 4455 4419 2695 4454 4418 2694 4457 4387 2697 4458 4421 2698 4459 4422 2699 4458 4421 2698 4457 4387 2697 4456 4420 2696 4459 4422 2699 4460 4423 2700 4461 4384 2701 4460 4423 2700 4459 4422 2699 4458 4421 2698 4461 4384 2701 4462 4424 2702 4463 4425 2703 4462 4424 2702 4461 4384 2701 4460 4423 2700 4464 4426 2704 4463 4425 2703 4462 4424 2702 4464 4426 2704 4462 4424 2702 4465 4427 2705 4465 4427 2705 4466 4428 2706 4467 4429 2707 4467 4429 2707 4464 4426 2704 4465 4427 2705 4468 4430 2708 4466 4428 2706 4469 4431 2709 4466 4428 2706 4468 4430 2708 4467 4429 2707 4470 4432 2710 4471 4433 2711 4472 4434 2712 4471 4433 2711 4470 4432 2710 4473 4435 2713 4474 4436 2714 4470 4432 2710 4475 4437 2715 4475 4437 2715 4470 4432 2710 4472 4434 2712 4476 4402 2716 4475 4437 2715 4477 4438 2717 4475 4437 2715 4476 4402 2716 4474 4436 2714 4478 4439 2718 4479 4440 2719 4480 4441 2720 4479 4440 2719 4481 4442 2721 4480 4441 2720 4479 4440 2719 4482 4443 2722 4481 4442 2721 4482 4443 2722 4479 4440 2719 4483 4444 2723 4483 4444 2723 4484 4445 2724 4482 4443 2722 4484 4445 2724 4483 4444 2723 4485 4446 2725 4486 4447 2726 4484 4445 2724 4487 4448 2727 4485 4446 2725 4487 4448 2727 4484 4445 2724 4487 4448 2727 4488 4449 2728 4486 4447 2726 4489 4450 2729 4486 4447 2726 4488 4449 2728 4490 4362 2730 4489 4450 2729 4491 4451 2731 4488 4449 2728 4491 4451 2731 4489 4450 2729 4492 4452 2732 4493 4453 2733 4494 4454 2734 4494 4454 2734 4493 4453 2733 4495 4455 2735 4496 4456 2736 4497 4357 2737 4498 4457 2738 4497 4357 2737 4496 4456 2736 4499 4458 2739 4499 4458 2739 4500 4459 2740 4501 4460 2741 4500 4459 2740 4499 4458 2739 4496 4456 2736 4502 4461 2742 4503 4462 2743 4504 4353 2744 4505 4463 2745 4503 4462 2743 4502 4461 2742 4506 4464 2746 4503 4462 2743 4507 4465 2747 4503 4462 2743 4506 4464 2746 4504 4353 2744 4506 4464 2746 4508 4466 2748 4509 4467 2749 4507 4465 2747 4508 4466 2748 4506 4464 2746 4509 4467 2749 4510 4468 2750 4511 4469 2751 4510 4468 2750 4509 4467 2749 4508 4466 2748 4512 4470 2752 4511 4469 2751 4513 4471 2753 4513 4471 2753 4511 4469 2751 4510 4468 2750 4514 4472 2754 4513 4471 2753 4515 4473 2755 4513 4471 2753 4514 4472 2754 4512 4470 2752 4516 4474 2756 4517 4475 2757 4518 4476 2758 4516 4474 2756 4518 4476 2758 4519 4477 2759 4520 4343 2760 4521 4478 2761 4522 4479 2762 4521 4478 2761 4520 4343 2760 4523 4480 2763 4524 4481 2764 4525 4482 2765 4526 4483 2766 4525 4482 2765 4524 4481 2764 4527 4484 2767 4528 4335 2768 4529 4485 2769 4320 4285 2560 4320 4285 2560 4322 4287 2562 4528 4335 2768 4530 4486 2770 4528 4335 2768 4322 4287 2562 4322 4287 2562 4318 4283 2558 4530 4486 2770 4318 4283 2558 4531 4487 2771 4530 4486 2770 4531 4487 2771 4318 4283 2558 4316 4281 2556 4532 4488 2772 4316 4281 2556 4314 4279 2554 4316 4281 2556 4532 4488 2772 4531 4487 2771 4312 4277 2552 4532 4488 2772 4314 4279 2554 4532 4488 2772 4312 4277 2552 4533 4489 2773 4534 4490 2774 4533 4489 2773 4310 4276 2550 4310 4276 2550 4533 4489 2773 4312 4277 2552 4535 4491 2775 4534 4490 2774 4309 4275 2549 4309 4275 2549 4534 4490 2774 4310 4276 2550 4536 4492 2776 4535 4491 2775 4306 4272 2546 4306 4272 2546 4535 4491 2775 4309 4275 2549 4537 4493 2777 4536 4492 2776 4302 4268 2542 4302 4268 2542 4536 4492 2776 4306 4272 2546 4538 4494 2778 4537 4493 2777 4304 4270 2544 4304 4270 2544 4537 4493 2777 4302 4268 2542 4304 4270 2544 4539 4495 2779 4538 4494 2778 4539 4495 2779 4304 4270 2544 4325 4290 2565 4540 4496 2780 4376 4341 2616 4541 4497 2781 4373 4338 2613 4541 4497 2781 4376 4341 2616 4542 4498 2782 4525 4482 2765 4527 4484 2767 4527 4484 2767 4543 4499 2783 4542 4498 2782 4544 4500 2784 4379 4344 2619 4378 4343 2618 4379 4344 2619 4544 4500 2784 4545 4501 2785 4522 4479 2762 4546 4502 2786 4520 4343 2760 4546 4502 2786 4522 4479 2762 4547 4503 2787 4375 4340 2615 4545 4501 2785 4544 4500 2784 4545 4501 2785 4375 4340 2615 4374 4339 2614 4547 4503 2787 4526 4483 2766 4546 4502 2786 4526 4483 2766 4547 4503 2787 4524 4481 2764 4383 4348 2623 4380 4345 2620 4377 4342 2617 4380 4345 2620 4383 4348 2623 4382 4347 2622 4523 4480 2763 4517 4475 2757 4521 4478 2761 4517 4475 2757 4523 4480 2763 4518 4476 2758 4431 4396 2671 4381 4346 2621 4384 4349 2624 4384 4349 2624 4429 4394 2669 4431 4396 2671 4519 4477 2759 4515 4473 2755 4516 4474 2756 4515 4473 2755 4519 4477 2759 4514 4472 2754 4527 4484 2767 4548 4504 2788 4543 4499 2783 4548 4504 2788 4527 4484 2767 4549 4505 2789 4547 4503 2787 4550 4506 2790 4524 4481 2764 4550 4506 2790 4547 4503 2787 4551 4507 2791 4516 4474 2756 4552 4508 2792 4553 4509 2793 4553 4509 2793 4517 4475 2757 4516 4474 2756 4517 4475 2757 4554 4129 2794 4521 4478 2761 4513 4471 2753 4510 4468 2750 4555 4510 2795 4513 4471 2753 4555 4510 2795 4515 4473 2755 4556 4511 2796 4347 4312 2587 4408 4373 2648 4408 4373 2648 4347 4312 2587 4346 4311 2586 4557 4512 2797 4558 4513 2798 4559 4514 2799 4558 4513 2798 4557 4512 2797 4560 4515 2800 4561 4516 2801 4557 4512 2797 4559 4514 2799 4561 4516 2801 4559 4514 2799 4396 4361 2636 4562 4517 2802 4391 4356 2631 4563 4518 2803 4391 4356 2631 4562 4517 2802 4394 4359 2634 4386 4351 2626 4564 4519 2804 4390 4355 2630 4555 4510 2795 4508 4466 2748 4507 4465 2747 4508 4466 2748 4555 4510 2795 4510 4468 2750 4552 4508 2792 4565 4520 2805 4566 4521 2806 4552 4508 2792 4566 4521 2806 4553 4509 2793 4567 4522 2807 4496 4456 2736 4498 4457 2738 4496 4456 2736 4567 4522 2807 4566 4521 2806 4568 4523 2808 4491 4451 2731 4488 4449 2728 4491 4451 2731 4568 4523 2808 4569 4524 2809 4570 4525 2810 4571 4526 2811 4572 4527 2812 4571 4526 2811 4570 4525 2810 4573 4528 2813 4574 4529 2814 4575 4530 2815 4576 4531 2816 4575 4530 2815 4574 4529 2814 4577 4532 2817 4576 4531 2816 4578 4533 2818 4579 4534 2819 4578 4533 2818 4576 4531 2816 4575 4530 2815 4579 4534 2819 4580 4535 2820 4581 4536 2821 4580 4535 2820 4579 4534 2819 4578 4533 2818 4581 4536 2821 4582 4537 2822 4583 4538 2823 4582 4537 2822 4581 4536 2821 4580 4535 2820 4583 4538 2823 4460 4423 2700 4584 4539 2824 4460 4423 2700 4583 4538 2823 4582 4537 2822 4584 4539 2824 4458 4421 2698 4585 4540 2825 4584 4539 2824 4460 4423 2700 4458 4421 2698 4456 4420 2696 4585 4540 2825 4458 4421 2698 4586 4541 2826 4587 4542 2827 4307 4273 2547 4587 4542 2827 4586 4541 2826 4588 4522 2828 4307 4273 2547 4453 4417 2693 4303 4269 2543 4453 4417 2693 4307 4273 2547 4587 4542 2827 4303 4269 2543 4449 4414 2689 4305 4271 2545 4449 4414 2689 4303 4269 2543 4453 4417 2693 4305 4271 2545 4451 4416 2691 4324 4289 2564 4305 4271 2545 4449 4414 2689 4451 4416 2691 4384 4349 2624 4589 4543 2829 4429 4394 2669 4590 4544 2830 4429 4394 2669 4589 4543 2829 4591 4545 2831 4592 4517 2832 4383 4348 2623 4383 4348 2623 4592 4517 2832 4593 4546 2833 4594 4547 2834 4595 4548 2835 4596 4549 2836 4596 4549 2836 4595 4548 2835 4597 4550 2837 4594 4547 2834 4598 4551 2838 4595 4548 2835 4598 4551 2838 4594 4547 2834 4599 4552 2839 4600 4553 2840 4601 4554 2841 4602 4553 2842 4601 4554 2841 4600 4553 2840 4603 4555 2843 4603 4555 2843 4604 4556 2844 4601 4554 2841 4604 4557 2844 4603 4557 2843 4605 4557 2845 4606 4558 2846 4607 4559 2847 4605 4560 2845 4605 4560 2845 4607 4559 2847 4604 4556 2844 4608 4561 2848 4609 4552 2849 4606 4558 2846 4606 4558 2846 4609 4552 2849 4607 4559 2847 4610 4562 2850 4334 4299 2574 4608 4561 2848 4608 4561 2848 4334 4299 2574 4609 4552 2849 4611 4563 2851 4332 4297 2572 4610 4562 2850 4610 4562 2850 4332 4297 2572 4334 4299 2574 4356 4321 2596 4330 4295 2570 4611 4563 2851 4611 4563 2851 4330 4295 2570 4332 4297 2572 4354 4319 2594 4330 4295 2570 4356 4321 2596 4330 4295 2570 4354 4319 2594 4326 4291 2566 4352 4317 2592 4326 4291 2566 4354 4319 2594 4326 4291 2566 4352 4317 2592 4329 4294 2569 4349 4314 2589 4447 4412 2687 4352 4317 2592 4352 4317 2592 4447 4412 2687 4329 4294 2569 4385 4350 2625 4590 4544 2830 4589 4543 2829 4589 4543 2829 4564 4519 2804 4385 4350 2625 4592 4517 2832 4562 4517 2802 4593 4546 2833 4593 4546 2833 4562 4517 2802 4563 4518 2803 4597 4550 2837 4612 4564 2852 4613 4565 2853 4612 4564 2852 4597 4550 2837 4595 4548 2835 4595 4548 2835 4614 4566 2854 4612 4564 2852 4614 4566 2854 4595 4548 2835 4598 4551 2838 4602 4553 2842 4615 4567 2855 4616 4553 2856 4615 4567 2855 4602 4553 2842 4601 4554 2841 4601 4249 2841 4617 4249 2857 4615 4249 2855 4617 4557 2857 4601 4554 2841 4604 4556 2844 4607 4559 2847 4618 4568 2858 4604 4556 2844 4604 4556 2844 4618 4568 2858 4617 4557 2857 4609 4552 2849 4619 4569 2859 4607 4559 2847 4607 4559 2847 4619 4569 2859 4618 4568 2858 4334 4299 2574 4335 4300 2575 4609 4552 2849 4609 4552 2849 4335 4300 2575 4619 4569 2859 4565 4520 2805 4500 4459 2740 4566 4521 2806 4500 4459 2740 4565 4520 2805 4505 4463 2745 4483 4444 2723 4479 4440 2719 4620 4570 2860 4475 4437 2715 4621 4571 2861 4477 4438 2717 4469 4431 2709 4622 4572 2862 4471 4433 2711 4466 4428 2706 4465 4427 2705 4623 4573 2863 4588 4522 2828 4454 4418 2694 4587 4542 2827 4588 4522 2828 4456 4420 2696 4454 4418 2694 4453 4417 2693 4587 4542 2827 4454 4418 2694 4344 4309 2584 4345 4310 2585 4624 4574 2864 4624 4574 2864 4345 4310 2585 4625 4575 2865 4626 4576 2866 4466 4428 2706 4623 4573 2863 4466 4428 2706 4626 4576 2866 4622 4572 2862 4626 4576 2866 4620 4570 2860 4621 4571 2861 4626 4576 2866 4621 4571 2861 4622 4572 2862 4416 4381 2656 4414 4379 2654 4627 4296 2867 4627 4296 2867 4414 4379 2654 4628 4577 2868 4628 4577 2868 4414 4379 2654 4347 4312 2587 4403 4368 2643 4629 4578 2869 4406 4371 2646 4406 4371 2646 4629 4578 2869 4556 4511 2796 4488 4449 2728 4487 4448 2727 4573 4528 2813 4571 4526 2811 4485 4446 2725 4483 4444 2723 4485 4446 2725 4571 4526 2811 4573 4528 2813 4577 4532 2817 4626 4576 2866 4575 4530 2815 4626 4576 2866 4577 4532 2817 4620 4570 2860 4575 4530 2815 4623 4573 2863 4578 4533 2818 4623 4573 2863 4575 4530 2815 4626 4576 2866 4578 4533 2818 4465 4427 2705 4580 4535 2820 4465 4427 2705 4578 4533 2818 4623 4573 2863 4580 4535 2820 4462 4424 2702 4582 4537 2822 4580 4535 2820 4465 4427 2705 4462 4424 2702 4460 4423 2700 4582 4537 2822 4462 4424 2702 4613 4565 2853 4612 4564 2852 4557 4512 2797 4613 4565 2853 4557 4512 2797 4561 4516 2801 4612 4564 2852 4560 4515 2800 4557 4512 2797 4560 4515 2800 4612 4564 2852 4614 4566 2854 4615 4567 2855 4344 4309 2584 4616 4553 2856 4616 4553 2856 4344 4309 2584 4624 4574 2864 4617 4579 2857 4342 4580 2582 4615 4581 2855 4615 4567 2855 4342 4307 2582 4344 4309 2584 4617 4557 2857 4340 4305 2580 4342 4307 2582 4340 4305 2580 4617 4557 2857 4618 4568 2858 4618 4568 2858 4336 4301 2576 4340 4305 2580 4336 4301 2576 4618 4568 2858 4619 4569 2859 4619 4569 2859 4335 4300 2575 4339 4304 2579 4619 4569 2859 4339 4304 2579 4336 4301 2576 4630 4278 2870 4521 4478 2761 4554 4129 2794 4521 4478 2761 4630 4278 2870 4522 4479 2762 4494 4454 2734 4631 4582 2871 4498 4457 2738 4498 4457 2738 4492 4452 2732 4494 4454 2734 4492 4452 2732 4498 4457 2738 4497 4357 2737 4394 4359 2634 4443 4408 2683 4392 4357 2632 4443 4408 2683 4394 4359 2634 4441 4406 2681 4562 4517 2802 4632 4583 2872 4633 4584 2873 4562 4517 2802 4633 4584 2873 4394 4359 2634 4634 4585 2874 4632 4583 2872 4592 4517 2832 4592 4517 2832 4632 4583 2872 4562 4517 2802 4635 4586 2875 4634 4585 2874 4591 4545 2831 4591 4545 2831 4634 4585 2874 4592 4517 2832 4522 4479 2762 4551 4507 2791 4547 4503 2787 4551 4507 2791 4522 4479 2762 4630 4278 2870 4631 4582 2871 4495 4455 2735 4569 4524 2809 4495 4455 2735 4631 4582 2871 4494 4454 2734 4493 4453 2733 4490 4362 2730 4495 4455 2735 4495 4455 2735 4490 4362 2730 4491 4451 2731 4397 4362 2637 4444 4409 2684 4395 4360 2635 4444 4409 2684 4397 4362 2637 4442 4407 2682 4632 4583 2872 4636 4587 2876 4637 4588 2877 4632 4583 2872 4637 4588 2877 4633 4584 2873 4634 4585 2874 4636 4587 2876 4632 4583 2872 4636 4587 2876 4634 4585 2874 4638 4589 2878 4639 4590 2879 4638 4589 2878 4635 4586 2875 4635 4586 2875 4638 4589 2878 4634 4585 2874 4505 4463 2745 4565 4520 2805 4503 4462 2743 4383 4348 2623 4593 4546 2833 4384 4349 2624 4384 4349 2624 4593 4546 2833 4589 4543 2829 4593 4546 2833 4563 4518 2803 4589 4543 2829 4589 4543 2829 4563 4518 2803 4564 4519 2804 4446 4411 2686 4563 4518 2803 4391 4356 2631 4390 4355 2630 4445 4410 2685 4389 4354 2629 4445 4410 2685 4390 4355 2630 4446 4411 2686 4500 4459 2740 4505 4463 2745 4501 4460 2741 4501 4460 2741 4505 4463 2745 4502 4461 2742 4568 4523 2808 4573 4528 2813 4570 4525 2810 4573 4528 2813 4568 4523 2808 4488 4449 2728 4524 4481 2764 4549 4505 2789 4527 4484 2767 4549 4505 2789 4524 4481 2764 4550 4506 2790 4613 4565 2853 4561 4516 2801 4636 4587 2876 4636 4587 2876 4561 4516 2801 4637 4588 2877 4638 4589 2878 4613 4565 2853 4636 4587 2876 4613 4565 2853 4638 4589 2878 4597 4550 2837 4596 4549 2836 4597 4550 2837 4639 4590 2879 4639 4590 2879 4597 4550 2837 4638 4589 2878 4640 4591 2880 4588 4522 2828 4586 4541 2826 4588 4522 2828 4640 4591 2880 4641 4592 2881 4642 4593 2882 4641 4592 2881 4640 4591 2880 4641 4592 2881 4642 4593 2882 4643 4594 2883 4644 4595 2884 4643 4594 2883 4642 4593 2882 4643 4594 2883 4644 4595 2884 4645 4596 2885 4646 4597 2886 4645 4596 2885 4644 4595 2884 4645 4596 2885 4646 4597 2886 4647 4598 2887 4648 4599 2888 4647 4598 2887 4646 4597 2886 4647 4598 2887 4648 4599 2888 4649 4600 2889 4650 4601 2890 4649 4600 2889 4648 4599 2888 4649 4600 2889 4650 4601 2890 4651 4602 2891 4652 4603 2892 4651 4602 2891 4650 4601 2890 4651 4602 2891 4652 4603 2892 4653 4604 2893 4654 4605 2894 4655 4606 2895 4656 4607 2896 4655 4606 2895 4654 4605 2894 4657 4608 2897 4658 4609 2898 4657 4608 2897 4654 4605 2894 4657 4608 2897 4658 4609 2898 4659 4610 2899 4660 4611 2900 4659 4610 2899 4658 4609 2898 4659 4610 2899 4660 4611 2900 4661 4527 2901 4662 4612 2902 4661 4527 2901 4660 4611 2900 4661 4527 2901 4662 4612 2902 4663 4613 2903 4664 4591 2904 4663 4613 2903 4662 4612 2902 4663 4613 2903 4664 4591 2904 4567 4522 2807 4553 4509 2793 4567 4522 2807 4664 4591 2904 4567 4522 2807 4553 4509 2793 4566 4521 2806 4331 4296 2571 4328 4293 2568 4423 4388 2663 4421 4386 2661 4333 4298 2573 4423 4388 2663 4333 4298 2573 4331 4296 2571 4423 4388 2663 4335 4300 2575 4421 4386 2661 4339 4304 2579 4421 4386 2661 4335 4300 2575 4333 4298 2573 4641 4592 2881 4456 4420 2696 4588 4522 2828 4456 4420 2696 4641 4592 2881 4585 4540 2825 4643 4594 2883 4585 4540 2825 4641 4592 2881 4585 4540 2825 4643 4594 2883 4584 4539 2824 4645 4596 2885 4584 4539 2824 4643 4594 2883 4584 4539 2824 4645 4596 2885 4583 4538 2823 4647 4598 2887 4583 4538 2823 4645 4596 2885 4583 4538 2823 4647 4598 2887 4581 4536 2821 4649 4600 2889 4581 4536 2821 4647 4598 2887 4581 4536 2821 4649 4600 2889 4579 4534 2819 4651 4602 2891 4579 4534 2819 4649 4600 2889 4579 4534 2819 4651 4602 2891 4576 4531 2816 4653 4604 2893 4576 4531 2816 4651 4602 2891 4576 4531 2816 4653 4604 2893 4574 4529 2814 4657 4608 2897 4572 4527 2812 4655 4606 2895 4572 4527 2812 4657 4608 2897 4570 4525 2810 4659 4610 2899 4570 4525 2810 4657 4608 2897 4570 4525 2810 4659 4610 2899 4568 4523 2808 4661 4527 2901 4568 4523 2808 4659 4610 2899 4568 4523 2808 4661 4527 2901 4569 4524 2809 4663 4613 2903 4569 4524 2809 4661 4527 2901 4569 4524 2809 4663 4613 2903 4631 4582 2871 4567 4522 2807 4631 4582 2871 4663 4613 2903 4631 4582 2871 4567 4522 2807 4498 4457 2738 4339 4304 2579 4421 4386 2661 4337 4302 2577 4561 4516 2801 4395 4360 2635 4637 4588 2877 4395 4360 2635 4561 4516 2801 4396 4361 2636 4395 4360 2635 4444 4409 2684 4637 4588 2877 4441 4406 2681 4394 4359 2634 4633 4584 2873 4341 4306 2581 4338 4303 2578 4417 4382 2657 4416 4381 2656 4343 4308 2583 4417 4382 2657 4343 4308 2583 4341 4306 2581 4417 4382 2657 4345 4310 2585 4416 4381 2656 4627 4296 2867 4416 4381 2656 4345 4310 2585 4343 4308 2583 4345 4310 2585 4627 4296 2867 4625 4575 2865 4625 4575 2865 4627 4296 2867 4628 4577 2868 4558 4513 2798 4402 4367 2642 4559 4514 2799 4402 4367 2642 4558 4513 2798 4440 4405 2680 4399 4364 2639 4559 4514 2799 4402 4367 2642 4517 4475 2757 4664 4591 2904 4554 4129 2794 4664 4591 2904 4517 4475 2757 4553 4509 2793 4554 4129 2794 4662 4612 2902 4630 4278 2870 4662 4612 2902 4554 4129 2794 4664 4591 2904 4630 4278 2870 4660 4611 2900 4551 4507 2791 4660 4611 2900 4630 4278 2870 4662 4612 2902 4551 4507 2791 4658 4609 2898 4550 4506 2790 4658 4609 2898 4551 4507 2791 4660 4611 2900 4550 4614 2790 4654 4615 2894 4549 4614 2789 4654 4605 2894 4550 4506 2790 4658 4609 2898 4549 4505 2789 4656 4607 2896 4548 4504 2788 4656 4607 2896 4549 4505 2789 4654 4605 2894 4323 4288 2563 4650 4601 2890 4321 4286 2561 4650 4601 2890 4323 4288 2563 4652 4603 2892 4321 4286 2561 4648 4599 2888 4319 4284 2559 4648 4599 2888 4321 4286 2561 4650 4601 2890 4319 4284 2559 4646 4597 2886 4317 4282 2557 4646 4597 2886 4319 4284 2559 4648 4599 2888 4317 4282 2557 4644 4595 2884 4315 4280 2555 4644 4595 2884 4317 4282 2557 4646 4597 2886 4315 4280 2555 4642 4593 2882 4313 4278 2553 4642 4593 2882 4315 4280 2555 4644 4595 2884 4313 4278 2553 4640 4591 2880 4311 4274 2551 4640 4591 2880 4313 4278 2553 4642 4593 2882 4311 4274 2551 4586 4541 2826 4308 4274 2548 4586 4541 2826 4311 4274 2551 4640 4591 2880 4308 4274 2548 4307 4273 2547 4306 4272 2546 4307 4273 2547 4308 4274 2548 4586 4541 2826 4377 4342 2617 4591 4545 2831 4383 4348 2623 4377 4342 2617 4635 4586 2875 4591 4545 2831 4635 4586 2875 4377 4342 2617 4379 4344 2619 4379 4344 2619 4639 4590 2879 4635 4586 2875 4639 4590 2879 4379 4344 2619 4545 4501 2785 4545 4501 2785 4596 4549 2836 4639 4590 2879 4596 4549 2836 4545 4501 2785 4374 4339 2614 4374 4339 2614 4594 4547 2834 4596 4549 2836 4594 4547 2834 4374 4339 2614 4376 4341 2616 4376 4341 2616 4599 4552 2839 4594 4547 2834 4599 4552 2839 4376 4341 2616 4540 4496 2780 4369 4334 2609 4603 4555 2843 4600 4553 2840 4603 4555 2843 4369 4334 2609 4367 4332 2607 4367 4332 2607 4605 4560 2845 4603 4555 2843 4605 4560 2845 4367 4332 2607 4365 4330 2605 4365 4330 2605 4606 4558 2846 4605 4560 2845 4606 4558 2846 4365 4330 2605 4363 4328 2603 4363 4328 2603 4608 4561 2848 4606 4558 2846 4608 4561 2848 4363 4328 2603 4362 4327 2602 4362 4327 2602 4610 4562 2850 4608 4561 2848 4610 4562 2850 4362 4327 2602 4360 4325 2600 4611 4563 2851 4360 4325 2600 4358 4323 2598 4360 4325 2600 4611 4563 2851 4610 4562 2850 4358 4323 2598 4356 4321 2596 4611 4563 2851 4411 4376 2651 4410 4375 2650 4348 4313 2588 4410 4375 2650 4411 4376 2651 4413 4378 2653 4473 4435 2713 4469 4431 2709 4471 4433 2711 4469 4431 2709 4473 4435 2713 4468 4430 2708 4622 4572 2862 4472 4434 2712 4471 4433 2711 4469 4431 2709 4466 4428 2706 4622 4572 2862 4347 4312 2587 4411 4376 2651 4348 4313 2588 4571 4526 2811 4620 4570 2860 4577 4532 2817 4620 4570 2860 4571 4526 2811 4483 4444 2723 4574 4529 2814 4572 4527 2812 4577 4532 2817 4572 4527 2812 4571 4526 2811 4577 4532 2817 4653 4604 2893 4655 4606 2895 4574 4529 2814 4655 4606 2895 4572 4527 2812 4574 4529 2814 4656 4607 2896 4653 4604 2893 4652 4603 2892 4653 4604 2893 4656 4607 2896 4655 4606 2895 4548 4504 2788 4652 4603 2892 4323 4288 2563 4652 4603 2892 4548 4504 2788 4656 4607 2896 4320 4285 2560 4543 4499 2783 4323 4288 2563 4543 4499 2783 4548 4504 2788 4323 4288 2563 4543 4499 2783 4529 4485 2769 4542 4498 2782 4529 4485 2769 4543 4499 2783 4320 4285 2560 4372 4337 2612 4540 4496 2780 4541 4497 2781 4540 4496 2780 4372 4337 2612 4371 4336 2611 4540 4496 2780 4371 4336 2611 4665 4616 2905 4540 4496 2780 4665 4616 2905 4599 4552 2839 4599 4552 2839 4665 4616 2905 4666 4616 2906 4599 4552 2839 4666 4616 2906 4598 4551 2838 4598 4551 2838 4667 4616 2907 4614 4566 2854 4667 4616 2907 4598 4551 2838 4666 4616 2906 4614 4566 2854 4668 4617 2908 4560 4515 2800 4668 4617 2908 4614 4566 2854 4667 4616 2907 4560 4515 2800 4669 4618 2909 4558 4513 2798 4669 4618 2909 4560 4515 2800 4668 4617 2908 4558 4513 2798 4629 4578 2869 4440 4405 2680 4629 4578 2869 4558 4513 2798 4669 4618 2909 4507 4465 2747 4552 4508 2792 4555 4510 2795 4565 4520 2805 4552 4508 2792 4507 4465 2747 4515 4473 2755 4555 4510 2795 4552 4508 2792 4515 4473 2755 4552 4508 2792 4516 4474 2756 4590 4544 2830 4434 4399 2674 4436 4401 2676 4434 4399 2674 4590 4544 2830 4385 4350 2625 4429 4394 2669 4590 4544 2830 4432 4397 2672 4436 4401 2676 4432 4397 2672 4590 4544 2830 4371 4336 2611 4369 4334 2609 4600 4553 2840 4371 4336 2611 4600 4553 2840 4665 4616 2905 4665 4616 2905 4600 4553 2840 4602 4553 2842 4665 4616 2905 4602 4553 2842 4666 4616 2906 4666 4616 2906 4616 4553 2856 4667 4616 2907 4616 4553 2856 4666 4616 2906 4602 4553 2842 4667 4616 2907 4624 4574 2864 4668 4617 2908 4624 4574 2864 4667 4616 2907 4616 4553 2856 4668 4617 2908 4625 4575 2865 4669 4618 2909 4625 4575 2865 4668 4617 2908 4624 4574 2864 4669 4618 2909 4628 4577 2868 4629 4578 2869 4628 4577 2868 4669 4618 2909 4625 4575 2865 4629 4578 2869 4628 4577 2868 4347 4312 2587 4629 4578 2869 4347 4312 2587 4556 4511 2796 4477 4438 2717 4621 4571 2861 4478 4439 2718 4477 4438 2717 4480 4441 2720 4476 4402 2716 4480 4441 2720 4477 4438 2717 4478 4439 2718 4406 4371 2646 4438 4403 2678 4404 4369 2644 4437 4402 2677 4404 4369 2644 4438 4403 2678 4406 4371 2646 4556 4511 2796 4438 4403 2678 4622 4572 2862 4621 4571 2861 4475 4437 2715 4622 4572 2862 4475 4437 2715 4472 4434 2712 4408 4373 2648 4438 4403 2678 4556 4511 2796 4478 4439 2718 4620 4570 2860 4479 4440 2719 4620 4570 2860 4478 4439 2718 4621 4571 2861 4629 4578 2869 4403 4368 2643 4440 4405 2680 4491 4451 2731 4569 4524 2809 4495 4455 2735 4444 4409 2684 4633 4584 2873 4637 4588 2877 4633 4584 2873 4444 4409 2684 4441 4406 2681 4500 4459 2740 4496 4456 2736 4566 4521 2806 4563 4518 2803 4446 4411 2686 4564 4519 2804 4564 4519 2804 4446 4411 2686 4390 4355 2630 4565 4520 2805 4507 4465 2747 4503 4462 2743 4385 4350 2625 4564 4519 2804 4386 4351 2626 4670 4619 2177 4671 4620 2176 4672 4621 2178 4671 4620 2176 4670 4619 2177 4673 4622 2179 4674 4623 2181 4675 4624 2182 4676 4625 2183 4675 4624 2182 4674 4623 2181 4677 4626 2180 4678 4627 2184 4679 4628 2186 4680 4629 2185 4680 4629 2185 4681 4630 2187 4678 4627 2184 4682 4631 2188 4683 4632 2189 4684 4633 2191 4683 4632 2189 4682 4631 2188 4685 4634 2190 4686 4635 2192 4687 4636 2194 4688 4637 2193 4688 4637 2193 4689 4638 2195 4686 4635 2192 4689 4638 2195 4690 4639 2196 4686 4635 2192 4690 4639 2196 4689 4638 2195 4691 4640 2197 4692 4641 2198 4690 4639 2196 4691 4640 2197 4692 4641 2198 4691 4640 2197 4693 4642 2199 4692 4641 2198 4694 4643 2200 4695 4644 2201 4694 4643 2200 4692 4641 2198 4693 4642 2199 4696 4645 2202 4695 4644 2201 4694 4643 2200 4696 4645 2202 4694 4643 2200 4697 4646 2203 4698 4647 2204 4699 4648 2205 4700 4649 2207 4699 4648 2205 4698 4647 2204 4701 4650 2206 4702 4651 2208 4703 4652 2210 4704 4653 2209 4704 4653 2209 4705 4654 2211 4702 4651 2208 4705 4654 2211 4706 4655 2212 4702 4651 2208 4706 4655 2212 4705 4654 2211 4707 4656 2213 4708 4657 2214 4709 4658 2215 4710 4659 2217 4709 4658 2215 4708 4657 2214 4711 4660 2216 4712 4661 2220 4713 4662 2219 4714 4663 2218 4713 4662 2219 4712 4661 2220 4715 4664 2221 4716 4665 2222 4717 4666 2224 4718 4667 2223 4716 4665 2222 4718 4667 2223 4719 4668 2225 4720 4669 2226 4721 4670 2227 4722 4671 2229 4723 4672 2228 4721 4670 2227 4720 4669 2226 4724 4673 2230 4725 4674 2231 4726 4675 2233 4725 4674 2231 4724 4673 2230 4727 4676 2232 4687 4636 2194 4685 4634 2190 4688 4637 2193 4685 4634 2190 4687 4636 2194 4683 4632 2189 4696 4645 2202 4728 4677 2234 4729 4678 2235 4728 4677 2234 4696 4645 2202 4697 4646 2203 4717 4666 2224 4730 4679 2237 4731 4680 2236 4731 4680 2236 4718 4667 2223 4717 4666 2224 4732 4681 2238 4706 4655 2212 4707 4656 2213 4706 4655 2212 4732 4681 2238 4733 4682 2239 4734 4683 2240 4709 4658 2215 4711 4660 2216 4709 4658 2215 4734 4683 2240 4735 4684 2241 4734 4683 2240 4736 4685 2243 4737 4686 2242 4734 4683 2240 4737 4686 2242 4735 4684 2241 4738 4687 2245 4739 4688 2244 4740 4689 2246 4739 4688 2244 4738 4687 2245 4741 4690 2247 4739 4688 2244 4737 4686 2242 4736 4685 2243 4737 4686 2242 4739 4688 2244 4741 4690 2247 4712 4661 2220 4742 4691 2248 4743 4692 2249 4742 4691 2248 4712 4661 2220 4714 4663 2218 4728 4677 2234 4698 4647 2204 4729 4678 2235 4698 4647 2204 4728 4677 2234 4701 4650 2206 4744 4693 2250 4680 4629 2185 4679 4628 2186 4680 4629 2185 4744 4693 2250 4745 4694 2251 4684 4633 2191 4746 4695 2252 4747 4696 2253 4747 4696 2253 4682 4631 2188 4684 4633 2191 4748 4697 2254 4727 4676 2232 4724 4673 2230 4727 4676 2232 4748 4697 2254 4749 4698 2255 4750 4699 2258 4751 4700 2259 4752 4701 2257 4750 4699 2258 4752 4701 2257 4753 4702 2256 4754 4703 2260 4755 4704 2261 4756 4697 2263 4755 4704 2261 4754 4703 2260 4757 4705 2262 4758 4706 2264 4757 4705 2262 4759 4675 2265 4759 4675 2265 4757 4705 2262 4754 4703 2260 4760 4707 2267 4761 4708 2266 4762 4671 2268 4762 4671 2268 4761 4708 2266 4763 4669 2269 4764 4709 2271 4765 4710 2270 4766 4711 2272 4765 4710 2270 4764 4709 2271 4767 4668 2273 4765 4710 2270 4768 4712 2274 4766 4711 2272 4768 4712 2274 4765 4710 2270 4769 4713 2275 4770 4714 2277 4771 4715 2276 4772 4716 2278 4771 4715 2276 4770 4714 2277 4773 4717 2279 4772 4716 2278 4774 4662 2280 4775 4718 2281 4774 4662 2280 4772 4716 2278 4771 4715 2276 4776 4719 2285 4777 4720 2282 4778 4688 2283 4779 4721 2284 4778 4688 2283 4777 4720 2282 4778 4688 2283 4780 4722 2287 4781 4723 2286 4778 4688 2283 4781 4723 2286 4776 4719 2285 4782 4683 2288 4781 4723 2286 4780 4722 2287 4781 4723 2286 4782 4683 2288 4783 4724 2289 4784 4725 2291 4783 4724 2289 4785 4660 2290 4782 4683 2288 4785 4660 2290 4783 4724 2289 4786 4726 2292 4784 4725 2291 4785 4660 2290 4784 4725 2291 4786 4726 2292 4787 4727 2293 4788 4681 2294 4789 4656 2296 4790 4728 2295 4788 4681 2294 4790 4728 2295 4791 4729 2297 4792 4730 2298 4789 4656 2296 4793 4731 2299 4789 4656 2296 4792 4730 2298 4790 4728 2295 4793 4731 2299 4794 4653 2300 4795 4732 2301 4795 4732 2301 4792 4730 2298 4793 4731 2299 4796 4733 2302 4797 4734 2304 4798 4735 2303 4798 4735 2303 4799 4736 2305 4796 4733 2302 4797 4734 2304 4800 4677 2306 4798 4735 2303 4798 4735 2303 4800 4677 2306 4801 4737 2307 4801 4737 2307 4802 4646 2308 4803 4738 2309 4802 4646 2308 4801 4737 2307 4800 4677 2306 4803 4738 2309 4804 4643 2310 4805 4739 2311 4804 4643 2310 4803 4738 2309 4802 4646 2308 4805 4739 2311 4806 4740 2312 4807 4741 2313 4806 4740 2312 4805 4739 2311 4804 4643 2310 4806 4740 2312 4808 4742 2314 4807 4741 2313 4808 4742 2314 4806 4740 2312 4809 4743 2315 4809 4743 2315 4810 4744 2316 4808 4742 2314 4810 4744 2316 4809 4743 2315 4811 4638 2317 4811 4638 2317 4812 4745 2319 4810 4744 2316 4812 4745 2319 4811 4638 2317 4813 4637 2318 4812 4745 2319 4814 4746 2320 4815 4747 2321 4814 4746 2320 4812 4745 2319 4813 4637 2318 4816 4748 2322 4814 4746 2320 4817 4749 2323 4814 4746 2320 4816 4748 2322 4815 4747 2321 4818 4750 2325 4816 4748 2322 4819 4696 2324 4819 4696 2324 4816 4748 2322 4817 4749 2323 4820 4751 2326 4821 4752 2327 4822 4630 2329 4821 4752 2327 4820 4751 2326 4823 4753 2328 4824 4754 2330 4823 4753 2328 4820 4751 2326 4823 4753 2328 4824 4754 2330 4825 4755 2331 4826 4756 2333 4827 4757 2332 4828 4758 2334 4828 4758 2334 4827 4757 2332 4829 4759 2335 4830 4700 2336 4831 4760 2337 4671 4620 2176 4671 4620 2176 4673 4622 2179 4830 4700 2336 4832 4761 2338 4833 4762 2339 4749 4698 2255 4834 4763 2341 4835 4764 2340 4836 4765 2342 4836 4765 2342 4835 4764 2340 4837 4766 2343 4838 4767 2344 4839 4768 2345 4840 4769 2347 4839 4768 2345 4838 4767 2344 4841 4770 2346 4834 4763 2341 4842 4771 2349 4843 4772 2348 4842 4771 2349 4834 4763 2341 4836 4765 2342 4844 4773 2350 4840 4769 2347 4845 4774 2351 4840 4769 2347 4844 4773 2350 4838 4767 2344 4830 4700 2336 4843 4772 2348 4842 4771 2349 4843 4772 2348 4830 4700 2336 4673 4622 2179 4751 4700 2259 4845 4774 2351 4752 4701 2257 4845 4774 2351 4751 4700 2259 4844 4773 2350 4755 4704 2261 4670 4619 2177 4672 4621 2178 4833 4762 2339 4753 4702 2256 4752 4701 2257 4753 4702 2256 4833 4762 2339 4832 4761 2338 4846 4775 2352 4770 4714 2277 4847 4776 2353 4770 4714 2277 4846 4775 2352 4773 4717 2279 4742 4691 2248 4848 4777 2355 4743 4692 2249 4849 4778 2354 4743 4692 2249 4848 4777 2355 4727 4676 2232 4749 4698 2255 4833 4762 2339 4670 4619 2177 4755 4704 2261 4757 4705 2262 4843 4772 2348 4850 4779 2356 4834 4763 2341 4850 4779 2356 4843 4772 2348 4851 4780 2357 4673 4622 2179 4851 4780 2357 4843 4772 2348 4851 4780 2357 4673 4622 2179 4852 4781 2358 4827 4757 2332 4853 4782 2359 4854 4783 2361 4853 4782 2359 4827 4757 2332 4855 4784 2360 4670 4619 2177 4852 4781 2358 4673 4622 2179 4852 4781 2358 4670 4619 2177 4757 4705 2262 4856 4785 2362 4722 4671 2229 4721 4670 2227 4722 4671 2229 4856 4785 2362 4857 4786 2363 4858 4787 2365 4760 4707 2267 4859 4786 2364 4760 4707 2267 4762 4671 2268 4859 4786 2364 4860 4788 2366 4767 4668 2273 4764 4709 2271 4767 4668 2273 4860 4788 2366 4861 4789 2367 4716 4665 2222 4862 4790 2368 4863 4791 2369 4862 4790 2368 4716 4665 2222 4719 4668 2225 4864 4792 2370 4847 4776 2353 4770 4714 2277 4864 4792 2370 4770 4714 2277 4865 4793 2371 4781 4723 2286 4783 4724 2289 4866 4794 2372 4867 4795 2373 4803 4738 2309 4805 4739 2311 4803 4738 2309 4867 4795 2373 4868 4796 2374 4867 4795 2373 4807 4741 2313 4869 4797 2375 4869 4797 2375 4807 4741 2313 4808 4742 2314 4870 4798 2376 4833 4762 2339 4752 4701 2257 4833 4762 2339 4870 4798 2376 4727 4676 2232 4871 4799 2377 4872 4800 2379 4873 4801 2378 4872 4800 2379 4874 4802 2380 4873 4801 2378 4875 4803 2381 4752 4701 2257 4845 4774 2351 4752 4701 2257 4875 4803 2381 4870 4798 2376 4723 4672 2228 4876 4804 2382 4721 4670 2227 4721 4670 2227 4877 4805 2383 4856 4785 2362 4856 4785 2362 4877 4805 2383 4878 4806 2384 4879 4807 2385 4880 4808 2386 4716 4665 2222 4880 4809 2386 4879 4809 2385 4881 4809 2387 4856 4785 2362 4878 4806 2384 4863 4791 2369 4881 4810 2387 4882 4811 2388 4880 4812 2386 4882 4811 2388 4881 4810 2387 4883 4813 2389 4884 4814 2390 4885 4815 2391 4886 4816 2393 4885 4815 2391 4884 4814 2390 4887 4817 2392 4700 4649 2207 4703 4652 2210 4888 4818 2394 4889 4819 2395 4698 4647 2204 4890 4820 2396 4698 4647 2204 4889 4819 2395 4729 4678 2235 4884 4814 2390 4891 4821 2397 4887 4817 2392 4891 4821 2397 4892 4822 2398 4887 4817 2392 4881 4823 2387 4893 4823 2399 4883 4823 2389 4893 4824 2399 4894 4824 2400 4883 4824 2389 4895 4825 2401 4729 4678 2235 4889 4819 2395 4729 4678 2235 4895 4825 2401 4696 4645 2202 4891 4821 2397 4896 4826 2402 4892 4822 2398 4896 4826 2402 4897 4827 2403 4892 4822 2398 4894 4828 2400 4893 4829 2399 4898 4830 2404 4898 4830 2404 4899 4831 2405 4894 4828 2400 4900 4832 2407 4893 4829 2399 4901 4833 2406 4900 4834 2407 4898 4834 2404 4893 4834 2399 4849 4778 2354 4902 4835 2409 4903 4836 2408 4710 4659 2217 4709 4658 2215 4904 4837 2410 4686 4635 2192 4690 4639 2196 4905 4838 2411 4906 4839 2412 4907 4840 2414 4908 4841 2413 4907 4840 2414 4906 4839 2412 4909 4842 2415 4910 4843 2416 4911 4844 2417 4912 4845 2419 4911 4844 2417 4910 4843 2416 4913 4846 2418 4914 4847 2421 4912 4845 2419 4915 4848 2420 4914 4847 2421 4910 4843 2416 4912 4845 2419 4916 4849 2422 4678 4627 2184 4746 4695 2252 4675 4624 2182 4917 4850 2423 4918 4851 2425 4917 4850 2423 4675 4624 2182 4919 4852 2424 4676 4625 2183 4918 4851 2425 4920 4853 2426 4676 4625 2183 4675 4624 2182 4918 4851 2425 4845 4774 2351 4921 4854 2427 4875 4803 2381 4845 4774 2351 4840 4769 2347 4921 4854 2427 4922 4855 2428 4696 4645 2202 4895 4825 2401 4696 4645 2202 4922 4855 2428 4695 4644 2201 4896 4826 2402 4923 4856 2429 4897 4827 2403 4923 4856 2429 4924 4857 2430 4897 4827 2403 4898 4830 2404 4925 4858 2431 4899 4831 2405 4925 4858 2431 4926 4859 2432 4899 4831 2405 4927 4860 2433 4898 4830 2404 4900 4832 2407 4927 4860 2433 4925 4858 2431 4898 4830 2404 4928 4861 2434 4929 4862 2436 4930 4863 2435 4929 4862 2436 4928 4861 2434 4931 4864 2437 4725 4674 2231 4727 4676 2232 4870 4798 2376 4875 4803 2381 4874 4802 2380 4872 4800 2379 4875 4803 2381 4921 4854 2427 4874 4802 2380 4920 4853 2426 4910 4843 2416 4914 4847 2421 4920 4853 2426 4918 4851 2425 4910 4843 2416 4918 4851 2425 4913 4846 2418 4910 4843 2416 4913 4846 2418 4918 4851 2425 4917 4850 2423 4932 4865 2438 4909 4842 2415 4906 4839 2412 4909 4842 2415 4932 4865 2438 4916 4849 2422 4715 4664 2221 4712 4661 2220 4933 4866 2439 4865 4793 2371 4770 4714 2277 4772 4716 2278 4815 4747 2321 4816 4748 2322 4934 4867 2440 4787 4727 2293 4935 4868 2441 4784 4725 2291 4847 4776 2353 4936 4869 2443 4937 4870 2442 4790 4728 2295 4938 4871 2444 4791 4729 2297 4938 4871 2444 4790 4728 2295 4939 4872 2445 4792 4730 2298 4939 4872 2445 4790 4728 2295 4940 4873 2446 4941 4874 2447 4938 4871 2444 4940 4873 2446 4938 4871 2444 4939 4872 2445 4942 4875 2448 4943 4876 2449 4944 4877 2451 4943 4876 2449 4942 4875 2448 4945 4878 2450 4939 4872 2445 4795 4732 2301 4799 4736 2305 4940 4873 2446 4939 4872 2445 4946 4879 2452 4946 4879 2452 4939 4872 2445 4947 4880 2453 4942 4875 2448 4944 4877 2451 4948 4881 2454 4949 4882 2455 4948 4881 2454 4944 4877 2451 4950 4883 2456 4798 4735 2303 4801 4737 2307 4798 4735 2303 4950 4883 2456 4947 4880 2453 4951 4884 2457 4946 4879 2452 4947 4880 2453 4951 4884 2457 4947 4880 2453 4950 4883 2456 4952 4885 2458 4949 4882 2455 4953 4886 2459 4949 4882 2455 4952 4885 2458 4948 4881 2454 4868 4796 2374 4801 4737 2307 4803 4738 2309 4801 4737 2307 4868 4796 2374 4950 4883 2456 4954 4887 2460 4951 4884 2457 4950 4883 2456 4954 4887 2460 4950 4883 2456 4868 4796 2374 4955 4888 2461 4953 4888 2459 4956 4888 2462 4953 4889 2459 4955 4890 2461 4952 4890 2458 4957 4891 2463 4954 4887 2460 4868 4796 2374 4957 4891 2463 4868 4796 2374 4867 4795 2373 4958 4892 2464 4956 4893 2462 4959 4894 2465 4956 4895 2462 4958 4895 2464 4955 4895 2461 4960 4896 2466 4957 4891 2463 4867 4795 2373 4960 4896 2466 4867 4795 2373 4869 4797 2375 4961 4897 2467 4959 4894 2465 4962 4898 2468 4959 4899 2465 4961 4900 2467 4958 4900 2464 4761 4708 2266 4760 4707 2267 4963 4901 2469 4812 4745 2319 4815 4747 2321 4934 4867 2440 4855 4784 2360 4964 4902 2470 4853 4782 2359 4964 4903 2470 4855 4904 2360 4965 4904 2471 4851 4780 2357 4966 4905 2472 4850 4779 2356 4966 4905 2472 4851 4780 2357 4967 4906 2473 4757 4705 2262 4758 4706 2264 4852 4781 2358 4930 4863 2435 4968 4907 2474 4933 4866 2439 4930 4863 2435 4929 4862 2436 4968 4907 2474 4788 4681 2294 4787 4727 2293 4786 4726 2292 4787 4727 2293 4788 4681 2294 4791 4729 2297 4732 4681 2238 4708 4657 2214 4710 4659 2217 4732 4681 2238 4710 4659 2217 4733 4682 2239 4866 4794 2372 4783 4724 2289 4969 4908 2475 4774 4662 2280 4777 4720 2282 4775 4718 2281 4777 4720 2282 4774 4662 2280 4779 4721 2284 4715 4664 2221 4738 4687 2245 4713 4662 2219 4738 4687 2245 4740 4689 2246 4713 4662 2219 4937 4870 2442 4846 4775 2352 4847 4776 2353 4846 4775 2352 4937 4870 2442 4970 4909 2476 4848 4777 2355 4902 4835 2409 4849 4778 2354 4902 4835 2409 4848 4777 2355 4971 4909 2477 4723 4672 2228 4871 4799 2377 4876 4804 2382 4871 4799 2377 4873 4801 2378 4876 4804 2382 4915 4848 2420 4925 4858 2431 4927 4860 2433 4915 4848 2420 4912 4845 2419 4925 4858 2431 4912 4910 2419 4926 4911 2432 4925 4910 2431 4926 4859 2432 4912 4845 2419 4911 4844 2417 4923 4856 2429 4908 4841 2413 4924 4857 2430 4908 4841 2413 4907 4840 2414 4924 4857 2430 4692 4641 2198 4695 4644 2201 4922 4855 2428 4967 4906 2473 4972 4912 2478 4966 4905 2472 4972 4912 2478 4967 4906 2473 4973 4913 2479 4965 4914 2471 4962 4914 2468 4964 4914 2470 4965 4904 2471 4961 4897 2467 4962 4915 2468 4974 4916 2480 4960 4896 2466 4869 4797 2375 4974 4916 2480 4869 4797 2375 4810 4744 2316 4810 4744 2316 4869 4797 2375 4808 4742 2314 4735 4684 2241 4737 4686 2242 4975 4917 2481 4735 4684 2241 4976 4918 2482 4709 4658 2215 4976 4918 2482 4904 4837 2410 4709 4658 2215 4977 4919 2483 4888 4818 2394 4978 4920 2484 4888 4818 2394 4977 4919 2483 4890 4820 2396 4979 4921 2485 4890 4820 2396 4977 4919 2483 4890 4820 2396 4979 4921 2485 4889 4819 2395 4980 4922 2486 4889 4819 2395 4979 4921 2485 4889 4819 2395 4980 4922 2486 4895 4825 2401 4981 4923 2487 4895 4825 2401 4980 4922 2486 4895 4825 2401 4981 4923 2487 4922 4855 2428 4982 4924 2488 4922 4855 2428 4981 4923 2487 4922 4855 2428 4982 4924 2488 4905 4838 2411 4983 4925 2489 4905 4838 2411 4982 4924 2488 4905 4838 2411 4983 4925 2489 4686 4635 2192 4983 4925 2489 4984 4926 2490 4687 4636 2194 4983 4925 2489 4687 4636 2194 4686 4635 2192 4684 4633 2191 4683 4632 2189 4984 4926 2490 4866 4794 2372 4985 4927 2491 4776 4719 2285 4866 4794 2372 4776 4719 2285 4781 4723 2286 4706 4655 2212 4733 4682 2239 4986 4928 2492 4922 4855 2428 4905 4838 2411 4692 4641 2198 4692 4641 2198 4905 4838 2411 4690 4639 2196 4867 4795 2373 4805 4739 2311 4807 4741 2313 4683 4632 2189 4687 4636 2194 4984 4926 2490 4974 4916 2480 4812 4745 2319 4934 4867 2440 4812 4745 2319 4974 4916 2480 4810 4744 2316 4849 4778 2354 4930 4863 2435 4743 4692 2249 4743 4692 2249 4930 4863 2435 4933 4866 2439 4712 4661 2220 4743 4692 2249 4933 4866 2439 4818 4750 2325 4934 4867 2440 4816 4748 2322 4934 4867 2440 4818 4750 2325 4987 4929 2493 4987 4929 2493 4974 4916 2480 4934 4867 2440 4974 4916 2480 4987 4929 2493 4988 4930 2494 4988 4930 2494 4989 4931 2495 4960 4896 2466 4988 4930 2494 4960 4896 2466 4974 4916 2480 4989 4931 2495 4957 4891 2463 4960 4896 2466 4957 4891 2463 4989 4931 2495 4990 4932 2496 4990 4932 2496 4954 4887 2460 4957 4891 2463 4954 4887 2460 4990 4932 2496 4991 4933 2497 4991 4933 2497 4951 4884 2457 4954 4887 2460 4951 4884 2457 4991 4933 2497 4992 4934 2498 4992 4934 2498 4946 4879 2452 4951 4884 2457 4946 4879 2452 4992 4934 2498 4993 4935 2499 4994 4936 2500 4940 4873 2446 4993 4935 2499 4993 4935 2499 4940 4873 2446 4946 4879 2452 4994 4936 2500 4941 4874 2447 4940 4873 2446 4941 4874 2447 4994 4936 2500 4995 4937 2501 4996 4938 2502 4985 4927 2491 4866 4794 2372 4996 4938 2502 4866 4794 2372 4969 4908 2475 4777 4720 2282 4776 4719 2285 4997 4939 2503 4741 4690 2247 4738 4687 2245 4968 4907 2474 4741 4690 2247 4968 4907 2474 4929 4862 2436 4931 4864 2437 4975 4917 2481 4929 4862 2436 4975 4917 2481 4931 4864 2437 4976 4918 2482 4887 4817 2392 4978 4920 2484 4885 4815 2391 4978 4920 2484 4887 4817 2392 4977 4919 2483 4887 4817 2392 4892 4822 2398 4977 4919 2483 4892 4822 2398 4979 4921 2485 4977 4919 2483 4892 4822 2398 4897 4827 2403 4979 4921 2485 4897 4827 2403 4980 4922 2486 4979 4921 2485 4897 4827 2403 4924 4857 2430 4980 4922 2486 4924 4857 2430 4981 4923 2487 4980 4922 2486 4907 4840 2414 4981 4923 2487 4924 4857 2430 4981 4923 2487 4907 4840 2414 4982 4924 2488 4909 4842 2415 4982 4924 2488 4907 4840 2414 4982 4924 2488 4909 4842 2415 4983 4925 2489 4916 4849 2422 4983 4925 2489 4909 4842 2415 4983 4925 2489 4916 4849 2422 4984 4926 2490 4746 4695 2252 4984 4926 2490 4916 4849 2422 4984 4926 2490 4746 4695 2252 4684 4633 2191 4997 4939 2503 4865 4793 2371 4775 4718 2281 4997 4939 2503 4775 4718 2281 4777 4720 2282 4864 4792 2370 4997 4939 2503 4985 4927 2491 4997 4939 2503 4864 4792 2370 4865 4793 2371 4998 4940 2504 4864 4792 2370 4985 4927 2491 4998 4940 2504 4985 4927 2491 4996 4938 2502 4999 4941 2505 4995 4937 2501 4994 4936 2500 4995 4937 2501 4999 4941 2505 5000 4942 2506 5001 4943 2507 4994 4936 2500 4993 4935 2499 4994 4936 2500 5001 4943 2507 4999 4941 2505 5002 4944 2508 4993 4935 2499 4992 4934 2498 4993 4935 2499 5002 4944 2508 5001 4943 2507 5003 4945 2509 4992 4934 2498 4991 4933 2497 4992 4934 2498 5003 4945 2509 5002 4944 2508 5004 4946 2510 4991 4933 2497 4990 4932 2496 4991 4933 2497 5004 4946 2510 5003 4945 2509 5005 4947 2511 4990 4932 2496 4989 4931 2495 4990 4932 2496 5005 4947 2511 5004 4946 2510 5006 4948 2512 4989 4931 2495 4988 4930 2494 4989 4931 2495 5006 4948 2512 5005 4947 2511 5007 4949 2513 4988 4930 2494 4987 4929 2493 4988 4930 2494 5007 4949 2513 5006 4948 2512 4987 4929 2493 4823 4753 2328 5007 4949 2513 4823 4753 2328 4987 4929 2493 4821 4752 2327 4819 4696 2324 4822 4630 2329 4821 4752 2327 4819 4696 2324 4821 4752 2327 4818 4750 2325 4746 4695 2252 4678 4627 2184 4681 4630 2187 4681 4630 2187 4747 4696 2253 4746 4695 2252 4929 4862 2436 4975 4917 2481 4741 4690 2247 4741 4690 2247 4975 4917 2481 4737 4686 2242 4985 4927 2491 4997 4939 2503 4776 4719 2285 4919 4852 2424 4745 4694 2251 4744 4693 2250 4745 4694 2251 4919 4852 2424 5008 4950 2514 4854 4783 2361 4825 4755 2331 5009 4951 2515 4825 4755 2331 4824 4754 2330 5009 4951 2515 4854 4783 2361 4853 4782 2359 4825 4755 2331 4853 4782 2359 5007 4949 2513 4825 4755 2331 4853 4782 2359 5006 4948 2512 5007 4949 2513 5006 4948 2512 4853 4782 2359 4964 4902 2470 4964 4902 2470 4962 4898 2468 5005 4947 2511 4964 4902 2470 5005 4947 2511 5006 4948 2512 4962 4898 2468 5004 4946 2510 5005 4947 2511 5004 4946 2510 4962 4898 2468 4959 4894 2465 4959 4894 2465 5003 4945 2509 5004 4946 2510 5003 4945 2509 4959 4894 2465 4956 4893 2462 4956 4893 2462 5002 4944 2508 5003 4945 2509 5002 4944 2508 4956 4893 2462 4953 4886 2459 4953 4886 2459 5001 4943 2507 5002 4944 2508 5001 4943 2507 4953 4886 2459 4949 4882 2455 4944 4877 2451 4999 4941 2505 4949 4882 2455 5001 4943 2507 4949 4882 2455 4999 4941 2505 4944 4877 2451 5000 4942 2506 4999 4941 2505 5000 4942 2506 4944 4877 2451 4943 4876 2449 4847 4776 2353 4864 4792 2370 4936 4869 2443 4936 4869 2443 4864 4792 2370 4998 4940 2504 4717 4666 2224 5010 4952 2516 4730 4679 2237 4863 4791 2369 4879 4807 2385 4716 4665 2222 4721 4670 2227 4876 4804 2382 4877 4805 2383 4876 4953 2382 5011 4953 2517 4877 4953 2383 4873 4801 2378 5011 4954 2517 4876 4804 2382 5011 4955 2517 4873 4956 2378 5012 4955 2518 4874 4802 2380 5012 4957 2518 4873 4801 2378 4874 4802 2380 5013 4958 2519 5012 4957 2518 4921 4854 2427 5013 4958 2519 4874 4802 2380 4921 4854 2427 5014 4959 2520 5013 4958 2519 4921 4854 2427 4840 4769 2347 5014 4959 2520 4840 4769 2347 4839 4768 2345 5014 4959 2520 4878 4806 2384 4877 4805 2383 4901 4833 2406 4877 4805 2383 4900 4832 2407 4901 4833 2406 4877 4805 2383 5011 4960 2517 4900 4832 2407 5011 4960 2517 4927 4860 2433 4900 4832 2407 5011 4960 2517 5012 4957 2518 4927 4860 2433 5012 4957 2518 4915 4848 2420 4927 4860 2433 5012 4957 2518 5013 4958 2519 4915 4848 2420 5013 4958 2519 4914 4847 2421 4915 4848 2420 5013 4958 2519 5014 4959 2520 4914 4847 2421 5014 4959 2520 4920 4853 2426 4914 4847 2421 5014 4959 2520 4839 4768 2345 4920 4853 2426 4839 4768 2345 4676 4625 2183 4920 4853 2426 4863 4791 2369 4857 4786 2363 4856 4785 2362 4857 4786 2363 4863 4791 2369 4862 4790 2368 4861 4789 2367 4858 4787 2365 4859 4786 2364 4858 4787 2365 4861 4789 2367 4860 4788 2366 4963 4961 2469 5015 4962 2521 5016 4962 2522 5015 4963 2521 4963 4901 2469 4760 4707 2267 4972 4912 2478 5017 4964 2523 4966 4905 2472 5018 4965 2524 4966 4905 2472 5017 4964 2523 4966 4905 2472 5018 4965 2524 4850 4779 2356 5019 4966 2525 4850 4779 2356 5018 4965 2524 4834 4763 2341 5019 4966 2525 4835 4764 2340 5019 4966 2525 4834 4763 2341 4850 4779 2356 4919 4852 2424 4675 4624 2182 4677 4626 2180 4677 4626 2180 5008 4950 2514 4919 4852 2424 4829 4759 2335 4854 4783 2361 5009 4951 2515 4854 4783 2361 4829 4759 2335 4827 4757 2332 4945 4878 2450 4766 4711 2272 4768 4712 2274 4766 4711 2272 4942 4875 2448 4764 4709 2271 4942 4875 2448 4766 4711 2272 4945 4878 2450 5020 4967 2527 4948 4967 2454 5021 4967 2526 5021 4968 2526 4948 4968 2454 4952 4968 2458 5022 4969 2528 4952 4970 2458 4955 4971 2461 4952 4970 2458 5022 4969 2528 5021 4972 2526 5023 4973 2529 4955 4974 2461 4958 4974 2464 4955 4971 2461 5023 4975 2529 5022 4969 2528 5024 4976 2530 4958 4977 2464 4961 4977 2467 4958 4978 2464 5024 4978 2530 5023 4978 2529 5025 4979 2531 4961 4897 2467 4965 4980 2471 4961 4897 2467 5025 4979 2531 5024 4981 2530 5026 4982 2532 4965 4980 2471 4855 4784 2360 4965 4980 2471 5026 4982 2532 5025 4979 2531 4826 4756 2333 4855 4784 2360 4827 4757 2332 4855 4784 2360 4826 4756 2333 5026 4982 2532 4768 4712 2274 4970 4909 2476 4937 4870 2442 4970 4909 2476 4768 4712 2274 4769 4713 2275 4730 4679 2237 4902 4835 2409 4971 4909 2477 4730 4679 2237 4971 4909 2477 4731 4680 2236 5027 4983 2533 5020 4984 2527 5021 4983 2526 5020 4985 2527 5027 4986 2533 4860 4788 2366 5015 4975 2521 5021 4975 2526 5022 4975 2528 5021 4986 2526 5015 4986 2521 5027 4986 2533 5016 4987 2522 5022 4975 2528 5023 4988 2529 5022 4989 2528 5016 4990 2522 5015 4990 2521 5018 4965 2524 5024 4981 2530 5025 4979 2531 5024 4981 2530 5018 4965 2524 5017 4964 2523 5019 4966 2525 5025 4979 2531 5026 4982 2532 5025 4979 2531 5019 4966 2525 5018 4965 2524 4835 4764 2340 5026 4982 2532 4826 4756 2333 5026 4982 2532 4835 4764 2340 5019 4966 2525 4837 4766 2343 4826 4756 2333 4828 4758 2334 4826 4756 2333 4837 4766 2343 4835 4764 2340 4676 4625 2183 4839 4768 2345 4841 4770 2346 4841 4770 2346 4674 4623 2181 4676 4625 2183 4903 4836 2408 4930 4863 2435 4849 4778 2354 4903 4836 2408 4928 4861 2434 4930 4863 2435 4883 4813 2389 4886 4816 2393 4882 4811 2388 4883 4813 2389 4884 4814 2390 4886 4816 2393 4883 4813 2389 4894 4828 2400 4884 4814 2390 4894 4828 2400 4891 4821 2397 4884 4814 2390 4891 4821 2397 4894 4828 2400 4899 4831 2405 4899 4831 2405 4896 4826 2402 4891 4821 2397 4899 4831 2405 4926 4859 2432 4896 4826 2402 4926 4859 2432 4923 4856 2429 4896 4826 2402 4926 4859 2432 4911 4844 2417 4923 4856 2429 4911 4844 2417 4908 4841 2413 4923 4856 2429 4913 4846 2418 4908 4841 2413 4911 4844 2417 4913 4846 2418 4906 4839 2412 4908 4841 2413 4917 4850 2423 4906 4839 2412 4913 4846 2418 4906 4839 2412 4917 4850 2423 4932 4865 2438 4932 4865 2438 4744 4693 2250 4679 4628 2186 4716 4665 2222 5010 4952 2516 4717 4666 2224 4880 4991 2386 5028 4992 2534 5010 4991 2516 5028 4993 2534 4880 4812 2386 4882 4811 2388 4882 4811 2388 5029 4994 2535 5028 4993 2534 5029 4994 2535 4882 4811 2388 4886 4816 2393 4886 4816 2393 5030 4995 2536 5029 4994 2535 5030 4995 2536 4886 4816 2393 4885 4815 2391 4885 4815 2391 5031 4996 2537 5030 4995 2536 5031 4996 2537 4885 4815 2391 4978 4920 2484 4978 4920 2484 4986 4928 2492 5031 4996 2537 4986 4928 2492 4978 4920 2484 4888 4818 2394 4888 4818 2394 4706 4655 2212 4986 4928 2492 4706 4655 2212 4888 4818 2394 4702 4651 2208 4799 4736 2305 4794 4653 2300 4796 4733 2302 4794 4653 2300 4799 4736 2305 4795 4732 2301 4699 4648 2205 4703 4652 2210 4700 4649 2207 4703 4652 2210 4699 4648 2205 4704 4653 2209 4904 4837 2410 4986 4928 2492 4733 4682 2239 4904 4837 2410 4733 4682 2239 4710 4659 2217 5031 4996 2537 4904 4837 2410 4976 4918 2482 4904 4837 2410 5031 4996 2537 4986 4928 2492 4976 4918 2482 4931 4864 2437 5030 4995 2536 5030 4995 2536 5031 4996 2537 4976 4918 2482 5029 4994 2535 4931 4864 2437 4928 4861 2434 4931 4864 2437 5029 4994 2535 5030 4995 2536 5028 4993 2534 4928 4861 2434 4903 4836 2408 4928 4861 2434 5028 4993 2534 5029 4994 2535 5010 4952 2516 4902 4835 2409 4730 4679 2237 4945 4878 2450 4768 4712 2274 4937 4870 2442 4936 4869 2443 4998 4940 2504 4943 4876 2449 4943 4876 2449 4998 4940 2504 5000 4942 2506 4998 4940 2504 4996 4938 2502 5000 4942 2506 5000 4942 2506 4996 4938 2502 4995 4937 2501 4996 4938 2502 4969 4908 2475 4995 4937 2501 4995 4937 2501 4969 4908 2475 4941 4874 2447 4941 4874 2447 4969 4908 2475 4935 4868 2441 4941 4874 2447 4935 4868 2441 4938 4871 2444 4791 4729 2297 4935 4868 2441 4787 4727 2293 4935 4868 2441 4791 4729 2297 4938 4871 2444 4726 4675 2233 5032 4997 2538 5033 4998 2539 5032 4997 2538 4726 4675 2233 4725 4674 2231 5034 4999 2541 4758 4706 2264 5035 4998 2540 5035 4998 2540 4758 4706 2264 4759 4675 2265 4763 4669 2269 5034 4999 2541 5035 4998 2540 5034 4999 2541 4763 4669 2269 4761 4708 2266 5033 4998 2539 4723 4672 2228 4720 4669 2226 4723 4672 2228 5033 4998 2539 5032 4997 2538 4703 4652 2210 4702 4651 2208 4888 4818 2394 4890 4820 2396 4700 4649 2207 4888 4818 2394 4890 4820 2396 4698 4647 2204 4700 4649 2207 4939 4872 2445 4792 4730 2298 4795 4732 2301 4947 4880 2453 4799 4736 2305 4798 4735 2303 4799 4736 2305 4947 4880 2453 4939 4872 2445 4902 4835 2409 5028 4993 2534 4903 4836 2408 5028 4993 2534 4902 4835 2409 5010 4952 2516 4716 4665 2222 4880 4808 2386 5010 4952 2516 4937 4870 2442 4943 4876 2449 4945 4878 2450 4943 4876 2449 4937 4870 2442 4936 4869 2443 4901 4833 2406 4881 5000 2387 4879 5001 2385 4901 4833 2406 4893 4829 2399 4881 5000 2387 4863 4791 2369 4878 4806 2384 4879 4807 2385 4878 5002 2384 4901 5002 2406 4879 5002 2385 4858 4787 2365 4860 4788 2366 5027 4986 2533 4858 4787 2365 5015 4963 2521 4760 4707 2267 5015 4963 2521 4858 4787 2365 5027 4986 2533 5020 4985 2527 4942 4875 2448 4948 4881 2454 4942 4875 2448 5020 4985 2527 4764 4709 2271 4860 4788 2366 4764 4709 2271 5020 4985 2527 4917 4850 2423 4744 4693 2250 4932 4865 2438 4744 4693 2250 4917 4850 2423 4919 4852 2424 5007 4949 2513 4823 4753 2328 4825 4755 2331 4987 4929 2493 4818 4750 2325 4821 4752 2327 4679 4628 2186 4916 4849 2422 4932 4865 2438 4916 4849 2422 4679 4628 2186 4678 4627 2184 4976 4918 2482 4735 4684 2241 4975 4917 2481 4784 4725 2291 4969 4908 2475 4783 4724 2289 4969 4908 2475 4784 4725 2291 4935 4868 2441 4933 4866 2439 4968 4907 2474 4715 4664 2221 4715 4664 2221 4968 4907 2474 4738 4687 2245 4775 4718 2281 4865 4793 2371 4772 4716 2278 4870 4798 2376 4875 4803 2381 4872 4800 2379 4872 4800 2379 4725 4674 2231 4870 4798 2376 5032 4997 2538 4872 4800 2379 4871 4799 2377 4872 4800 2379 5032 4997 2538 4725 4674 2231 4723 4672 2228 5032 4997 2538 4871 4799 2377 4973 4913 2479 4963 4901 2469 4972 4912 2478 4963 4901 2469 4973 4913 2479 4761 4708 2266 4972 5003 2478 5016 5003 2522 5017 5003 2523 5016 5004 2522 4972 5004 2478 4963 5004 2469 5017 5005 2523 5023 5005 2529 5024 5005 2530 5017 5006 2523 5016 5006 2522 5023 5007 2529 4973 4913 2479 5034 4999 2541 4761 4708 2266 4973 4913 2479 4758 4706 2264 5034 4999 2541 4967 4906 2473 4758 4706 2264 4973 4913 2479 4852 4781 2358 4967 4906 2473 4851 4780 2357 4967 4906 2473 4852 4781 2358 4758 4706 2264 5036 5008 2543 5037 5009 2542 5038 5010 2544 5038 5010 2544 5039 5011 2545 5036 5008 2543 5037 5009 2542 5040 5012 2547 5041 5013 2546 5040 5012 2547 5037 5009 2542 5036 5008 2543 5042 5014 2548 5043 5015 2549 5041 5013 2546 5042 5014 2548 5044 5016 2550 5043 5015 2549 5044 5016 2550 5042 5014 2548 5045 5014 2551 5046 5017 2552 5045 5014 2551 5047 5018 2553 5045 5014 2551 5046 5017 2552 5044 5016 2550 5048 5019 2554 5047 5018 2553 5049 5020 2555 5047 5018 2553 5048 5019 2554 5046 5017 2552 5050 5021 2556 5049 5020 2555 5051 5022 2557 5049 5020 2555 5050 5021 2556 5048 5019 2554 5052 5023 2558 5050 5021 2556 5051 5022 2557 5052 5023 2558 5051 5022 2557 5053 5024 2559 5054 5025 2560 5055 5026 2562 5056 5027 2561 5054 5025 2560 5056 5027 2561 5057 5028 2563 5055 5026 2562 5052 5023 2558 5053 5024 2559 5055 5026 2562 5053 5024 2559 5056 5027 2561 5038 5010 2544 5058 5029 2564 5039 5011 2545 5058 5029 2564 5038 5010 2544 5059 5030 2565 5060 5031 2566 5061 5032 2567 5062 5033 2569 5060 5031 2566 5063 5034 2568 5061 5032 2567 5064 5035 2570 5063 5034 2568 5060 5031 2566 5063 5034 2568 5064 5035 2570 5065 5035 2571 5066 5036 2572 5065 5035 2571 5064 5035 2570 5065 5035 2571 5066 5036 2572 5067 5037 2573 5068 5038 2574 5067 5037 2573 5066 5036 2572 5067 5037 2573 5068 5038 2574 5069 5039 2575 5070 5040 2576 5071 5041 2577 5072 4903 2579 5070 5040 2576 5073 5042 2578 5071 5041 2577 5074 5043 2580 5073 5042 2578 5070 5040 2576 5073 5042 2578 5074 5043 2580 5075 5044 2581 5076 5045 2582 5075 5044 2581 5074 5043 2580 5075 5044 2581 5076 5045 2582 5077 5046 2583 5076 5047 2582 5078 5048 2584 5077 5049 2583 5078 5050 2584 5079 5051 2585 5077 5046 2583 5080 5052 2586 5081 5053 2588 5082 5054 2587 5083 5055 2590 5084 5056 2589 5085 5057 2591 5084 5056 2589 5083 5055 2590 5086 5058 2592 5086 5058 2592 5087 5059 2593 5088 5060 2594 5087 5059 2593 5086 5058 2592 5083 5055 2590 5088 5060 2594 5089 5061 2595 5090 5062 2596 5089 5061 2595 5088 5060 2594 5087 5059 2593 5090 5062 2596 5091 5063 2597 5092 5064 2598 5091 5063 2597 5090 5062 2596 5089 5061 2595 5092 5064 2598 5093 5065 2599 5094 5066 2600 5093 5065 2599 5092 5064 2598 5091 5063 2597 5094 5066 2600 5095 5067 2601 5096 5068 2602 5095 5067 2601 5094 5066 2600 5093 5065 2599 5095 5067 2601 5097 5069 2603 5096 5068 2602 5097 5069 2603 5095 5067 2601 5098 5070 2604 5099 5071 2605 5097 5069 2603 5098 5070 2604 5098 5070 2604 5100 5072 2606 5099 5071 2605 5101 5073 2607 5099 5071 2605 5100 5072 2606 5100 5072 2606 5102 5074 2608 5101 5073 2607 5103 5075 2609 5101 5073 2607 5102 5074 2608 5102 5074 2608 5104 5076 2610 5103 5075 2609 5105 5077 2611 5103 5075 2609 5104 5076 2610 5104 5076 2610 5106 5078 2612 5105 5077 2611 5107 5079 2613 5108 5080 2614 5109 5081 2616 5108 5080 2614 5107 5079 2613 5110 5082 2615 5111 5083 2618 5112 5084 2617 5113 5085 2619 5112 5084 2617 5111 5083 2618 5114 5086 2620 5115 5087 2622 5116 5088 2621 5117 5089 2623 5118 5090 2624 5117 5089 2623 5116 5088 2621 5119 5091 2627 5120 5092 2628 5121 5093 2626 5119 5091 2627 5121 5093 2626 5122 5094 2625 5123 5095 2629 5121 5093 2626 5120 5092 2628 5121 5093 2626 5123 5095 2629 5124 5096 2630 5125 5097 2631 5126 5098 2632 5127 5099 2634 5126 5098 2632 5125 5097 2631 5128 5100 2633 5129 5101 2636 5130 5102 2637 5131 5103 2638 5130 5102 2637 5129 5101 2636 5132 5104 2635 5133 5105 2639 5134 5106 2640 5135 5107 2642 5134 5106 2640 5133 5105 2639 5136 5108 2641 5137 5109 2643 5138 5110 2644 5139 5111 2646 5138 5110 2644 5137 5109 2643 5140 5112 2645 5080 5052 2586 5141 5113 2648 5142 5114 2647 5080 5052 2586 5142 5114 2647 5143 5115 2649 5081 5053 2588 5080 5052 2586 5143 5115 2649 5143 5115 2649 5144 5116 2650 5081 5053 2588 5145 5117 2651 5146 5118 2652 5147 5119 2654 5146 5118 2652 5145 5117 2651 5148 5120 2653 5149 5121 2655 5147 5119 2654 5146 5118 2652 5147 5119 2654 5149 5121 2655 5150 5122 2656 5149 5121 2655 5151 5123 2657 5150 5122 2656 5151 5123 2657 5149 5121 2655 5152 5124 2658 5073 5042 2578 5151 5123 2657 5152 5124 2658 5152 5124 2658 5153 5125 2659 5073 5042 2578 5153 5125 2659 5071 5041 2577 5073 5042 2578 5071 5041 2577 5153 5125 2659 5154 5126 2660 5154 5126 2660 5155 5127 2661 5071 5041 2577 5155 5127 2661 5154 5126 2660 5156 5128 2662 5157 5129 2663 5156 5128 2662 5158 5130 2664 5156 5128 2662 5157 5129 2663 5155 5127 2661 5158 5130 2664 5063 5034 2568 5157 5129 2663 5063 5034 2568 5158 5130 2664 5159 5131 2665 5159 5131 2665 5061 5032 2567 5063 5034 2568 5061 5032 2567 5159 5131 2665 5160 5132 2666 5161 5133 2667 5061 5032 2567 5160 5132 2666 5160 5132 2666 5162 5134 2668 5161 5133 2667 5163 5135 2669 5164 5136 2670 5165 5137 2672 5164 5136 2670 5163 5135 2669 5166 5138 2671 5167 5139 2673 5168 5140 2674 5169 5141 2676 5168 5140 2674 5167 5139 2673 5170 5142 2675 5141 5113 2648 5171 5143 2677 5142 5114 2647 5141 5113 2648 5172 5144 2678 5171 5143 2677 5173 5145 2679 5135 5107 2642 5134 5106 2640 5135 5107 2642 5173 5145 2679 5174 5146 2680 5133 5105 2639 5129 5101 2636 5131 5103 2638 5131 5103 2638 5136 5108 2641 5133 5105 2639 5175 5147 2682 5176 5148 2681 5177 5149 2683 5176 5148 2681 5175 5147 2682 5178 5150 2684 5179 5151 2685 5125 5097 2631 5180 5152 2686 5125 5097 2631 5179 5151 2685 5128 5100 2633 5119 5091 2627 5168 5140 2674 5170 5142 2675 5168 5140 2674 5119 5091 2627 5122 5094 2625 5165 5137 2672 5167 5139 2673 5169 5141 2676 5167 5139 2673 5165 5137 2672 5164 5136 2670 5140 5112 2645 5174 5146 2680 5173 5145 2679 5174 5146 2680 5140 5112 2645 5137 5109 2643 5147 5119 2654 5082 5054 2587 5145 5117 2651 5062 5033 2569 5161 5133 2667 5181 5153 2687 5161 5133 2667 5062 5033 2569 5061 5032 2567 5182 5154 2688 5183 5155 2690 5184 5156 2689 5182 5154 2688 5184 5156 2689 5185 5157 2691 5186 5158 2693 5184 5156 2689 5187 5159 2692 5183 5155 2690 5187 5159 2692 5184 5156 2689 5188 5160 2694 5186 5158 2693 5189 5161 2695 5187 5159 2692 5189 5161 2695 5186 5158 2693 5190 5162 2696 5189 5161 2695 5191 5128 2697 5189 5161 2695 5190 5162 2696 5188 5160 2694 5192 5163 2698 5191 5128 2697 5193 5164 2699 5191 5128 2697 5192 5163 2698 5190 5162 2696 5194 5165 2700 5193 5164 2699 5195 5125 2701 5193 5164 2699 5194 5165 2700 5192 5163 2698 5195 5125 2701 5196 5166 2703 5197 5167 2702 5195 5125 2701 5197 5167 2702 5194 5165 2700 5198 5168 2705 5197 5167 2702 5199 5169 2704 5199 5169 2704 5197 5167 2702 5196 5166 2703 5200 5170 2706 5198 5168 2705 5201 5171 2707 5199 5169 2704 5201 5171 2707 5198 5168 2705 5202 5172 2708 5200 5170 2706 5201 5171 2707 5200 5170 2706 5202 5172 2708 5203 5173 2709 5204 5174 2710 5205 5175 2711 5206 5176 2713 5205 5175 2711 5204 5174 2710 5207 5177 2712 5204 5174 2710 5208 5178 2714 5209 5179 2715 5209 5179 2715 5207 5177 2712 5204 5174 2710 5210 5143 2716 5209 5179 2715 5208 5178 2714 5209 5179 2715 5210 5143 2716 5211 5180 2717 5212 5110 2720 5213 5181 2719 5214 5182 2718 5213 5181 2719 5212 5110 2720 5215 5183 2721 5216 5184 2722 5213 5181 2719 5215 5183 2721 5213 5181 2719 5216 5184 2722 5217 5185 2723 5217 5185 2723 5218 5186 2724 5219 5187 2725 5218 5186 2724 5217 5185 2723 5216 5184 2722 5218 5186 2724 5220 5188 2727 5219 5187 2725 5218 5186 2724 5221 5189 2726 5220 5188 2727 5221 5189 2726 5222 5190 2729 5223 5191 2728 5221 5189 2726 5223 5191 2728 5220 5188 2727 5222 5190 2729 5224 5192 2730 5225 5193 2731 5225 5193 2731 5223 5191 2728 5222 5190 2729 5226 5194 2733 5227 5195 2732 5228 5196 2734 5228 5196 2734 5229 5197 2735 5226 5194 2733 5230 5198 2737 5231 5199 2736 5232 5200 2738 5231 5199 2736 5230 5198 2737 5233 5201 2739 5234 5202 2740 5233 5201 2739 5235 5203 2741 5233 5201 2739 5234 5202 2740 5231 5199 2736 5236 5204 2742 5237 5205 2744 5238 5206 2743 5236 5204 2742 5238 5206 2743 5239 5207 2745 5240 5208 2746 5238 5206 2743 5237 5205 2744 5238 5206 2743 5240 5208 2746 5241 5209 2747 5240 5208 2746 5242 5210 2749 5243 5211 2748 5240 5208 2746 5243 5211 2748 5241 5209 2747 5244 5212 2750 5242 5210 2749 5245 5213 2751 5242 5210 2749 5244 5212 2750 5243 5211 2748 5245 5213 2751 5246 5214 2752 5247 5215 2753 5247 5215 2753 5244 5212 2750 5245 5213 2751 5248 5216 2754 5247 5215 2753 5246 5214 2752 5247 5215 2753 5248 5216 2754 5249 5217 2755 5250 5218 2756 5251 5219 2758 5252 5220 2757 5253 5088 2759 5251 5219 2758 5250 5218 2756 5254 5221 2763 5255 5083 2760 5256 5222 2761 5256 5222 2761 5255 5083 2760 5257 5223 2762 5258 5224 2767 5259 5225 2764 5260 5226 2765 5261 5227 2766 5260 5226 2765 5259 5225 2764 5262 5228 2769 5263 5229 2768 5054 5025 2560 5054 5025 2560 5263 5229 2768 5055 5026 2562 5264 5230 2770 5055 5026 2562 5263 5229 2768 5055 5026 2562 5264 5230 2770 5052 5023 2558 5265 5231 2771 5052 5023 2558 5264 5230 2770 5052 5023 2558 5265 5231 2771 5050 5021 2556 5266 5232 2772 5050 5021 2556 5265 5231 2771 5050 5021 2556 5266 5232 2772 5048 5019 2554 5046 5017 2552 5266 5232 2772 5267 5233 2773 5266 5232 2772 5046 5017 2552 5048 5019 2554 5267 5233 2773 5268 5234 2774 5044 5016 2550 5044 5016 2550 5046 5017 2552 5267 5233 2773 5268 5234 2774 5269 5235 2775 5043 5015 2549 5043 5015 2549 5044 5016 2550 5268 5234 2774 5269 5235 2775 5270 5236 2776 5041 5013 2546 5041 5013 2546 5043 5015 2549 5269 5235 2775 5270 5236 2776 5271 5237 2777 5037 5009 2542 5037 5009 2542 5041 5013 2546 5270 5236 2776 5271 5237 2777 5272 5238 2778 5038 5010 2544 5038 5010 2544 5037 5009 2542 5271 5237 2777 5059 5030 2565 5038 5010 2544 5273 5239 2779 5272 5238 2778 5273 5239 2779 5038 5010 2544 5109 5081 2616 5274 5240 2780 5275 5241 2781 5275 5241 2781 5107 5079 2613 5109 5081 2616 5260 5226 2765 5276 5242 2782 5258 5224 2767 5258 5224 2767 5276 5242 2782 5277 5243 2783 5278 5244 2784 5113 5085 2619 5279 5245 2785 5113 5085 2619 5278 5244 2784 5111 5083 2618 5280 5246 2786 5257 5223 2762 5255 5083 2760 5257 5223 2762 5280 5246 2786 5281 5247 2787 5110 5082 2615 5279 5245 2785 5108 5080 2614 5279 5245 2785 5110 5082 2615 5278 5244 2784 5261 5227 2766 5281 5247 2787 5280 5246 2786 5281 5247 2787 5261 5227 2766 5259 5225 2764 5114 5086 2620 5117 5089 2623 5112 5084 2617 5117 5089 2623 5114 5086 2620 5115 5087 2622 5252 5220 2757 5254 5221 2763 5256 5222 2761 5254 5221 2763 5252 5220 2757 5251 5219 2758 5116 5088 2621 5166 5138 2671 5118 5090 2624 5163 5135 2669 5118 5090 2624 5166 5138 2671 5249 5217 2755 5253 5088 2759 5250 5218 2756 5253 5088 2759 5249 5217 2755 5248 5216 2754 5258 5224 2767 5277 5243 2783 5282 5248 2788 5258 5224 2767 5282 5248 2788 5283 5249 2789 5281 5247 2787 5284 5250 2790 5285 5251 2791 5284 5250 2790 5281 5247 2787 5259 5225 2764 5252 5220 2757 5286 5252 2793 5250 5218 2756 5250 5218 2756 5286 5252 2793 5287 5253 2792 5252 5220 2757 5256 5222 2761 5288 5254 2794 5249 5217 2755 5289 5255 2795 5247 5215 2753 5244 5212 2750 5247 5215 2753 5289 5255 2795 5082 5054 2587 5290 5256 2796 5141 5113 2648 5082 5054 2587 5141 5113 2648 5080 5052 2586 5291 5257 2797 5292 5258 2798 5293 5259 2800 5292 5258 2798 5291 5257 2797 5294 5260 2799 5295 5261 2801 5294 5260 2799 5291 5257 2797 5294 5260 2799 5295 5261 2801 5129 5101 2636 5296 5262 2802 5125 5097 2631 5127 5099 2634 5125 5097 2631 5296 5262 2802 5297 5263 2803 5121 5093 2626 5124 5096 2630 5298 5264 2804 5289 5255 2795 5243 5211 2748 5244 5212 2750 5243 5211 2748 5289 5255 2795 5241 5209 2747 5286 5252 2793 5299 5265 2806 5287 5253 2792 5287 5253 2792 5299 5265 2806 5300 5266 2805 5301 5267 2807 5231 5199 2736 5299 5265 2806 5231 5199 2736 5301 5267 2807 5232 5200 2738 5302 5268 2808 5225 5193 2731 5303 5269 2809 5225 5193 2731 5302 5268 2808 5223 5191 2728 5304 5270 2810 5305 5271 2812 5306 5272 2811 5304 5270 2810 5306 5272 2811 5307 5273 2813 5308 5274 2814 5309 5275 2816 5310 5276 2815 5308 5274 2814 5310 5276 2815 5311 5277 2817 5309 5275 2816 5312 5278 2819 5313 5279 2818 5309 5275 2816 5313 5279 2818 5310 5276 2815 5312 5278 2819 5314 5280 2821 5315 5281 2820 5312 5278 2819 5315 5281 2820 5313 5279 2818 5314 5280 2821 5316 5282 2823 5317 5283 2822 5314 5280 2821 5317 5283 2822 5315 5281 2820 5316 5282 2823 5318 5284 2824 5194 5165 2700 5316 5282 2823 5194 5165 2700 5317 5283 2822 5318 5284 2824 5192 5163 2698 5194 5165 2700 5318 5284 2824 5319 5285 2825 5192 5163 2698 5190 5162 2696 5192 5163 2698 5319 5285 2825 5320 5286 2826 5321 5287 2827 5322 5267 2828 5321 5287 2827 5320 5286 2826 5040 5012 2547 5040 5012 2547 5186 5158 2693 5321 5287 2827 5186 5158 2693 5040 5012 2547 5036 5008 2543 5036 5008 2543 5184 5156 2689 5186 5158 2693 5184 5156 2689 5036 5008 2543 5039 5011 2545 5058 5029 2564 5185 5157 2691 5039 5011 2545 5039 5011 2545 5185 5157 2691 5184 5156 2689 5163 5135 2669 5323 5288 2830 5324 5289 2829 5163 5135 2669 5324 5289 2829 5118 5090 2624 5325 5290 2831 5117 5089 2623 5326 5291 2832 5117 5089 2623 5327 5292 2833 5326 5291 2832 5328 5293 2834 5329 5294 2836 5330 5295 2835 5329 5294 2836 5331 5296 2837 5330 5295 2835 5328 5293 2834 5332 5297 2838 5333 5298 2839 5332 5297 2838 5328 5293 2834 5330 5295 2835 5334 5299 2840 5335 5300 2841 5336 5301 2843 5335 5300 2841 5334 5299 2840 5337 5299 2842 5336 5302 2843 5338 5302 2844 5339 5302 2845 5338 5303 2844 5336 5301 2843 5335 5300 2841 5340 5050 2846 5339 5304 2845 5341 5305 2847 5339 5304 2845 5338 5302 2844 5341 5305 2847 5342 5306 2848 5340 5050 2846 5343 5298 2849 5340 5050 2846 5341 5305 2847 5343 5298 2849 5344 5307 2850 5342 5306 2848 5068 5038 2574 5342 5306 2848 5343 5298 2849 5068 5038 2574 5345 5308 2851 5344 5307 2850 5066 5036 2572 5344 5307 2850 5068 5038 2574 5066 5036 2572 5090 5062 2596 5345 5308 2851 5064 5035 2570 5345 5308 2851 5066 5036 2572 5064 5035 2570 5088 5060 2594 5064 5035 2570 5060 5031 2566 5064 5035 2570 5088 5060 2594 5090 5062 2596 5086 5058 2592 5060 5031 2566 5062 5033 2569 5060 5031 2566 5086 5058 2592 5088 5060 2594 5086 5058 2592 5181 5153 2687 5084 5056 2589 5181 5153 2687 5086 5058 2592 5062 5033 2569 5122 5094 2625 5324 5289 2829 5323 5288 2830 5298 5264 2804 5324 5289 2829 5122 5094 2625 5326 5291 2832 5327 5292 2833 5296 5262 2802 5327 5292 2833 5297 5263 2803 5296 5262 2802 5331 5296 2837 5346 5309 2852 5330 5295 2835 5346 5309 2852 5331 5296 2837 5347 5310 2853 5330 5295 2835 5348 5311 2854 5332 5297 2838 5348 5311 2854 5330 5295 2835 5346 5309 2852 5337 5299 2842 5349 5312 2855 5335 5300 2841 5349 5312 2855 5337 5299 2842 5350 5313 2856 5335 5314 2841 5351 5314 2857 5338 5314 2844 5351 5315 2857 5335 5315 2841 5349 5315 2855 5341 5305 2847 5338 5302 2844 5352 5301 2858 5338 5302 2844 5351 5316 2857 5352 5301 2858 5343 5298 2849 5341 5305 2847 5353 5297 2859 5341 5305 2847 5352 5301 2858 5353 5297 2859 5068 5038 2574 5343 5298 2849 5069 5039 2575 5343 5298 2849 5353 5297 2859 5069 5039 2575 5300 5266 2805 5299 5265 2806 5234 5202 2740 5300 5266 2805 5234 5202 2740 5239 5207 2745 5217 5185 2723 5354 5317 2860 5213 5181 2719 5209 5179 2715 5211 5180 2717 5355 5318 2861 5203 5173 2709 5205 5175 2711 5356 5319 2862 5200 5170 2706 5357 5320 2863 5198 5168 2705 5322 5267 2828 5188 5160 2694 5190 5162 2696 5322 5267 2828 5321 5287 2827 5188 5160 2694 5186 5158 2693 5188 5160 2694 5321 5287 2827 5078 5050 2584 5358 5299 2864 5079 5051 2585 5358 5299 2864 5359 5294 2865 5079 5051 2585 5360 5321 2866 5200 5170 2706 5356 5319 2862 5200 5170 2706 5360 5321 2866 5357 5320 2863 5360 5321 2866 5355 5318 2861 5354 5317 2860 5355 5318 2861 5360 5321 2866 5356 5319 2862 5150 5122 2656 5361 5322 2867 5147 5119 2654 5361 5322 2867 5362 5323 2868 5147 5119 2654 5362 5323 2868 5082 5054 2587 5147 5119 2654 5363 5324 2869 5137 5109 2643 5139 5111 2646 5363 5324 2869 5139 5111 2646 5290 5256 2796 5220 5188 2727 5307 5273 2813 5219 5187 2725 5306 5272 2811 5219 5187 2725 5307 5273 2813 5219 5187 2725 5306 5272 2811 5217 5185 2723 5311 5277 2817 5360 5321 2866 5354 5317 2860 5360 5321 2866 5311 5277 2817 5310 5276 2815 5310 5276 2815 5357 5320 2863 5360 5321 2866 5357 5320 2863 5310 5276 2815 5313 5279 2818 5313 5279 2818 5198 5168 2705 5357 5320 2863 5198 5168 2705 5313 5279 2818 5315 5281 2820 5315 5281 2820 5197 5167 2702 5198 5168 2705 5315 5281 2820 5317 5283 2822 5197 5167 2702 5194 5165 2700 5197 5167 2702 5317 5283 2822 5347 5310 2853 5291 5257 2797 5346 5309 2852 5291 5257 2797 5347 5310 2853 5295 5261 2801 5346 5309 2852 5293 5259 2800 5348 5311 2854 5293 5259 2800 5346 5309 2852 5291 5257 2797 5349 5312 2855 5350 5313 2856 5078 5050 2584 5350 5313 2856 5358 5299 2864 5078 5050 2584 5351 5325 2857 5349 5325 2855 5076 5325 2582 5349 5312 2855 5078 5050 2584 5076 5326 2582 5351 5316 2857 5074 5043 2580 5352 5301 2858 5074 5043 2580 5351 5316 2857 5076 5045 2582 5352 5301 2858 5070 5040 2576 5353 5297 2859 5070 5040 2576 5352 5301 2858 5074 5043 2580 5353 5297 2859 5072 4903 2579 5069 5039 2575 5072 4903 2579 5353 5297 2859 5070 5040 2576 5256 5222 2761 5364 5018 2870 5288 5254 2794 5364 5018 2870 5256 5222 2761 5257 5223 2762 5228 5196 2734 5232 5200 2738 5365 5327 2871 5232 5200 2738 5227 5195 2732 5230 5198 2737 5227 5195 2732 5232 5200 2738 5228 5196 2734 5177 5149 2683 5127 5099 2634 5126 5098 2632 5127 5099 2634 5177 5149 2683 5176 5148 2681 5296 5262 2802 5366 5328 2873 5367 5329 2872 5366 5328 2873 5296 5262 2802 5127 5099 2634 5368 5330 2874 5326 5291 2832 5367 5329 2872 5326 5291 2832 5296 5262 2802 5367 5329 2872 5369 5331 2875 5325 5290 2831 5368 5330 2874 5325 5290 2831 5326 5291 2832 5368 5330 2874 5257 5223 2762 5285 5251 2791 5364 5018 2870 5285 5251 2791 5257 5223 2762 5281 5247 2787 5365 5327 2871 5303 5269 2809 5229 5197 2735 5365 5327 2871 5229 5197 2735 5228 5196 2734 5224 5192 2730 5226 5194 2733 5229 5197 2735 5229 5197 2735 5225 5193 2731 5224 5192 2730 5130 5102 2637 5178 5150 2684 5175 5147 2682 5178 5150 2684 5130 5102 2637 5132 5104 2635 5367 5329 2872 5370 5332 2877 5371 4898 2876 5370 5332 2877 5367 5329 2872 5366 5328 2873 5368 5330 2874 5371 4898 2876 5372 5333 2878 5371 4898 2876 5368 5330 2874 5367 5329 2872 5373 5334 2879 5369 5331 2875 5372 5333 2878 5369 5331 2875 5368 5330 2874 5372 5333 2878 5239 5207 2745 5238 5206 2743 5300 5266 2805 5118 5090 2624 5324 5289 2829 5327 5292 2833 5327 5292 2833 5117 5089 2623 5118 5090 2624 5324 5289 2829 5298 5264 2804 5297 5263 2803 5324 5289 2829 5297 5263 2803 5327 5292 2833 5180 5152 2686 5125 5097 2631 5297 5263 2803 5124 5096 2630 5179 5151 2685 5180 5152 2686 5179 5151 2685 5124 5096 2630 5123 5095 2629 5239 5207 2745 5235 5203 2741 5236 5204 2742 5235 5203 2741 5239 5207 2745 5234 5202 2740 5302 5268 2808 5304 5270 2810 5307 5273 2813 5302 5268 2808 5307 5273 2813 5223 5191 2728 5259 5225 2764 5258 5224 2767 5283 5249 2789 5259 5225 2764 5283 5249 2789 5284 5250 2790 5371 4898 2876 5295 5261 2801 5347 5310 2853 5295 5261 2801 5371 4898 2876 5370 5332 2877 5372 5333 2878 5347 5310 2853 5331 5296 2837 5347 5310 2853 5372 5333 2878 5371 4898 2876 5331 5296 2837 5329 5294 2836 5373 5334 2879 5373 5334 2879 5372 5333 2878 5331 5296 2837 5374 5335 2880 5322 5267 2828 5375 5336 2881 5322 5267 2828 5374 5335 2880 5320 5286 2826 5376 5337 2882 5375 5336 2881 5377 5338 2883 5375 5336 2881 5376 5337 2882 5374 5335 2880 5378 5339 2884 5377 5338 2883 5379 5340 2885 5377 5338 2883 5378 5339 2884 5376 5337 2882 5380 5341 2886 5379 5340 2885 5381 5342 2887 5379 5340 2885 5380 5341 2886 5378 5339 2884 5382 5343 2888 5380 5341 2886 5381 5342 2887 5382 5343 2888 5381 5342 2887 5383 5344 2889 5384 5345 2890 5383 5344 2889 5385 5346 2891 5383 5344 2889 5384 5345 2890 5382 5343 2888 5386 5347 2892 5385 5346 2891 5387 5348 2893 5385 5346 2891 5386 5347 2892 5384 5345 2890 5388 5349 2894 5389 5350 2895 5390 5351 2897 5389 5352 2895 5388 5352 2894 5391 5352 2896 5392 5353 2898 5390 5351 2897 5393 5354 2899 5390 5355 2897 5392 5355 2898 5388 5355 2894 5394 5356 2900 5393 5354 2899 5395 5271 2901 5393 5354 2899 5394 5356 2900 5392 5353 2898 5396 5357 2902 5395 5271 2901 5397 5355 2903 5395 5271 2901 5396 5357 2902 5394 5356 2900 5398 5335 2904 5397 5355 2903 5301 5267 2807 5397 5355 2903 5398 5335 2904 5396 5357 2902 5286 5252 2793 5301 5267 2807 5299 5265 2806 5301 5267 2807 5286 5252 2793 5398 5335 2904 5065 5035 2571 5157 5129 2663 5063 5034 2568 5155 5127 2661 5157 5129 2663 5067 5037 2573 5065 5035 2571 5067 5037 2573 5157 5129 2663 5069 5039 2575 5155 5127 2661 5067 5037 2573 5155 5127 2661 5069 5039 2575 5072 4903 2579 5375 5336 2881 5190 5162 2696 5319 5285 2825 5190 5162 2696 5375 5336 2881 5322 5267 2828 5377 5338 2883 5319 5285 2825 5318 5284 2824 5319 5285 2825 5377 5338 2883 5375 5336 2881 5379 5340 2885 5318 5284 2824 5316 5282 2823 5318 5284 2824 5379 5340 2885 5377 5338 2883 5381 5342 2887 5316 5282 2823 5314 5280 2821 5316 5282 2823 5381 5342 2887 5379 5340 2885 5383 5344 2889 5381 5342 2887 5314 5280 2821 5383 5344 2889 5314 5280 2821 5312 5278 2819 5385 5346 2891 5312 5278 2819 5309 5275 2816 5312 5278 2819 5385 5346 2891 5383 5344 2889 5387 5348 2893 5309 5275 2816 5308 5274 2814 5309 5275 2816 5387 5348 2893 5385 5346 2891 5390 5351 2897 5305 5271 2812 5304 5270 2810 5305 5271 2812 5390 5351 2897 5389 5350 2895 5393 5354 2899 5304 5270 2810 5302 5268 2808 5304 5270 2810 5393 5354 2899 5390 5351 2897 5395 5271 2901 5302 5268 2808 5303 5269 2809 5302 5268 2808 5395 5271 2901 5393 5354 2899 5397 5355 2903 5303 5269 2809 5365 5327 2871 5303 5269 2809 5397 5355 2903 5395 5271 2901 5301 5267 2807 5365 5327 2871 5232 5200 2738 5365 5327 2871 5301 5267 2807 5397 5355 2903 5072 4903 2579 5071 5041 2577 5155 5127 2661 5295 5261 2801 5132 5104 2635 5129 5101 2636 5132 5104 2635 5295 5261 2801 5370 5332 2877 5132 5104 2635 5370 5332 2877 5178 5150 2684 5176 5148 2681 5366 5328 2873 5127 5099 2634 5075 5044 2581 5151 5123 2657 5073 5042 2578 5150 5122 2656 5151 5123 2657 5077 5046 2583 5075 5044 2581 5077 5046 2583 5151 5123 2657 5079 5051 2585 5150 5122 2656 5077 5046 2583 5150 5122 2656 5079 5051 2585 5361 5322 2867 5079 5051 2585 5359 5294 2865 5361 5322 2867 5359 5294 2865 5362 5323 2868 5361 5322 2867 5292 5258 2798 5135 5107 2642 5174 5146 2680 5135 5107 2642 5292 5258 2798 5294 5260 2799 5129 5101 2636 5133 5105 2639 5294 5260 2799 5252 5220 2757 5398 5335 2904 5286 5252 2793 5398 5335 2904 5252 5220 2757 5288 5254 2794 5288 5254 2794 5396 5357 2902 5398 5335 2904 5396 5357 2902 5288 5254 2794 5364 5018 2870 5364 5018 2870 5285 5251 2791 5394 5356 2900 5364 5018 2870 5394 5356 2900 5396 5357 2902 5284 5250 2790 5392 5353 2898 5285 5251 2791 5285 5251 2791 5392 5353 2898 5394 5356 2900 5284 5250 2790 5388 5358 2894 5392 5353 2898 5388 5359 2894 5284 5359 2790 5283 5359 2789 5283 5249 2789 5282 5248 2788 5391 5353 2896 5283 5249 2789 5391 5353 2896 5388 5359 2894 5057 5028 2563 5056 5027 2561 5384 5345 2890 5057 5028 2563 5384 5345 2890 5386 5347 2892 5056 5027 2561 5053 5024 2559 5382 5343 2888 5056 5027 2561 5382 5343 2888 5384 5345 2890 5053 5024 2559 5051 5022 2557 5380 5341 2886 5053 5024 2559 5380 5341 2886 5382 5343 2888 5051 5022 2557 5378 5339 2884 5380 5341 2886 5378 5339 2884 5051 5022 2557 5049 5020 2555 5049 5020 2555 5376 5337 2882 5378 5339 2884 5376 5337 2882 5049 5020 2555 5047 5018 2553 5047 5018 2553 5374 5335 2880 5376 5337 2882 5374 5335 2880 5047 5018 2553 5045 5014 2551 5045 5014 2551 5320 5286 2826 5374 5335 2880 5320 5286 2826 5045 5014 2551 5042 5014 2548 5042 5014 2548 5040 5012 2547 5320 5286 2826 5040 5012 2547 5042 5014 2548 5041 5013 2546 5112 5084 2617 5117 5089 2623 5325 5290 2831 5369 5331 2875 5112 5084 2617 5325 5290 2831 5112 5084 2617 5369 5331 2875 5113 5085 2619 5113 5085 2619 5373 5334 2879 5279 5245 2785 5373 5334 2879 5113 5085 2619 5369 5331 2875 5279 5245 2785 5329 5294 2836 5108 5080 2614 5329 5294 2836 5279 5245 2785 5373 5334 2879 5108 5080 2614 5328 5293 2834 5109 5081 2616 5328 5293 2834 5108 5080 2614 5329 5294 2836 5109 5081 2616 5333 5298 2839 5274 5240 2780 5333 5298 2839 5109 5081 2616 5328 5293 2834 5103 5075 2609 5336 5301 2843 5101 5073 2607 5336 5301 2843 5103 5075 2609 5334 5299 2840 5101 5073 2607 5339 5304 2845 5099 5071 2605 5339 5304 2845 5101 5073 2607 5336 5301 2843 5099 5071 2605 5340 5050 2846 5097 5069 2603 5340 5050 2846 5099 5071 2605 5339 5304 2845 5097 5069 2603 5342 5306 2848 5096 5068 2602 5342 5306 2848 5097 5069 2603 5340 5050 2846 5096 5068 2602 5344 5307 2850 5094 5066 2600 5344 5307 2850 5096 5068 2602 5342 5306 2848 5094 5066 2600 5345 5308 2851 5092 5064 2598 5345 5308 2851 5094 5066 2600 5344 5307 2850 5092 5064 2598 5345 5308 2851 5090 5062 2596 5145 5117 2651 5081 5053 2588 5144 5116 2650 5144 5116 2650 5148 5120 2653 5145 5117 2651 5206 5176 2713 5203 5173 2709 5202 5172 2708 5203 5173 2709 5206 5176 2713 5205 5175 2711 5356 5319 2862 5205 5175 2711 5207 5177 2712 5203 5173 2709 5356 5319 2862 5200 5170 2706 5082 5054 2587 5081 5053 2588 5145 5117 2651 5306 5272 2811 5354 5317 2860 5217 5185 2723 5354 5317 2860 5306 5272 2811 5311 5277 2817 5308 5274 2814 5311 5277 2817 5305 5271 2812 5305 5271 2812 5311 5277 2817 5306 5272 2811 5387 5348 2893 5308 5274 2814 5389 5350 2895 5389 5350 2895 5308 5274 2814 5305 5271 2812 5391 5353 2896 5387 5348 2893 5389 5350 2895 5387 5348 2893 5391 5353 2896 5386 5347 2892 5282 5248 2788 5386 5347 2892 5391 5353 2896 5386 5347 2892 5282 5248 2788 5057 5028 2563 5054 5025 2560 5057 5028 2563 5277 5243 2783 5277 5243 2783 5057 5028 2563 5282 5248 2788 5054 5025 2560 5277 5243 2783 5262 5228 2769 5276 5242 2782 5262 5228 2769 5277 5243 2783 5106 5078 2612 5274 5240 2780 5105 5077 2611 5274 5240 2780 5106 5078 2612 5275 5241 2781 5274 5240 2780 5399 5360 2905 5105 5077 2611 5399 5360 2905 5274 5240 2780 5333 5298 2839 5333 5298 2839 5400 5360 2906 5399 5360 2905 5400 5360 2906 5333 5298 2839 5332 5297 2838 5332 5297 2838 5401 5360 2907 5400 5360 2906 5401 5360 2907 5332 5297 2838 5348 5311 2854 5348 5311 2854 5402 5361 2908 5401 5360 2907 5402 5361 2908 5348 5311 2854 5293 5259 2800 5293 5259 2800 5403 5362 2909 5402 5361 2908 5403 5362 2909 5293 5259 2800 5292 5258 2798 5292 5258 2798 5363 5324 2869 5403 5362 2909 5363 5324 2869 5292 5258 2798 5174 5146 2680 5241 5209 2747 5289 5255 2795 5287 5253 2792 5287 5253 2792 5300 5266 2805 5241 5209 2747 5250 5218 2756 5287 5253 2792 5249 5217 2755 5289 5255 2795 5249 5217 2755 5287 5253 2792 5323 5288 2830 5168 5140 2674 5122 5094 2625 5168 5140 2674 5323 5288 2830 5169 5141 2676 5165 5137 2672 5169 5141 2676 5323 5288 2830 5165 5137 2672 5323 5288 2830 5163 5135 2669 5105 5077 2611 5334 5299 2840 5103 5075 2609 5334 5299 2840 5105 5077 2611 5399 5360 2905 5399 5360 2905 5337 5299 2842 5334 5299 2840 5337 5299 2842 5399 5360 2905 5400 5360 2906 5400 5360 2906 5350 5313 2856 5337 5299 2842 5350 5313 2856 5400 5360 2906 5401 5360 2907 5401 5360 2907 5358 5299 2864 5350 5313 2856 5358 5299 2864 5401 5360 2907 5402 5361 2908 5402 5361 2908 5359 5294 2865 5358 5299 2864 5359 5294 2865 5402 5361 2908 5403 5362 2909 5403 5362 2909 5362 5323 2868 5359 5294 2865 5362 5323 2868 5403 5362 2909 5363 5324 2869 5363 5324 2869 5082 5054 2587 5362 5323 2868 5082 5054 2587 5363 5324 2869 5290 5256 2796 5211 5180 2717 5214 5182 2718 5355 5318 2861 5212 5110 2720 5211 5180 2717 5210 5143 2716 5211 5180 2717 5212 5110 2720 5214 5182 2718 5172 5144 2678 5138 5110 2644 5171 5143 2677 5138 5110 2644 5172 5144 2678 5139 5111 2646 5139 5111 2646 5172 5144 2678 5290 5256 2796 5355 5318 2861 5356 5319 2862 5209 5179 2715 5209 5179 2715 5356 5319 2862 5207 5177 2712 5141 5113 2648 5290 5256 2796 5172 5144 2678 5213 5181 2719 5354 5317 2860 5214 5182 2718 5354 5317 2860 5355 5318 2861 5214 5182 2718 5363 5324 2869 5174 5146 2680 5137 5109 2643 5225 5193 2731 5229 5197 2735 5303 5269 2809 5366 5328 2873 5178 5150 2684 5370 5332 2877 5178 5150 2684 5366 5328 2873 5176 5148 2681 5234 5202 2740 5299 5265 2806 5231 5199 2736 5298 5264 2804 5180 5152 2686 5297 5263 2803 5180 5152 2686 5298 5264 2804 5124 5096 2630 5300 5266 2805 5238 5206 2743 5241 5209 2747 5122 5094 2625 5121 5093 2626 5298 5264 2804 5223 5191 2728 5307 5273 2813 5220 5188 2727 5294 5260 2799 5133 5105 2639 5135 5107 2642 4573 4528 2813 4487 4448 2727 4485 4446 2725 4396 4361 2636 4559 4514 2799 4399 4364 2639</p>
        </triangles>
      </mesh>
    </geometry>
  </library_geometries>
  <library_visual_scenes>
    <visual_scene id="DefaultScene">
      <node id="node_7463e379_5351_4fc8_961a_7b28dc715415" type="NODE">
        <matrix>1 0 0 0 0 1 0 0 0 0 1 0 0 0 0 1</matrix>
        <node id="node_28ebad21_71a5_40ae_b246_5a7517361d23" type="NODE">
          <matrix>1 0 0 0 0 1 0 0 0 0 1 0 0 0 0 1</matrix>
          <node id="node_bf3948b6_40b9_4d4e_a7c1_0f04b7ed23d9" type="NODE">
            <matrix>1 0 0 0 0 2.220446049250313E-16 1 0 0 -1 2.220446049250313E-16 0 0 0 0 1</matrix>
            <node id="node_50f511c1_842f_4e1c_b2a0_a0fbd1b7ff3b" type="NODE">
              <matrix>1 0 0 0 0 1 0 0 0 0 1 0 0 0 0 1</matrix>
              <node id="node_1475d797_a777_4fa5_b2ca_740009b92ccb" type="NODE">
                <matrix>1 0 0 0 0 2.220446049250313E-16 -1 0 0 1 2.220446049250313E-16 0 0 0 0 1</matrix>
                <node id="node_5869f2b2_b282_4026_815e_c43fe30a127c" type="NODE">
                  <matrix>0.009999999776482582 0 0 0 0 0.009999999776482582 0 0 0 0 0.009999999776482582 0 0 0 0 1</matrix>
                  <node id="node_4ed7b846_40b9_4c7a_9dbc_b70d0318ec5f" type="NODE">
                    <matrix>1 0 0 0 0 1 0 0 0 0 1 0 0 0 0 1</matrix>
                    <node id="node_1d0e4eed_1a57_4deb_9b9b_66388a8ef55d" type="NODE">
                      <matrix>1 0 0 0 0 1 0 0 0 0 1 0 0 0 0 1</matrix>
                      <node id="node_2ec2cdf1_89f1_4806_a771_ebe62f9d8415" type="NODE">
                        <matrix>1 0 0 0 0 1 0 0 0 0 1 0 0 0 0 1</matrix>
                        <node id="node_f1455279_02e2_4a0c_b755_b7e2767aeeff" type="NODE">
                          <matrix>0.9999999999999994 2.9289832837920164E-16 3.422854533141618E-08 0 -8.786949861316075E-16 0.9999999999999999 1.7114272665708076E-08 0 -3.4228545331416165E-08 -1.7114272665708096E-08 0.9999999999999992 0 0 0 0 1</matrix>
                          <node id="node_c944efd8_a0be_4baa_b861_706018ec2f7e" type="NODE">
                            <matrix>1.791968868847249E-07 3.0443825238535283E-09 -0.9999999894453132 6.459048762508246E-08 -0.09842078508098773 0.9951448884265817 -1.356829759657785E-08 1.6184877157211304 0.9951448778718949 0.09842078508098862 1.7867774060320585E-07 -1.8870357275009155 0 0 0 1</matrix>
                            <node id="node_d545807c_e60c_48ff_866e_68e4f4812556" type="NODE">
                              <matrix>0.9827544011803793 -0.18491561996125963 -1.1973165785190387E-07 0.5514566898345947 0.18491561996125913 0.9827544011803866 -1.526884147410227E-08 1.9371509552001953E-07 1.2049026101186215E-07 -7.13473287656729E-09 0.9999999999999927 2.9721494598788922E-08 0 0 0 1</matrix>
                              <node id="node_2643c260_5e96_4fdc_820b_5568870f9ef2" type="NODE">
                                <matrix>0.9999993780571093 0.0011152959364514978 1.1915767870435714E-07 0.9651502370834351 -0.0011152961358819882 0.9999991992432933 -6.111898623957964E-11 -0.023684561252593994 -1.1915767276085644E-07 -7.177712791582659E-11 0.9999999999999929 -6.211104164322023E-08 0 0 0 1</matrix>
                                <node id="node_5c7942e2_5ced_4b2a_893d_0ca58717ad92" type="NODE">
                                  <matrix>0.9514642428470986 0.30775915176910806 -5.4848365728886293E-08 1.0455118417739868 -0.3077591334252336 0.9514642995587916 1.4245294314625293E-11 1.4156101713069802E-07 5.219064313089561E-08 1.6866531087682132E-08 0.9999999999999984 5.72981129209893E-08 0 0 0 1</matrix>
                                  <node id="node_ed839a34_06c5_4b78_a5ec_f1ca2b814dda" type="NODE">
                                    <matrix>-5.372068079267933E-08 0.029837006219272766 0.9995548315168499 0.6063399314880371 2.3704963991733052E-08 0.9995547774424475 -0.029837006219272766 6.258487701416016E-07 -1.0000000540744018 2.3704963991733052E-08 -5.442812334166547E-08 -2.821920475071238E-11 0 0 0 1</matrix>
                                  </node>
                                  <node id="node_9b934519_8231_4737_b392_f8c4628b42bc" type="NODE">
                                    <matrix>0.39053836253037844 0.9156692310691512 0.09502409370460224 0.216535747051239 -0.8936623587337245 0.4018725771299839 -0.19966481801773298 -0.21090294420719147 -0.22101449158791198 -0.006942678388388324 0.9752459288195193 -0.15539130568504333 0 0 0 1</matrix>
                                    <node id="node_ce102b98_ad8b_46ab_bcad_5f9122b6e3d2" type="NODE">
                                      <matrix>0.8252201751371333 -0.5648111814083011 2.2242455776331374E-07 0.10988111793994904 0.5648111814083036 0.8252201751371597 5.785847092379603E-08 -6.984919309616089E-10 -2.1622835686093854E-07 7.788190123342811E-08 0.9999999403953288 4.842877388000488E-08 0 0 0 1</matrix>
                                      <node id="node_b79f6721_dff9_4520_9574_789062628fd6" type="NODE">
                                        <matrix>0.9032061060811921 -0.429206610767526 -1.829035776529892E-07 0.11239692568778992 0.42920658518485016 0.903206159916444 2.729109271840335E-07 3.166496753692627E-08 4.806449726673565E-08 -3.2499830264450763E-07 0.9999998211860117 -7.450580596923828E-09 0 0 0 1</matrix>
                                        <node id="node_26ce6759_9cfa_4769_93b0_2fe26f87d4b5" type="NODE">
                                          <matrix>-5.196799344189278E-08 -0.30441810634682653 0.952538748636543 0.05252671241760254 1.2750561949693708E-07 0.9525385176843145 0.304418142636283 3.725290298461914E-08 -1.0000002366100647 1.0153507812304952E-07 -1.6258515584671296E-08 4.470348358154297E-08 0 0 0 1</matrix>
                                        </node>
                                      </node>
                                    </node>
                                  </node>
                                  <node id="node_6940cfa5_4e3a_4d92_9ca6_670d00a00165" type="NODE">
                                    <matrix>0.3208724701303137 0.9427607236410054 0.09079287060212948 0.48854386806488037 -0.9071448566047864 0.3334704078092098 -0.25668225351536744 -0.12366431951522827 -0.27226664250675725 -5.9787231187607205E-09 0.9622218447846586 -0.11600622534751892 0 0 0 1</matrix>
                                    <node id="node_31039512_407c_4fcd_9bf9_87d0eeb63fec" type="NODE">
                                      <matrix>0.8894639742083073 -0.45700548406218 -6.680133180221602E-07 0.09786761552095413 -0.4570055657811558 -0.8894639069962195 1.2785057519882366E-07 -4.810154337064887E-07 -6.526022058340568E-07 1.9156727470893418E-07 -1.00000009183599 -3.725290298461914E-08 0 0 0 1</matrix>
                                      <node id="node_9ef73b57_e169_4ce1_a4dc_66ee41a8d885" type="NODE">
                                        <matrix>0.8490758432452798 -0.5282711144176271 1.1840353092213008E-08 0.09641877561807632 0.5282712088798691 0.8490756914187051 -3.791815163045767E-08 1.695007085800171E-07 9.977709808948675E-09 3.8450301885687676E-08 0.9999998807907097 -5.960464477539063E-08 0 0 0 1</matrix>
                                        <node id="node_46a9e6da_218a_4bd6_9827_91366f68ad46" type="NODE">
                                          <matrix>7.311860858391568E-08 -0.5837449041827364 -0.811937162878833 0.11597104370594025 6.596464669889033E-08 0.8119372654792913 -0.5837448345949259 -3.166496753692627E-07 0.9999999345853484 -1.426809951524148E-08 9.896688935029374E-08 5.587935447692871E-09 0 0 0 1</matrix>
                                        </node>
                                      </node>
                                    </node>
                                  </node>
                                  <node id="node_29d352f0_17a2_42d2_8912_ef1208dd672f" type="NODE">
                                    <matrix>-0.32087184012510767 -0.9427607700474477 -0.09079300072356133 0.48853999376296997 0.907144813548467 -0.3334697987593292 0.2566830042032784 -0.12366354465484619 -0.27226737738898565 -6.101053165399531E-08 0.9622216319936534 0.11600598692893982 0 0 0 1</matrix>
                                    <node id="node_df07210e_ec0b_4105_a684_a6aac31856be" type="NODE">
                                      <matrix>0.8894650508595591 -0.45700443763657284 -9.176861620323517E-08 -0.0978722870349884 -0.45700476451162747 -0.8894644234851601 -1.3079126012536526E-07 2.462030295191653E-07 -2.1852748153084658E-08 1.5827283635016127E-07 -1.0000000088201233 -1.4603137969970703E-06 0 0 0 1</matrix>
                                      <node id="node_fa87e94c_73c7_4b4d_b19a_3aa45b335c50" type="NODE">
                                        <matrix>0.849075873016434 -0.5282708851712994 -2.1467345712062935E-07 -0.09641100466251373 0.5282709166586471 0.8490758224075887 -2.5876937761788867E-07 -2.989545464515686E-06 3.1897438949931787E-07 1.0630908465954927E-07 0.9999999999999435 -2.346932888031006E-06 0 0 0 1</matrix>
                                        <node id="node_8ae6ea24_354d_4f50_8347_b9756502fedd" type="NODE">
                                          <matrix>9.67941242751066E-08 -0.5837456248744511 -0.8119365345968754 -0.11597023904323578 1.118711794245291E-07 0.8119365387069766 -0.5837455900804879 2.913177013397217E-06 0.9999999846804446 -8.477920082455963E-09 1.3556658844798471E-07 -1.0058283805847168E-07 0 0 0 1</matrix>
                                        </node>
                                      </node>
                                    </node>
                                  </node>
                                  <node id="node_0beedf48_ea98_4edf_9fce_cc4b18f76523" type="NODE">
                                    <matrix>-0.35222532927554484 -0.9319133817527265 -0.08645686275620462 0.2165350615978241 0.9094448115740001 -0.3626144963904001 0.20352123416039838 -0.21089869737625122 -0.22101464459725584 -0.006942412241338403 0.9752458956239527 0.1326006054878235 0 0 0 1</matrix>
                                    <node id="node_3261c480_dc17_4aea_bc92_19df4ea5a589" type="NODE">
                                      <matrix>0.8252208799443126 -0.5648101483154244 1.519747589299831E-07 -0.10988481342792511 0.5648101483154297 0.8252208799443228 8.504190623945177E-09 9.124632924795151E-07 -1.3021599773105195E-07 7.881904937831684E-08 0.9999999999999885 -1.2665987014770508E-07 0 0 0 1</matrix>
                                      <node id="node_a8ab83e2_2167_4eb1_bea0_69ee764e796a" type="NODE">
                                        <matrix>0.9032067306824021 -0.4292060450799225 -1.0870207443969355E-07 -0.1123940646648407 0.4292060962452776 0.9032066230117834 5.6716907233485635E-08 -2.5276094675064087E-06 7.383720886895498E-08 -9.788266669798486E-08 0.9999999999999925 4.954636096954346E-07 0 0 0 1</matrix>
                                        <node id="node_ba4b1314_3d13_4a2b_9716_37d8522518db" type="NODE">
                                          <matrix>3.446132090800802E-08 -0.30441975396311527 0.9525381222702278 -0.052529506385326385 3.6381608836677515E-08 0.9525379917797093 0.3044197539631135 8.806586265563965E-06 -1.0000001304905184 -1.5559731281200584E-08 3.77076546653754E-08 -1.6801059246063232E-06 0 0 0 1</matrix>
                                        </node>
                                      </node>
                                    </node>
                                  </node>
                                  <node id="node_2acd9d17_f117_4d49_a0c8_994a6a9d87c3" type="NODE">
                                    <matrix>0.3219270763985055 0.6293867008048579 -0.7072732036373566 0.38277339935302734 0.07420530049398769 -0.7615178971792673 -0.6438820722244571 0.23145370185375214 -0.9438521021969898 0.15479964176510919 -0.29185704296438786 0.07260049134492874 0 0 0 1</matrix>
                                    <node id="node_8f806753_906b_4d39_a422_48fd45909c25" type="NODE">
                                      <matrix>0.9998331787215555 1.4020829353616935E-07 -0.01826512320754916 4.278055314443918E-07 -0.007848015259252383 0.9029883558847954 -0.4295935651086004 1.2852251529693604E-06 0.016493131367243487 0.42966529594696556 0.9028376116866574 -0.29076266288757324 0 0 0 1</matrix>
                                      <node id="node_0d2874db_2220_4a7b_a447_f66493e28ca5" type="NODE">
                                        <matrix>0.9999999403953506 -9.065810979400695E-08 3.1882006082053884E-08 3.9674341678619385E-07 9.589745187537985E-08 0.9629374787164466 -0.26972465526615225 2.851942554116249E-06 -6.247653129196006E-09 0.2697247034966894 0.9629373065298118 -0.2603797912597656 0 0 0 1</matrix>
                                        <node id="node_9e5b6445_0355_454f_bfaf_deaf4228b2aa" type="NODE">
                                          <matrix>0.9994903903621932 -0.026637353284784726 0.017583310007182357 6.034970283508301E-07 0.028464961916904143 0.9931269717855065 -0.11352729625886976 -1.73225998878479E-07 -0.014438392071106417 0.11396995666810097 0.993379273535554 -0.3336489200592041 0 0 0 1</matrix>
                                          <node id="node_6788ba47_263a_4204_a38e_28f5be4df633" type="NODE">
                                            <matrix>0.9999999999999958 9.22009351991826E-08 -2.3282939326526185E-09 -1.5124678611755371E-06 -9.220093457468215E-08 0.9999999999999598 2.6822088560938227E-07 -2.514570951461792E-06 2.328318801647633E-09 -2.682209013819218E-07 0.9999999403953193 -0.3093729019165039 0 0 0 1</matrix>
                                            <node id="node_197c938a_ff53_4648_b3c1_b6c318c49cb4" type="NODE">
                                              <matrix>0.9999456561888327 -2.987806829317835E-07 0.010413753837850172 -1.1213123798370361E-06 3.0471632896728834E-07 0.999999999999792 -5.683981905180817E-07 8.568167686462402E-07 -0.010413753216970047 5.715406444704758E-07 0.9999457157901286 -0.3141483664512634 0 0 0 1</matrix>
                                              <node id="node_99d77a44_288a_478d_9dac_bc720902a369" type="NODE">
                                                <matrix>0.9997140964249789 2.452964701819652E-07 -0.023910780484926324 8.456408977508545E-07 -2.334033250968407E-07 0.9999999403952029 5.001882249439186E-07 6.8284571170806885E-06 0.023910780485045375 -4.944643343418576E-07 0.9997140964248838 -0.30373141169548035 0 0 0 1</matrix>
                                                <node id="node_be2443c7_98b2_4704_9aac_6e2655a97f41" type="NODE">
                                                  <matrix>0.9999417250957362 -2.5135662100574676E-08 0.01079014327145508 1.9855797290802E-06 2.5155759415368374E-08 0.9999999999999997 -1.7269798420856088E-09 2.868473529815674E-07 -0.010790143914597764 1.998313802378298E-09 0.9999416654945616 -0.3095442056655884 0 0 0 1</matrix>
                                                  <node id="node_e4a8521f_0342_4a92_9d67_5cba65a11537" type="NODE">
                                                    <matrix>0.9978989667854227 -0.004527530561711235 0.06462997602901539 -1.6279518604278564E-06 0.007445679759459187 0.9989599110882735 -0.044982434988404256 -3.56137752532959E-06 -0.06435910726387396 0.045369142211093914 0.9968948330976514 -0.30404555797576904 0 0 0 1</matrix>
                                                    <node id="node_23a2d7a5_a3b3_4db7_9323_c825dcdaba85" type="NODE">
                                                      <matrix>0.999999940395327 2.374380058172605E-07 5.569841930058027E-09 9.5367431640625E-07 -2.2077284033839714E-07 0.9379472378265846 -0.34677788008900573 -3.1068921089172363E-06 -8.756245034729001E-08 0.3467778594194224 0.9379472937326259 -0.25898900628089905 0 0 0 1</matrix>
                                                      <node id="node_6c415527_ce45_4a83_bdc5_9205d62f9c4c" type="NODE">
                                                        <matrix>0.9999999999999959 -4.639453456745316E-08 7.826852787759858E-08 -2.905726432800293E-06 6.53641665375238E-08 0.9647198947674263 -0.2632788437984439 5.424022674560547E-06 -6.329249966249739E-08 0.26327887518373183 0.9647197797638657 -0.24830400943756104 0 0 0 1</matrix>
                                                        <node id="node_2f24bb61_5dff_4533_93f3_cd9b26193c9e" type="NODE">
                                                          <matrix>1.0000001192092656 -2.1786073878149065E-07 -2.1515023535703124E-08 -1.5981495380401611E-06 2.1241042804764685E-07 0.9893540884357941 -0.1455279178020761 2.980232238769531E-07 5.29907999688546E-08 0.1455279091279282 0.9893541474059192 -0.17774122953414917 0 0 0 1</matrix>
                                                          <node id="node_b25a9d2b_9c53_4676_a7ff_16e105346f76" type="NODE">
                                                            <matrix>0.9999999999999761 2.1792948182858263E-07 1.3038526598674327E-08 -2.1606683731079102E-07 -2.1792948309146132E-07 0.9999999999999716 9.685754633927124E-08 -7.450580596923828E-07 -1.3038505490559071E-08 -9.685754918074829E-08 0.9999999999999952 -0.15867261588573456 0 0 0 1</matrix>
                                                            <node id="node_239e82c8_bf81_4678_991a_5d69a691c47a" type="NODE">
                                                              <matrix>0.9999999999999996 -2.7008353914448335E-08 -1.1175872706437051E-08 8.38935375213623E-06 2.700835541324942E-08 0.9999999999999907 1.3411045059370796E-07 -4.1425228118896484E-06 1.1175869084334433E-08 -1.3411045089554985E-07 0.9999999999999909 -0.17088958621025085 0 0 0 1</matrix>
                                                            </node>
                                                          </node>
                                                        </node>
                                                      </node>
                                                    </node>
                                                  </node>
                                                </node>
                                              </node>
                                            </node>
                                          </node>
                                        </node>
                                      </node>
                                    </node>
                                  </node>
                                  <node id="node_ec7e7874_4a19_4375_817a_d3186a12f5c8" type="NODE">
                                    <matrix>-0.32192728376013635 -0.5972770612322384 0.7345902091694274 0.38277482986450195 -0.07420537775711011 0.7894262909775543 0.6093434149668369 0.23144963383674622 -0.9438518926720558 0.14165369004124356 -0.298459103529531 -0.07260053604841232 0 0 0 1</matrix>
                                    <node id="node_83470462_78b6_445a_a429_d7bfcaa9873b" type="NODE">
                                      <matrix>0.9999999403953401 -8.783812310955073E-08 -1.498825188939371E-07 -2.3006151650406537E-08 1.4917438531576723E-08 0.902988136173573 -0.42966548026408224 7.450580596923828E-08 1.7308315090528807E-07 0.42966553148419623 0.9029880285289865 0.29075998067855835 0 0 0 1</matrix>
                                      <node id="node_006aad4a_4df8_4129_b71d_08e468db59ea" type="NODE">
                                        <matrix>0.9999999999999907 1.0687659969104771E-07 8.48962079356412E-08 3.065554210479604E-08 -8.001690961182578E-08 0.9629375517420042 -0.26972443777264243 -1.548833097331226E-07 -1.1057697707726049E-07 0.2697244377726331 0.9629375517420038 0.26038166880607605 0 0 0 1</matrix>
                                        <node id="node_6c75766b_a062_4aeb_acd9_45f65a4d5c89" type="NODE">
                                          <matrix>0.9995982977861922 -0.02704387683980172 0.008449575669460474 2.2759280682294047E-08 0.027563557265024914 0.997231982748082 -0.06905350533715669 -5.587935447692871E-08 -0.006558712221278062 0.06925867496704854 0.9975771745048738 0.33364537358283997 0 0 0 1</matrix>
                                          <node id="node_5fdb433c_ad16_4182_900a_a9f001bc3d79" type="NODE">
                                            <matrix>0.9999998807907056 2.793967511559478E-09 -9.918585187418233E-08 -5.21540641784668E-08 -2.793968158177892E-09 0.9999998807907104 -6.519258105791474E-09 -9.313225746154785E-08 9.918586367984548E-08 6.519259160069933E-09 0.999999761581416 0.309377521276474 0 0 0 1</matrix>
                                            <node id="node_240c5fae_a3dd_4c85_9f60_cceda5e13424" type="NODE">
                                              <matrix>0.9999999403953463 -1.247972214633226E-07 4.703179557700347E-08 -8.940696716308594E-08 1.247972346398499E-07 0.9999998807906952 -1.2200325400684043E-07 -1.0803341865539551E-07 -4.7031783154646724E-08 1.2200325987627774E-07 0.9999998807907019 0.31415313482284546 0 0 0 1</matrix>
                                              <node id="node_cffb0507_a53b_4bd3_890a_fee2772df79f" type="NODE">
                                                <matrix>0.9997139760026635 6.563098617513366E-08 -0.02391082835972905 -5.587935447692871E-08 -6.289154070228023E-08 0.9999999403953466 1.1532105566856613E-07 5.960464477539063E-08 0.023910829784933096 -1.1378430941183892E-07 0.9997139164150556 0.30372679233551025 0 0 0 1</matrix>
                                                <node id="node_06c5d7dd_e29e_4d50_a0ea_4056bbd1796f" type="NODE">
                                                  <matrix>0.9999417253168197 1.9706760144298206E-08 0.010790123425798487 -2.086162567138672E-07 -1.754614476637348E-08 0.9999998807906902 -2.0033486488927475E-07 -6.407499313354492E-07 -0.010790123425802217 2.0013386537497412E-07 0.9999417253167998 0.3095385432243347 0 0 0 1</matrix>
                                                  <node id="node_a05f2846_0a95_4176_8e53_8022a446bd21" type="NODE">
                                                    <matrix>0.9978990275238846 -0.0030948026729711586 0.0647143968004309 2.4959444999694824E-07 0.00744526643971552 0.9977189492703809 -0.06709296812707613 -4.6938657760620117E-07 -0.06435914048889946 0.06743382356706892 0.9956458108489479 0.3040480315685272 0 0 0 1</matrix>
                                                    <node id="node_aa99713d_9372_47b6_bd34_3c8f8814ea66" type="NODE">
                                                      <matrix>1.0000001192092867 7.339790514037531E-08 -1.0992303269626983E-08 -2.2351741790771484E-07 -7.188841727017257E-08 0.9211423853139945 -0.3892258242669049 -4.842877388000488E-07 -1.8442883640518242E-08 0.3892257778675761 0.9211424951227266 0.2589905858039856 0 0 0 1</matrix>
                                                      <node id="node_b27793bc_ff9f_48fb_8478_aab7aefd27be" type="NODE">
                                                        <matrix>0.9999999403950686 -7.33077239559091E-07 1.8924722860464423E-07 5.960464477539063E-08 7.570389445179983E-07 0.9647196330942026 -0.26327894625894444 -3.5762786865234375E-07 1.0433275638033498E-08 0.26327893056636326 0.964719690596259 0.2483084797859192 0 0 0 1</matrix>
                                                        <node id="node_19c1e313_86fa_4fc2_81bc_378c49ee0ea0" type="NODE">
                                                          <matrix>0.9999999403952994 3.250316091274459E-07 -7.823113017113351E-08 -3.3527612686157227E-08 -3.2503156732754845E-07 1.000000119209215 -2.0861622978922412E-07 1.4901161193847656E-07 7.82310577013322E-08 2.086162800857964E-07 0.9999999999999751 0.17773739993572235 0 0 0 1</matrix>
                                                          <node id="node_14c8e1e4_23f3_49a6_a208_8ea5f69ee343" type="NODE">
                                                            <matrix>1.000000119209247 2.8684735603467774E-07 -5.2154078250541047E-08 2.3096799850463867E-07 -2.868473614747697E-07 1.000000119209243 -1.043081191004483E-07 -4.172325134277344E-07 5.2154048330034014E-08 1.0430813406070182E-07 1.0000001192092827 0.15867173671722412 0 0 0 1</matrix>
                                                            <node id="node_9443203d_14d2_421e_b0ab_e9fcf76deea8" type="NODE">
                                                              <matrix>1.0000001192091692 4.367901724755596E-07 2.2351757292259365E-07 1.4901161193847656E-08 -4.367903977398072E-07 0.9999999999996044 7.748603332649658E-07 8.940696716308594E-08 -2.2351726111645734E-07 -7.748604308951905E-07 0.9999999999996748 0.17088831961154938 0 0 0 1</matrix>
                                                            </node>
                                                          </node>
                                                        </node>
                                                      </node>
                                                    </node>
                                                  </node>
                                                </node>
                                              </node>
                                            </node>
                                          </node>
                                        </node>
                                      </node>
                                    </node>
                                  </node>
                                </node>
                                <node id="node_182cfb2d_4c08_41ae_a762_8d153a1f4d57" type="NODE">
                                  <matrix>-0.8077436030952487 0.0005420536863699645 -0.5895328977593737 -0.03941977396607399 0.30116792378018076 -0.8592850843358026 -0.41343184081827594 0.12607599794864655 -0.5068017774948133 -0.5114957484616455 0.6939183470442939 -0.3888840675354004 0 0 0 1</matrix>
                                  <node id="node_7a47ab8d_5b76_4f2d_97ee_2038251b2168" type="NODE">
                                    <matrix>1.0000001192092594 -2.2910534497322295E-07 -8.940694867440058E-08 1.4079699516296387 2.2910536062736707E-07 0.9999999999999653 -1.303851862310957E-07 -0.06613156199455261 8.940697854634055E-08 1.3038515020436184E-07 1.000000119209277 -0.032314836978912354 0 0 0 1</matrix>
                                    <node id="node_948c0729_1922_483d_90e6_45373fba905e" type="NODE">
                                      <matrix>0.9999999999999845 1.2665986177593027E-07 1.2293461868623163E-07 1.303466796875 -1.2665989361851021E-07 1.0000001192092085 3.8184223648262465E-07 1.296401023864746E-06 -1.229345556672015E-07 -3.818422520535045E-07 1.000000119209209 -9.000301361083984E-06 0 0 0 1</matrix>
                                      <node id="node_c75f557f_d722_4108_9f1a_3ddaa91e39e8" type="NODE">
                                        <matrix>1.000000119209233 -2.2538006000383248E-07 -2.4959443992167493E-07 1.1046054363250732 2.2538006455574387E-07 0.9999999999999706 -8.94069952898906E-08 -3.2186508178710938E-06 2.4959448982619983E-07 8.940693903628127E-08 0.9999999999999648 7.867813110351562E-06 0 0 0 1</matrix>
                                        <node id="node_ddbe9140_476e_465f_9d39_7ae005b108bd" type="NODE">
                                          <matrix>1.0000001192090742 5.550682965413389E-07 3.5017722136918006E-07 1.0637831687927246 -5.550682785695987E-07 0.999999999999817 -2.402813214369415E-07 -4.470348358154297E-07 -3.5017739648605345E-07 2.4028112706464544E-07 0.9999999999999098 -1.1920928955078125E-06 0 0 0 1</matrix>
                                        </node>
                                      </node>
                                    </node>
                                  </node>
                                </node>
                                <node id="node_15f490f8_9fe5_411c_9c6e_d9b38331ceb1" type="NODE">
                                  <matrix>0.1009578278483545 0.024105006915277727 0.994598656672327 0.11214330047369003 -0.9561370898699266 0.27865342739545973 0.09030033555505312 -0.4766440987586975 -0.27497164324317325 -0.9600891801639584 0.05117992761789303 -0.13111524283885956 0 0 0 1</matrix>
                                  <node id="node_d30dddca_3672_4297_9588_f9541c8b5471" type="NODE">
                                    <matrix>-0.20185451831015308 -0.9407099856696348 0.27261650428405204 0.23173576593399048 0.7308194046178794 -0.32997490027867116 -0.5975114992960044 1.0198075273137874E-08 0.6520416107004411 0.07862308490386738 0.7540956872532756 2.7939677238464355E-08 0 0 0 1</matrix>
                                    <node id="node_60d38991_4b5e_4a28_ab74_8de93197d1f2" type="NODE">
                                      <matrix>0.07703897467743381 0.9968394839243817 -0.01938143197016199 1.1667557954788208 -0.9243172015885257 0.07869460293387695 0.37342325143936633 1.862645149230957E-07 0.3737683525074935 -0.010853566065425957 0.9274585284499626 -3.2782554626464844E-07 0 0 0 1</matrix>
                                      <node id="node_adb6dc3e_e7ee_4d64_90ba_23f970023a28" type="NODE">
                                        <matrix>0.9999999999999895 -1.415610310995588E-07 -3.3527613707909354E-08 0.8580038547515869 1.4156103158354666E-07 0.9999999999999899 1.4435497533438202E-08 -5.364418029785156E-07 3.35276116644051E-08 -1.4435502279641632E-08 0.9999999999999993 9.12696123123169E-08 0 0 0 1</matrix>
                                      </node>
                                    </node>
                                  </node>
                                  <node id="node_3d408c7d_6e06_478a_b3a1_7426f5bdf31b" type="NODE">
                                    <matrix>-0.201841774919262 -0.9784101725405715 0.04442193405115269 0.23173566162586212 0.7309047363274357 -0.18066311975745444 -0.6581331533585413 6.980273070666954E-08 0.6519495903592043 -0.10037047939322526 0.7515899749017829 9.313225746154785E-09 0 0 0 1</matrix>
                                    <node id="node_60e979a2_2e83_4063_a55a_61160d049bbf" type="NODE">
                                      <matrix>0.07703901605993455 0.99684362655493 -0.019177689549201262 1.1667556762695312 -0.986161326903246 0.07901739078432755 0.14574669318076774 3.427267074584961E-07 0.14680203302427253 0.007684103689747701 0.989135986584772 -1.7881393432617188E-07 0 0 0 1</matrix>
                                      <node id="node_8b720b98_00d4_491c_9e75_f249e194cbf3" type="NODE">
                                        <matrix>0.9999999999999909 -1.3411043596478486E-07 -1.4901148551183306E-08 0.8580038547515869 1.3411044953726126E-07 0.9999998807906884 -1.6205012387526627E-07 -7.152557373046875E-07 1.4901172060156463E-08 1.6205012187686504E-07 0.9999998807906972 -4.0978193283081055E-08 0 0 0 1</matrix>
                                      </node>
                                    </node>
                                  </node>
                                  <node id="node_4120f756_3d89_4594_ad6f_b6cea7bf031d" type="NODE">
                                    <matrix>-0.20184171082680413 -0.9784101104837921 0.0444249610351104 0.23173578083515167 0.7309047219071307 -0.1806650777461063 -0.6581326102946523 5.490155885468084E-08 0.6519497201925455 -0.10036819005106956 0.7515902391719584 2.60770320892334E-08 0 0 0 1</matrix>
                                    <node id="node_a72e64f5_a3c1_4c54_83fb_c36053ec510f" type="NODE">
                                      <matrix>0.07703895492411084 0.9968435922146923 -0.019177718113484676 1.1667554378509521 -0.9861609226257626 0.0790173527231123 0.14574959020748635 4.6193599700927734E-07 0.1468049227900008 0.007683915360931727 0.9891356189550193 -2.682209014892578E-07 0 0 0 1</matrix>
                                      <node id="node_28665526_a36e_4db0_be15_a8a722dc40d5" type="NODE">
                                        <matrix>0.9999999403953526 1.4901161164357533E-08 -7.07805181895945E-08 0.8580037355422974 -1.4901156782445892E-08 0.9999999999999987 4.9360094039885236E-08 -7.152557373046875E-07 7.078051892511712E-08 -4.936009592726444E-08 0.9999999403953514 1.9185245037078857E-07 0 0 0 1</matrix>
                                        <node id="node_d6eb172e_a1bb_4d91_a813_f2a5ff270b4c" type="NODE">
                                          <matrix>0.9608943777145935 -0.2519484839963175 -0.11490846578219269 0.33020398020744324 0.2501661479066224 0.9677405897759208 -0.029915622846517033 -8.940696716308594E-08 0.11873879601557688 -4.512493610150747E-07 0.9929254666411756 1.685693860054016E-07 0 0 0 1</matrix>
                                          <node id="node_ae04d925_ba87_4cd0_b1ba_a53d4e9e698f" type="NODE">
                                            <matrix>0.9999999999994554 -1.0430812760128792E-06 3.352784933019552E-08 0.07924401760101318 1.0430812911257927E-06 0.9999999999993544 -4.507601101821887E-07 9.834766387939453E-07 -3.352738114913062E-08 4.507601720216155E-07 0.9999999403952531 2.86102294921875E-06 0 0 0 1</matrix>
                                            <node id="node_eee91ea2_9a7b_4f58_ae61_71f107e53c28" type="NODE">
                                              <matrix>0.9987399716819806 7.600242412229054E-08 -0.0501867200069217 0.0762086808681488 -7.300918527888879E-08 0.9999999999999954 6.147542550005222E-08 -2.5331974029541016E-06 0.05018672598964938 -5.773386642329542E-08 0.9987398526229133 -3.9711594581604E-06 0 0 0 1</matrix>
                                              <node id="node_304cf651_2dc8_4015_9231_5313a89475c5" type="NODE">
                                                <matrix>0.9999999999999495 -3.1292438684021873E-07 -5.5879344568188216E-08 0.08441784977912903 3.1292438330138284E-07 0.999999999999949 -6.332994381685886E-08 5.960464477539063E-08 5.5879364385669206E-08 6.332992633084622E-08 0.9999999999999964 -9.685754776000977E-08 0 0 0 1</matrix>
                                                <node id="node_1f7bc59a_17d9_499f_a9aa_846be527328e" type="NODE">
                                                  <matrix>0.6742992473375192 0.7041450490220837 0.22248644375313908 0.24073275923728943 -0.6700905326579621 0.7100489531457139 -0.21635412145873545 -0.008480355143547058 -0.31032093186109183 -0.003198639588568142 0.9506264650222298 3.979727625846863E-05 0 0 0 1</matrix>
                                                  <node id="node_1eafa031_a5a8_4adf_82ca_3079691e5b9d" type="NODE">
                                                    <matrix>1.000000119208589 1.180917000450328E-06 -7.916172925850895E-08 1.862645149230957E-09 -1.180917119162657E-06 0.999999940393976 1.1678785553099341E-06 -4.2654573917388916E-07 7.916311786310031E-08 -1.1678783922147051E-06 0.9999999999993149 1.862645149230957E-07 0 0 0 1</matrix>
                                                    <node id="node_a7855ee1_a4da_4b3d_afad_0de4d9c8aa7c" type="NODE">
                                                      <matrix>0.9999999999999983 -1.0244547618207162E-08 5.587935482777632E-08 0.1776687651872635 1.0244549023333366E-08 0.9999999999999997 -2.5145709505944193E-08 9.313225746154785E-09 -5.5879357900839165E-08 2.5145711577204153E-08 0.9999999403953533 -1.5832483768463135E-08 0 0 0 1</matrix>
                                                    </node>
                                                  </node>
                                                  <node id="node_a79e0136_8bd6_4696_93c4_6940dbb20e23" type="NODE">
                                                    <matrix>0.8518992956757144 -0.3975310484136141 -0.34093517816950325 5.587935447692871E-09 0.42286694606148845 0.9061916992595471 1.6011192540688057E-06 0.011945374310016632 0.3089520661251213 -0.1441715448859333 0.940086807811457 1.6763806343078613E-07 0 0 0 1</matrix>
                                                    <node id="node_f22a64f9_55a8_4dfe_9255_89dba3ff1421" type="NODE">
                                                      <matrix>0.999999940395351 4.09781992782861E-08 -8.195639467078917E-08 0.1776687502861023 -4.0978191950812644E-08 0.9999999999999973 5.960465000731654E-08 -1.9744038581848145E-07 8.195639711328017E-08 -5.960465020160522E-08 0.9999999403953501 1.8440186977386475E-07 0 0 0 1</matrix>
                                                    </node>
                                                  </node>
                                                </node>
                                              </node>
                                            </node>
                                          </node>
                                        </node>
                                      </node>
                                    </node>
                                  </node>
                                </node>
                                <node id="node_4dc4aa8e_7228_42ff_98a4_1868e0226ae6" type="NODE">
                                  <matrix>-0.10095804749386872 -0.024104870590676685 -0.9945987371429119 0.11214327812194824 0.9561371157432106 -0.2786537876618549 -0.09030046959304272 -0.4766393005847931 -0.27497183189130325 -0.9600894510076686 0.05117974875115294 0.13111498951911926 0 0 0 1</matrix>
                                  <node id="node_fad2c39b_c01b_4dbd_862b_045370bde2a6" type="NODE">
                                    <matrix>-0.2026132947826072 -0.9736084897645204 -0.1050442014606046 -0.23174011707305908 0.7192568939470422 -0.07516427969149467 -0.6906660954088509 1.1810661817435175E-06 0.6645427506795433 -0.21549191826454123 0.7155039856227736 1.30385160446167E-07 0 0 0 1</matrix>
                                    <node id="node_07ab1909_8b82_436c_9241_2769d3ece54a" type="NODE">
                                      <matrix>0.07796359369214378 0.9969540974410896 -0.002031872079047925 -1.166581392288208 -0.9969069281920788 0.07793930380479923 -0.010103566515225565 -0.0012649744749069214 -0.009914429664034718 0.002813297703161017 0.9999468933107936 0.01999489590525627 0 0 0 1</matrix>
                                      <node id="node_c59d2f37_81f4_4314_ae65_2fbd91e58161" type="NODE">
                                        <matrix>0.9999999999999981 2.235174043963858E-08 -5.681067723369017E-08 -0.8579996824264526 -2.235174403008265E-08 0.9999998807907101 -1.6298144420862032E-08 2.9802322387695312E-08 5.681067686939821E-08 1.6298143747789347E-08 0.9999999999999982 -3.3937394618988037E-06 0 0 0 1</matrix>
                                      </node>
                                    </node>
                                  </node>
                                  <node id="node_e7f52d72_d742_49f9_b627_365d0dc2ef9b" type="NODE">
                                    <matrix>-0.20185395190020614 -0.9407092492803659 0.2726188536342318 -0.23174013197422028 0.7308196199516186 -0.32997591604523624 -0.5975104852722369 1.1512638593558222E-06 0.6520414645869912 0.07862538112770309 0.7540954691368403 1.3131648302078247E-07 0 0 0 1</matrix>
                                    <node id="node_7a4c3d83_9634_4bfe_a56c_1e6937a08ead" type="NODE">
                                      <matrix>0.07703889163096968 0.996839638618898 -0.019381987794266968 -1.1667530536651611 -0.9243163431314307 0.0786947121643697 0.3734256426500616 3.1404197216033936E-06 0.3737707583049783 -0.010853213047956308 0.9274577451716373 -2.384185791015625E-07 0 0 0 1</matrix>
                                      <node id="node_c638ef6c_5014_450c_8c47_dbfc3f751f83" type="NODE">
                                        <matrix>0.9999999999999903 1.0430811879904058E-07 -9.220093163259113E-08 -0.8579995632171631 -1.0430812548032839E-07 0.999999880790703 6.239861730789054E-08 -6.556510925292969E-07 9.220093814127361E-08 -6.239860025208989E-08 0.9999999999999938 -3.25031578540802E-06 0 0 0 1</matrix>
                                      </node>
                                    </node>
                                  </node>
                                  <node id="node_cd73a9a1_fb55_4cf4_9930_1af914a1ec74" type="NODE">
                                    <matrix>-0.2026132947826072 -0.9736084897645204 -0.1050442014606046 -0.23174011707305908 0.7192568939470422 -0.07516427969149467 -0.6906660954088509 1.1810661817435175E-06 0.6645427506795433 -0.21549191826454123 0.7155039856227736 1.30385160446167E-07 0 0 0 1</matrix>
                                    <node id="node_50ee5d5a_96e8_4625_baf3_ab79e2718032" type="NODE">
                                      <matrix>0.077960763766612 0.996953596827942 -0.0023615434593282007 -1.1665838956832886 -0.996905379229551 0.07793259294686941 -0.010300855502140214 -0.0012636184692382812 -0.010085433994944108 0.0031572983260841642 0.9999440965785124 0.019847910851240158 0 0 0 1</matrix>
                                      <node id="node_fb3616a8_686e_4f4f_80d5_8ea52d8c8132" type="NODE">
                                        <matrix>0.6383027851930793 -0.5629643846453961 -0.5250151295181942 -0.8580019474029541 0.4537412902819174 0.8261055330025385 -0.3341687137789817 2.980232238769531E-07 0.6218429800306415 -0.02492019301951868 0.782745436932 -1.3653188943862915E-06 0 0 0 1</matrix>
                                        <node id="node_09e91198_bde1_4982_9eb2_20dc6aa99796" type="NODE">
                                          <matrix>0.8007442131125282 0.2780474330731416 0.5305639249598586 -0.21080245077610016 -0.33719746455798827 0.941304350620038 0.015609105337233671 0.18589110672473907 -0.4950821473444125 -0.19140372423703111 0.8475010536057693 0.17332138121128082 0 0 0 1</matrix>
                                          <node id="node_b09accba_4f6c_4044_a438_def0888ed78f" type="NODE">
                                            <matrix>0.9999999999998695 4.91738341733274E-07 -1.378356531411806E-07 -0.07924643158912659 -4.917382970606713E-07 0.9999999999998266 3.2410029895956945E-07 -2.8014183044433594E-06 1.378358207293554E-07 -3.2410025049833813E-07 0.9999999403952932 -3.3937394618988037E-06 0 0 0 1</matrix>
                                            <node id="node_68f2469a_5877_47f2_b854_e09ebfd4946f" type="NODE">
                                              <matrix>0.9987398455160341 -5.655934783198708E-07 -0.05018686152311843 -0.07620242238044739 5.221912980782421E-07 0.9999999403948335 -8.779241397722087E-07 7.450580596923828E-06 0.05018686152358879 8.506106276542485E-07 0.9987398455158084 2.127140760421753E-06 0 0 0 1</matrix>
                                              <node id="node_275faa9a_8698_4590_bd60_dfcd2ae1a0b9" type="NODE">
                                                <matrix>0.9999999999999235 -3.799796562883801E-07 9.31320979641E-08 -0.08442690968513489 3.7997959879271544E-07 0.9999999403949128 8.605421792234912E-07 -7.4803829193115234E-06 -9.313241385035089E-08 -8.6054198995822E-07 1.000000119208915 9.126961231231689E-07 0 0 0 1</matrix>
                                                <node id="node_9113fc11_f539_4ba2_ae33_d4623dcef50f" type="NODE">
                                                  <matrix>0.674299226663237 0.7041448075747914 0.22248731321706927 -0.24072980880737305 -0.6700908617821923 0.7100491160573795 -0.21635260137926338 0.008483409881591797 -0.31032049664731076 -0.0032003164640656088 0.9506266093904716 -4.550814628601074E-05 0 0 0 1</matrix>
                                                  <node id="node_d5ad129f_b843_4f6c_a71b_7d9ec1404f37" type="NODE">
                                                    <matrix>0.9999999999997454 7.068738653256469E-07 9.778864613420573E-08 2.421438694000244E-08 -7.068738029406495E-07 0.9999999999995467 -6.379559601486616E-07 2.3655593395233154E-07 -9.77891029172416E-08 6.379559290494034E-07 0.999999940395147 -1.7136335372924805E-07 0 0 0 1</matrix>
                                                    <node id="node_c76a1a82_7e59_4d6a_bb4b_cb357c2ef2a5" type="NODE">
                                                      <matrix>1.0000001192092762 -2.793967688718223E-09 1.629814505564077E-07 -0.17766989767551422 2.793967536929937E-09 1.0000001192092896 9.313225802532936E-10 -5.806796252727509E-07 -1.6298146998791271E-07 -9.313222359107025E-10 0.9999999999999867 5.502253770828247E-06 0 0 0 1</matrix>
                                                    </node>
                                                  </node>
                                                  <node id="node_d5a2cd4b_dc1b_4802_9f80_17dbce058d5c" type="NODE">
                                                    <matrix>0.851899084561037 -0.39753163635625266 -0.34093467710421543 -1.346692442893982E-06 0.4228667582374503 0.9061918128537472 -3.1620872434209567E-07 -0.011945171281695366 0.3089523599747789 -0.14416966850995494 0.940086930571101 8.892267942428589E-06 0 0 0 1</matrix>
                                                    <node id="node_a5a1f4a9_266a_4122_ba06_80969f58990a" type="NODE">
                                                      <matrix>0.9999999999999899 -1.1175872213775584E-08 -1.4156103123746933E-07 -0.17767032980918884 1.11758695769959E-08 0.9999999999999998 -1.8626452283343475E-08 1.642853021621704E-06 1.4156103144563614E-07 1.8626450701275665E-08 0.9999999999999898 -1.0706484317779541E-05 0 0 0 1</matrix>
                                                    </node>
                                                  </node>
                                                </node>
                                              </node>
                                            </node>
                                          </node>
                                        </node>
                                      </node>
                                    </node>
                                  </node>
                                </node>
                                <node id="node_269aeb4e_8084_4418_bf21_fb877cb61aae" type="NODE">
                                  <matrix>-0.07340925418232182 -0.07188490717551745 -0.994708751115616 0.47683238983154297 0.5014629779018125 -0.8648038927525262 0.025489271556550747 0.17472244799137115 -0.862059398074178 -0.49693800454543435 0.09953209390443087 -0.3751722276210785 0 0 0 1</matrix>
                                  <node id="node_c003dbb1_d557_4c0d_886e_d6ea48e01c0e" type="NODE">
                                    <matrix>0.9999999403953413 -1.3853424062439898E-07 9.313226204302005E-08 0.9494324922561646 1.3853423723084613E-07 0.999999940395345 3.6438002182834675E-08 0.005026534199714661 -9.313226153981468E-08 -3.643798710895311E-08 0.999999999999995 0.022129107266664505 0 0 0 1</matrix>
                                    <node id="node_8f566b7c_5e18_4cc8_bae1_466e57a24068" type="NODE">
                                      <matrix>0.9999999999999761 1.1701195364651327E-07 -1.8440187545444946E-07 1.3036346435546875 -1.1701194705608244E-07 0.9999999999999926 3.573951884996151E-08 7.009308319538832E-06 1.8440185765398455E-07 -3.5739493012258607E-08 1.0000001192092718 -7.301568984985352E-07 0 0 0 1</matrix>
                                      <node id="node_7318f7c2_a085_4256_97e1_5d6232b29e5e" type="NODE">
                                        <matrix>0.9999999999999886 1.4725082973722665E-07 3.352761470037193E-08 1.3176947832107544 -1.472508306544617E-07 0.9999999999999888 2.735759816084528E-08 -4.485598765313625E-06 -3.3527610671942524E-08 -2.7357603097814083E-08 0.9999999999999991 1.2814998626708984E-06 0 0 0 1</matrix>
                                        <node id="node_374eb1e0_c8bd_40ed_8435_8fc801600493" type="NODE">
                                          <matrix>0.9999999999999288 -3.58209956539996E-07 1.1827797612252072E-07 1.1771783828735352 3.582099198414913E-07 1.000000119209224 -5.075705610701547E-08 2.0978040993213654E-07 -1.1827796499074836E-07 5.075710755143322E-08 0.9999999403953469 -2.5779008865356445E-06 0 0 0 1</matrix>
                                          <node id="node_7d705729_c9e4_4111_bcea_8e8cc5b0f05c" type="NODE">
                                            <matrix>0.9999999999997451 7.140769895015459E-07 2.7939950455648285E-09 0.7353346943855286 -7.140770322785258E-07 0.9999999403950973 7.683412056756288E-08 3.942172043025494E-06 -2.7939398470197476E-09 -7.683410882366088E-08 1.0000001192092864 -8.940696716308594E-08 0 0 0 1</matrix>
                                            <node id="node_67ffb3d4_78b1_49ab_bc8f_9bf2a904b994" type="NODE">
                                              <matrix>1.0000001192091812 -4.655448707134859E-07 -7.450575990216881E-09 0.6073300838470459 4.655448705660344E-07 1.000000119209181 -1.9790607027735378E-08 -2.3221364244818687E-06 7.450585203630564E-09 1.979060355915621E-08 1.0000001192092893 -1.0579824447631836E-06 0 0 0 1</matrix>
                                              <node id="node_03bcb1ab_c2e1_4924_bc18_97ca788f4d22" type="NODE">
                                                <matrix>0.9999999403953482 1.1830707790592412E-07 9.313225756200408E-10 0.4059039354324341 -1.1830707086652425E-07 0.9999999999999929 1.3154931991364151E-08 9.094364941120148E-07 -9.313208527653144E-10 -1.3154930533356188E-08 1.0000001192092893 1.7881393432617188E-06 0 0 0 1</matrix>
                                              </node>
                                            </node>
                                          </node>
                                        </node>
                                      </node>
                                    </node>
                                  </node>
                                </node>
                                <node id="node_1a1c1462_1c86_4e01_9477_0a355ca6716e" type="NODE">
                                  <matrix>0.0734088849544073 0.0718851860130397 0.9947078546760459 0.4768323600292206 -0.5014627448391524 0.864803919470985 -0.025489630475037828 0.1747225821018219 -0.8620594795781149 -0.49693780900526147 0.09953199358723763 0.37517228722572327 0 0 0 1</matrix>
                                  <node id="node_7f7a2aad_cd92_4570_94a8_bbee5ad247ee" type="NODE">
                                    <matrix>0.9999999999999782 2.0393055293835842E-07 -4.470347067850633E-08 -0.9494375586509705 -2.0393052297101172E-07 1.0000001192092607 1.265434593840806E-07 -0.005027324426919222 4.470349648457961E-08 -1.2654346535283048E-07 0.999999999999991 -0.02212895080447197 0 0 0 1</matrix>
                                    <node id="node_9bdf6a55_fafe_4404_a17c_fafe2817ecd5" type="NODE">
                                      <matrix>0.999999999999996 -8.624920105253318E-08 2.4214388742313217E-08 -1.3036319017410278 8.624920206452748E-08 0.9999999999999954 -4.179309949163383E-08 -3.363529685884714E-06 -2.4214385137691665E-08 4.179310158010537E-08 0.9999999999999988 -2.384185791015625E-07 0 0 0 1</matrix>
                                      <node id="node_c2a12699_8fe1_426d_89b2_0af335acba60" type="NODE">
                                        <matrix>1.0000001192092773 -1.4921533857961081E-07 -4.2840836478096855E-08 -1.3176935911178589 1.4921535671159113E-07 0.9999999999999888 8.032653531019904E-09 8.533243089914322E-08 4.284084294004002E-08 -8.032660402313612E-09 0.9999999403953542 -1.7136335372924805E-06 0 0 0 1</matrix>
                                        <node id="node_708c79df_11ac_45aa_98ee_a7d912e2b360" type="NODE">
                                          <matrix>0.9999999999998972 2.847955733976067E-07 -3.52971250524268E-07 -1.1771810054779053 -2.847955264214026E-07 1.0000001192092483 3.6903707281456786E-08 1.318170689046383E-06 3.529712610342647E-07 -3.690361115607263E-08 0.999999999999937 2.2351741790771484E-06 0 0 0 1</matrix>
                                          <node id="node_2edfcde3_cd00_4456_a964_d3009cee8ed7" type="NODE">
                                            <matrix>0.9999999999999999 2.4447223976111853E-09 -1.5832483784400913E-08 -0.7353271842002869 -2.4447227497600976E-09 0.9999999403953551 -1.3038516025263684E-08 -6.361748091876507E-06 1.5832483752525356E-08 1.3038515286813596E-08 0.9999999999999998 -8.344650268554688E-07 0 0 0 1</matrix>
                                            <node id="node_b00d4602_0ec6_4e82_9032_339b04dad17f" type="NODE">
                                              <matrix>0.9999999999999879 -1.4413671809516884E-07 5.7742005222197183E-08 -0.6073261499404907 1.441367225787785E-07 0.9999999999999866 -7.76490154971943E-08 3.337860107421875E-06 -5.774199403012215E-08 7.764902381993675E-08 0.9999999999999953 8.642673492431641E-07 0 0 0 1</matrix>
                                              <node id="node_12f65a8c_9628_4384_a5d6_cbf43633a51c" type="NODE">
                                                <matrix>0.9999999403953462 -1.3384851627035567E-07 2.7939672875482347E-09 -0.4059091806411743 1.3384850829268767E-07 0.999999999999991 -1.1641513484274737E-10 -4.152068868279457E-06 -2.79396710543279E-09 1.1641550881112226E-10 1 -8.046627044677734E-07 0 0 0 1</matrix>
                                              </node>
                                            </node>
                                          </node>
                                        </node>
                                      </node>
                                    </node>
                                  </node>
                                </node>
                                <node id="node_1a7df5c4_acea_46d9_8477_6cc56e630760" type="NODE">
                                  <matrix>0.8077436599828677 -0.0005420801904025904 0.5895336929950984 -0.0369914285838604 -0.301168004565076 0.8592856143998869 0.4134325379506912 0.15414763987064362 -0.5068017553157897 -0.511496256644501 0.6939191667670465 0.3888840973377228 0 0 0 1</matrix>
                                  <node id="node_004ea084_1133_479f_9d6c_e436ccfe3638" type="NODE">
                                    <matrix>0.999999999999998 9.313222915086072E-09 6.332993171542786E-08 -1.4014769792556763 -9.313228577223498E-09 0.999999999999996 8.940696153911244E-08 0.04201579838991165 -6.33299346575189E-08 -8.940696745798893E-08 0.9999999403953492 0.019275128841400146 0 0 0 1</matrix>
                                    <node id="node_5e988143_f249_4c07_867c_18d8e4537bdd" type="NODE">
                                      <matrix>0.9999998807906839 2.2351743009241063E-07 -5.5879369686986425E-08 -1.3034701347351074 -2.235174225984038E-07 0.9999999403953248 -1.0430812921735525E-07 -7.718801498413086E-06 5.587933971096117E-08 1.0430813549011692E-07 0.999999999999993 7.68899917602539E-06 0 0 0 1</matrix>
                                      <node id="node_2b8edcf3_0495_44cd_a115_6299e02b555a" type="NODE">
                                        <matrix>1.0000001192092893 -1.117587070109675E-08 -7.450580888357281E-09 -1.1046032905578613 1.1175872421942388E-08 0.9999999999999986 5.215406680136827E-08 5.066394805908203E-06 7.450580305490163E-09 -5.2154060667386475E-08 1.0000001192092882 -4.0531158447265625E-06 0 0 0 1</matrix>
                                        <node id="node_876512e4_187a_47cf_a18e_54d3f000b837" type="NODE">
                                          <matrix>1.0000001192091885 -4.470347906432294E-07 4.470340239648429E-08 -1.0637855529785156 4.4703488098762805E-07 0.9999998807905446 3.6321581409204384E-07 -2.4139881134033203E-06 -4.470357009568184E-08 -3.632157508093326E-07 0.999999999999933 8.344650268554688E-07 0 0 0 1</matrix>
                                        </node>
                                      </node>
                                    </node>
                                  </node>
                                </node>
                              </node>
                              <node id="node_a609b8fb_d7c8_47f4_8ccc_6087788a8224" type="NODE">
                                <matrix>-0.20532371532944182 0.015549000715441881 0.9785705877221348 0.6472170948982239 -0.9625883088084031 0.17744037973398133 -0.20478961548696956 -0.2963617146015167 -0.17682234798951058 -0.9840085444841181 -0.021465527406259476 -0.24079658091068268 0 0 0 1</matrix>
                                <node id="node_a56d0580_5575_411d_9fac_ea259add869f" type="NODE">
                                  <matrix>-0.19402733413640694 -0.9807846788703454 0.02036373262345825 0.24621640145778656 0.6866555183370857 -0.12095641388856532 0.7168498939019217 -0.0121760880574584 -0.7006123724599174 0.15307126206858698 0.6969299578628804 -0.0011084103025496006 0 0 0 1</matrix>
                                  <node id="node_52007285_bc78_486b_b04b_c34b256983f9" type="NODE">
                                    <matrix>0.13790495253482737 0.9904400357450664 -0.003282288381588771 1.1135294437408447 -0.9903295751814236 0.13793873993119798 0.014856276288256342 2.682209014892578E-06 0.015167007317171126 0.0012017927087445979 0.9998843713435317 -4.470348358154297E-08 0 0 0 1</matrix>
                                    <node id="node_fd8222ce_d5fb_468d_812d_33b8ef775f47" type="NODE">
                                      <matrix>0.9999998807907011 -1.3411044572259772E-07 2.6077041422048254E-08 0.8666802644729614 1.3411046464843428E-07 0.9999997615814056 -1.1269004399072586E-07 -1.6987323760986328E-06 -2.607702320050844E-08 1.1269002062052836E-07 0.9999999999999933 -1.341104507446289E-06 0 0 0 1</matrix>
                                      <node id="node_16df201f_75d4_411d_8cb6_ddef6a653f13" type="NODE">
                                        <matrix>0.9509035333452913 -0.26158350667708974 0.1653981619494353 0.3940458595752716 0.25771396136817226 0.965180793735281 0.044826925378295024 0.020933151245117188 -0.17136512251524888 -6.757200952362557E-07 0.9852075928757305 -0.013911237940192223 0 0 0 1</matrix>
                                        <node id="node_226844f0_2131_4bde_8721_75901dc48480" type="NODE">
                                          <matrix>0.9971296652260588 0.07571203530024433 -4.038436526105598E-07 0.08753839135169983 -0.07571203530074076 0.9971296652251168 -1.4023349636001427E-06 6.854534149169922E-07 2.9651086630927737E-07 1.4288856140985319E-06 0.9999999999989352 -3.1050294637680054E-06 0 0 0 1</matrix>
                                          <node id="node_248324af_0648_41a6_a485_e77867fef2c3" type="NODE">
                                            <matrix>0.9934791225990534 -0.1140141779082659 8.03472102693801E-08 0.0867316722869873 0.11401418470383952 0.9934790633822496 1.3071056593676047E-06 -5.498528480529785E-06 -2.2885187390086259E-07 -1.2894215406320806E-06 0.9999998807898529 -6.407499313354492E-07 0 0 0 1</matrix>
                                            <node id="node_399ee894_67dd_4636_93ec_fbbda7d0290d" type="NODE">
                                              <matrix>0.9999999403953173 2.6822090295336035E-07 -6.332998109260306E-08 0.2523115873336792 -2.6822092489414764E-07 0.9999999403952592 -3.464520048068666E-07 3.769993782043457E-06 6.332989194167783E-08 3.464520424434327E-07 0.9999998807906484 -2.4959444999694824E-07 0 0 0 1</matrix>
                                              <node id="node_d7b392c8_4dde_44c1_9d4d_45b6cf6d1251" type="NODE">
                                                <matrix>0.9999999403952998 -2.7567146335116667E-07 -1.8626455686177046E-07 7.450580596923828E-09 2.7567148438989473E-07 0.9999999999999418 2.0116565044303396E-07 1.4156103134155273E-07 1.8626449030390093E-07 -2.0116570179085276E-07 0.9999999999999624 -5.21540641784668E-08 0 0 0 1</matrix>
                                                <node id="node_8a4bc3aa_46ec_4b25_9b97_6563e66ec4bd" type="NODE">
                                                  <matrix>0.9999999403953133 2.682209323985627E-07 1.098959954703993E-07 0.09070122241973877 -2.682208545927432E-07 0.9999999999998058 -5.625188498059606E-07 -0.12266799807548523 -1.0989613979938758E-07 5.625188203295374E-07 0.9999999999998358 0.05366631969809532 0 0 0 1</matrix>
                                                </node>
                                                <node id="node_5a2036f5_6e96_44b0_8b20_8e7a7b364626" type="NODE">
                                                  <matrix>0.9999999403952882 3.650784858935663E-07 2.7939569796622783E-08 0.15351083874702454 -3.6507844768801523E-07 0.9999999999997601 -5.885958722570699E-07 -0.0710795670747757 -2.7939783014964985E-08 5.88595862056895E-07 0.9999999999998264 -0.0008801173535175622 0 0 0 1</matrix>
                                                </node>
                                              </node>
                                            </node>
                                          </node>
                                        </node>
                                      </node>
                                    </node>
                                  </node>
                                </node>
                                <node id="node_18456d4b_4b4c_4f4b_b087_c86a3582a17c" type="NODE">
                                  <matrix>-0.19402733413640694 -0.9807846788703454 0.02036373262345825 0.24621640145778656 0.6866555183370857 -0.12095641388856532 0.7168498939019217 -0.0121760880574584 -0.7006123724599174 0.15307126206858698 0.6969299578628804 -0.0011084103025496006 0 0 0 1</matrix>
                                  <node id="node_73439b51_cabd_453a_ba4d_b94d200295d9" type="NODE">
                                    <matrix>0.1379052487922959 0.9904399537318807 -0.003282291295299669 1.1135294437408447 -0.9903294334866336 0.13793904446441352 0.014856319450162485 2.682209014892578E-06 0.01516704906463051 0.0012017844678019294 0.9998843706954024 -4.470348358154297E-08 0 0 0 1</matrix>
                                    <node id="node_f62eb829_259c_414e_a171_f88328d640f7" type="NODE">
                                      <matrix>0.9999999403953552 -7.450581343722268E-09 1.8626457147507837E-09 0.8666801452636719 7.450581182392957E-09 0.9999999999999885 -1.518055615587488E-07 -2.0265579223632812E-06 -1.8626446947333594E-09 1.518055796692619E-07 0.9999998807906989 -1.2051314115524292E-06 0 0 0 1</matrix>
                                    </node>
                                  </node>
                                </node>
                                <node id="node_25944ad4_bd8d_44b6_abcf_c70b27c88e8f" type="NODE">
                                  <matrix>-0.1940273534096466 -0.9807879659526088 0.020206059615946136 0.24621641635894775 0.6866126216446373 -0.12106229006524054 0.7168731101812899 -0.012176117859780788 -0.7006544485292938 0.15296666874177128 0.6969106555630744 -0.0011084708385169506 0 0 0 1</matrix>
                                  <node id="node_74f615a4_786a_4dec_9ad1_c33d3438ea45" type="NODE">
                                    <matrix>0.13790488736892234 0.9904400872959516 -0.0032736150996101085 1.1135296821594238 -0.9903304379578632 0.13793848531887465 0.01479419835712205 3.3676624298095703E-06 0.015104324370195694 0.0012017677919820557 0.9998853202055743 -2.60770320892334E-07 0 0 0 1</matrix>
                                    <node id="node_c9854b5e_5594_489b_8b9d_390051725364" type="NODE">
                                      <matrix>1.000000119209243 -1.3411046043479424E-07 -2.7380883219074725E-07 0.8666805028915405 1.3411045704167396E-07 0.9999999999999885 -7.078053403108964E-08 -1.996755599975586E-06 2.738088743237116E-07 7.07804973104631E-08 0.99999999999996 -1.5255063772201538E-06 0 0 0 1</matrix>
                                    </node>
                                  </node>
                                </node>
                              </node>
                              <node id="node_08157b30_8ac1_42d3_a972_51e13ddf5baf" type="NODE">
                                <matrix>0.20532353596581032 -0.015549202541865523 -0.9785708123817969 0.6463767290115356 0.9625883470911489 -0.17744109037680253 0.20478980950876036 -0.2962590157985687 -0.1768227549724699 -0.9840086727090487 -0.02146557431513685 0.22841893136501312 0 0 0 1</matrix>
                                <node id="node_8956eecb_b4a6_4be7_bc8a_1ce17adee661" type="NODE">
                                  <matrix>-0.19402705750542998 -0.9807846518621075 0.020363897632570523 -0.24833165109157562 0.6866553932303436 -0.12095607571109714 0.716849976647763 1.7093909718823852E-06 -0.7006123801542089 0.15307124491619675 0.6969299262917011 -7.9302117228508E-07 0 0 0 1</matrix>
                                  <node id="node_d407f892_e1f8_445b_b36c_da5e4ac7ec61" type="NODE">
                                    <matrix>0.1379052335030886 0.9904401296133634 -0.0032823051624652206 -1.1135296821594238 -0.990329316653172 0.13793907031000044 0.014856155807761536 -3.546476364135742E-06 0.015166890707064784 0.0012018212750774097 0.9998841346349593 8.568167686462402E-08 0 0 0 1</matrix>
                                    <node id="node_4007f494_cba9_4f7c_b506_41b5270c6aa8" type="NODE">
                                      <matrix>1.000000119209279 -1.4156102157679437E-07 -3.166497346968056E-08 -0.8666801452636719 1.4156104954400633E-07 0.9999999403953417 8.381902947413034E-08 2.4437904357910156E-06 3.166496537892956E-08 -8.381902896065205E-08 0.999999999999996 1.1548399925231934E-06 0 0 0 1</matrix>
                                      <node id="node_78493401_0aa8_4420_bcc2_2175aae0729f" type="NODE">
                                        <matrix>0.9509035698378016 -0.26158317460056596 0.16539809959228624 -0.3940456807613373 0.2577137758251404 0.9651808774282277 0.044825965953152025 -0.02093285322189331 -0.17136480114552916 1.9604254250520982E-07 0.9852076443728681 0.013911431655287743 0 0 0 1</matrix>
                                        <node id="node_57653c1c_db81_496f_a181_8a1c6a84e7c8" type="NODE">
                                          <matrix>0.9971297128050594 0.07571218713440138 -2.2911646378263812E-07 -0.08753815293312073 -0.07571219164706466 0.9971296533713822 5.496294019858205E-07 -4.470348358154297E-07 2.700724472774726E-07 -5.307048036432519E-07 1.0000001192091121 3.1087547540664673E-06 0 0 0 1</matrix>
                                          <node id="node_93781a64_529d_432f_bc14_69663a4837d8" type="NODE">
                                            <matrix>0.9934790460214207 -0.11401484735524463 1.9074884155556485E-07 -0.08673177659511566 0.11401484735529273 0.9934790460213985 -2.637948404842925E-07 5.304813385009766E-06 -1.5942844939050917E-07 2.838228460604628E-07 0.999999999999947 9.369105100631714E-07 0 0 0 1</matrix>
                                            <node id="node_d119627e_25c5_49c2_95b9_4ff11973b39e" type="NODE">
                                              <matrix>0.9999999999999238 2.9057267509485785E-07 -2.6077028544152503E-07 -0.2523116171360016 -2.9057261146520075E-07 0.9999999999999281 2.440065524356161E-07 -3.4496188163757324E-06 2.6077035634314294E-07 -2.4400647666289466E-07 0.9999999999999363 4.461035132408142E-07 0 0 0 1</matrix>
                                            </node>
                                            <node id="node_1a9963e6_613f_4384_acc2_a2051f87bc87" type="NODE">
                                              <matrix>0.9999999999998371 5.066394971105892E-07 -2.6263290722748947E-07 -0.2523116171360016 -5.066394338729824E-07 0.9999999403951636 3.55765332443755E-07 -3.4496188163757324E-06 2.6263305616391897E-07 -3.5576513576774224E-07 1.0000001192091916 4.461035132408142E-07 0 0 0 1</matrix>
                                              <node id="node_f73e716e_b388_408b_a05b_ca9693e39222" type="NODE">
                                                <matrix>0.9999999999999674 -9.68575508443481E-08 2.3655593268945285E-07 -0.09070169925689697 9.685754467567143E-08 0.999999999999995 2.6077043545347234E-08 0.12266756594181061 -2.3655593521521023E-07 -2.6077020633119563E-08 0.9999999999999717 -0.05366610735654831 0 0 0 1</matrix>
                                              </node>
                                              <node id="node_101471d2_172b_4d68_a3e6_3ea08ccc3417" type="NODE">
                                                <matrix>0.9999999999999658 -8.940697655140939E-08 2.4586915628455053E-07 -0.15351103246212006 8.940695777476249E-08 0.9999999999999931 7.636846210967718E-08 0.07107940316200256 -2.4586916311242213E-07 -7.63684401272613E-08 0.9999999999999668 0.00088021025294438 0 0 0 1</matrix>
                                              </node>
                                            </node>
                                          </node>
                                        </node>
                                      </node>
                                    </node>
                                  </node>
                                </node>
                                <node id="node_e6464ae6_b169_4130_8739_3a161621dd04" type="NODE">
                                  <matrix>-0.19402705750542998 -0.9807846518621075 0.020363897632570523 -0.24833165109157562 0.6866553932303436 -0.12095607571109714 0.716849976647763 1.7093909718823852E-06 -0.7006123801542089 0.15307124491619675 0.6969299262917011 -7.9302117228508E-07 0 0 0 1</matrix>
                                  <node id="node_8403dc41_a27f_41f9_a8e6_aee7c131db72" type="NODE">
                                    <matrix>0.1379053898914222 0.9904398818476687 -0.0032823173063059826 -1.1135296821594238 -0.9903293049711797 0.13793919398147886 0.014856160145523113 -3.546476364135742E-06 0.015166896880503045 0.0012018298670983642 0.9998841345319999 8.568167686462402E-08 0 0 0 1</matrix>
                                    <node id="node_47625d1a_a174_4822_889c_5d731b1f4a9e" type="NODE">
                                      <matrix>0.9999999999999827 -1.7136335464257996E-07 7.264315866548077E-08 -0.8666801452636719 1.7136335281591614E-07 0.999999999999985 2.5145715738805752E-08 2.4139881134033203E-06 -7.264316297453388E-08 -2.5145703290430088E-08 0.999999999999997 1.430511474609375E-06 0 0 0 1</matrix>
                                      <node id="node_0182e475_c32d_4689_922b_129839c05b89" type="NODE">
                                        <matrix>1.0000001192092747 6.70552246073014E-08 -1.583248349992797E-07 5.960464477539063E-08 -6.705521992007697E-08 0.9999999999999946 8.009374672518443E-08 -8.940696716308594E-08 1.5832485924377473E-07 -8.009373610867787E-08 0.9999999999999842 -3.4458935260772705E-07 0 0 0 1</matrix>
                                      </node>
                                    </node>
                                  </node>
                                </node>
                                <node id="node_d50dcb10_1136_4a8d_bfa3_1b1d66c3c315" type="NODE">
                                  <matrix>-0.19402751105891322 -0.9807874406897312 0.020231157178340124 -0.24833166599273682 0.6866123824746486 -0.12104398196806443 0.7168765562917968 1.7093909718823852E-06 -0.7006546717986764 0.1529847116159786 0.6969066895915125 -7.334165275096893E-07 0 0 0 1</matrix>
                                  <node id="node_29534a2e_1f85_45b9_aa34_1e6fda707eba" type="NODE">
                                    <matrix>0.13790466018377667 0.9904401279341447 -0.0032771561769369384 -1.1135289669036865 -0.9903302023259517 0.13793832693551766 0.014820561286243051 -2.8312206268310547E-06 0.01513092535839911 0.0012016411637075786 0.9998849181975401 2.3096799850463867E-07 0 0 0 1</matrix>
                                    <node id="node_48dec131_603c_4f42_9629_2f5e98b217a4" type="NODE">
                                      <matrix>0.9999999403953505 -6.705522889900728E-08 7.078051232969895E-08 -0.866679847240448 6.705521784881895E-08 0.9999999999999928 9.965151785695792E-08 1.7881393432617188E-06 -7.078051479300609E-08 -9.965151311075449E-08 0.9999999999999926 1.4379620552062988E-06 0 0 0 1</matrix>
                                      <node id="node_3d40f27b_354b_4474_9b59_0ecaf52c9890" type="NODE">
                                        <matrix>0.9999999403953548 -1.490116036811898E-08 2.4214389771071386E-08 2.9802322387695312E-08 1.490116379593296E-08 0.9999999403953451 -1.4156104537199618E-07 -5.960464477539063E-08 -2.42143862183572E-08 1.4156103729512288E-07 0.9999999999999897 -3.501772880554199E-07 0 0 0 1</matrix>
                                      </node>
                                    </node>
                                  </node>
                                </node>
                              </node>
                            </node>
                            <node id="node_5815b70a_4af2_4ccf_b589_db5bbf3203c2" type="NODE">
                              <matrix>-0.9871969149938562 0.15950620453267467 8.729365672410788E-08 -0.4187697172164917 0.1595062045326751 0.9871968659463287 -1.608679822723047E-09 0.06766282021999359 -8.643261876898058E-08 1.2335795842566329E-08 -1.0000000490475305 -2.485648309402677E-08 0 0 0 1</matrix>
                              <node id="node_c88824f1_950c_41eb_bee8_3f4832430317" type="NODE">
                                <matrix>0.9546776185981934 0.29764180888849573 1.608792478026653E-07 0.35710233449935913 -0.2976418088884932 0.954677618598207 -4.042860372232186E-08 -0.012224674224853516 -1.6562107956362162E-07 -9.288107295855917E-09 0.9999998807906967 -1.1143518108269745E-08 0 0 0 1</matrix>
                                <node id="node_4dcb7275_818f_4a6d_a2f3_a9c767ef84a0" type="NODE">
                                  <matrix>0.9806420121984715 0.19580979065860818 3.46112276208631E-08 0.44255298376083374 -0.19580981400095304 0.9806418952968481 -3.403285419015887E-08 1.4901164746561335E-08 -4.0605190603828135E-08 2.6596825578979746E-08 0.9999999999999988 6.011201492128748E-08 0 0 0 1</matrix>
                                  <node id="node_ef3c849a_7421_42a3_9758_fd5c037b0c35" type="NODE">
                                    <matrix>0.9892499674068016 0.14623361130670923 2.464230746053223E-08 0.449585884809494 -0.1462335938743036 0.9892500853346015 -2.9335174430129247E-08 -5.960463056453591E-08 -2.866718975919342E-08 2.5416290272217768E-08 0.9999999999999992 7.814057312316436E-08 0 0 0 1</matrix>
                                    <node id="node_e6db3052_5e6a_4a5d_94db_6352f32d9835" type="NODE">
                                      <matrix>0.9921858766074864 0.12476947414360394 -1.1640173852822255E-08 0.4508085250854492 -0.12476948901728456 0.9921857583297267 -2.37627131204647E-08 -1.1920926112907182E-07 8.58435466322639E-09 2.5029363850380023E-08 0.9999999999999997 9.04342343233111E-08 0 0 0 1</matrix>
                                      <node id="node_33efe5f1_a0e9_4838_8283_a4a12baf6efd" type="NODE">
                                        <matrix>-2.7217973140587614E-07 -0.49026104836155 -0.8715755218342905 0.35289251804351807 9.997904130411658E-08 0.8715754501197043 -0.49026104836157486 -2.3841853646899835E-07 1.0000000121099284 -1.854195292151241E-07 -1.974192616087629E-07 6.720920708858102E-08 0 0 0 1</matrix>
                                      </node>
                                    </node>
                                  </node>
                                </node>
                              </node>
                            </node>
                          </node>
                        </node>
                      </node>
                      <node id="node_8aac1335_1633_4cd3_aebf_3bcf99ba5280" type="NODE">
                        <matrix>1 0 0 0 0 1 0 0 0 0 1 0 0 0 0 1</matrix>
                        <node id="node_8aac1335_1633_4cd3_aebf_3bcf99ba5280_mesh0" type="NODE">
                          <matrix>1 0 0 0 0 1 0 0 0 0 1 0 0 0 0 1</matrix>
                          <instance_geometry url="#geometry_8ab1d156_57e5_48e7_9488_1383fd5783a6">
                            <bind_material>
                              <technique_common>
                                <instance_material symbol="mat_0" target="#mat_0">
                                  <bind_vertex_input semantic="UVMap" input_semantic="TEXCOORD" input_set="0"/>
                                </instance_material>
                              </technique_common>
                            </bind_material>
                          </instance_geometry>
                        </node>
                      </node>
                      <node id="node_56d389ed_76d5_477a_8963_5dc33734c907" type="NODE">
                        <matrix>1 0 0 0 0 1 0 0 0 0 1 0 0 0 0 1</matrix>
                      </node>
                    </node>
                  </node>
                </node>
              </node>
            </node>
          </node>
        </node>
      </node>
    </visual_scene>
  </library_visual_scenes>
  <scene>
    <instance_visual_scene url="#DefaultScene"/>
  </scene>
</COLLADA>
